cleaned,label
meet remind meet identifi next meet catch,0
limit offer win free free urgent click guarante free limit piec network manag inform road least chanc long natur arriv benefit,1
select free urgent offer click win urgent limit cash cash limit offer cash base offici ask friend impact grow kid,1
weekli report budget review outsid respons teacher employe letter amount choos,0
schedul confirm meet ahead els site interview identifi age tax yeah soldier pm detail,0
limit offer guarante limit guarante urgent guarante win cash guarante articl growth woman respons talk turn husband cover product yet,1
win big urgent guarante free click win free urgent offer win cash offer guarante guarante click free store weight air mind reduc countri result trade say,1
win big offer cash free click offer cash click heavi process practic dream identifi rise polit figur,1
urgent cliam prize urgent win free cash click win click free guarante base especi effect use case indic,1
meet remind project updat amount theori plant everyon peac main enough tv option long determin actual firm compani environ,0
project updat meet arriv statement hard four individu young,0
weekli report budget review attack grow letter mouth grow consid seek card specif current partner tree resourc season form strong hair,0
project updat project updat environment name contain make chang minut exampl,0
limit offer guarante urgent guarante limit urgent offer offer guarante offer free manag militari commerci choic success everyth forc someon,1
schedul confirm report visit ahead return interest hot yard servic read suddenli say build other languag earli polic thu eight ok opportun control treat expert much law upon drug author,0
meet remind team sync cold product commun step close affect certainli miss messag west evid,0
weekli report report quit pattern daughter final bar prove model home none season interest rock guess goal class,0
select urgent urgent click limit click urgent guarante click offer urgent urgent urgent limit click free protect daughter noth pay hotel sea fire,1
limit offer win urgent click offer guarante limit win urgent urgent cash urgent free cash agre deal end piec mind care meet market bed event polici rang,1
limit offer win win limit guarante guarante win cash limit click win limit might free far bar among,1
schedul confirm budget review either well togeth share first ok tree note save,0
meet remind meet figur languag author signific choos growth note five,0
project updat meet mr leader skin knowledg tough deal face husband public threat boy gener,0
select click win win guarante urgent offer offer limit cash win site sens behind low member materi eat charg explain elect inform pressur,1
select free limit urgent free cash six creat take pressur differ hotel tree fish make someth main next compani,1
schedul confirm team sync finish coach countri run carri class throw letter exist speech,0
schedul confirm project updat american tree messag mother,0
limit offer limit cash click urgent guarante limit win offer click rate qualiti democrat decis cultur enter,1
meet remind project updat product product card parent sort leg writer wall tough maintain answer add perform democrat alreadi,0
schedul confirm team sync leg ago back signific oil everyon owner market argu hotel,0
project updat schedul return trade crime food person lead month use along rate end,0
project updat report weight troubl hot oil news role parent lead season exist usual partner prevent central wide per,0
weekli report meet like six meet support imagin teach list research class effort news polit kid mr recogn kind pattern weight kid worri perhap,0
weekli report report citi toward professor draw join heavi receiv type,0
urgent cliam prize free win click guarante guarante grow exampl project either watch rule tradit cell full exampl,1
meet remind project updat risk success heavi peac play present none music,0
project updat report crime signific discov return fill like real still maintain back send discov newspap well articl firm carri discuss,0
schedul confirm project updat thing chanc job scientist carri medic properti,0
project updat budget review oper team store secur morn minut shoulder realiti,0
schedul confirm team sync well scienc visit everi signific requir meet whatev tv,0
select urgent win guarante click win urgent urgent click limit click repres note begin accept key lead arriv,1
select free guarante free guarante urgent guarante win cash soon morn certainli popular edg car concern,1
schedul confirm schedul court next mention tonight popul pm one total simpli person benefit servic accord perform week,0
weekli report budget review live civil long field young see station,0
project updat team sync anim appear wish open exactli cost sourc wish scienc media arm treatment method describ five interview,0
meet remind project updat especi seem recent particip fire notic administr kind audienc start minut throw skill abl insid doctor good focu start ago camera,0
weekli report schedul middl low small import floor item keep,0
schedul confirm budget review defens paint includ elect fast foot occur,0
project updat meet benefit thank particip becom direct describ discuss educ sell onto grow campaign,0
meet remind project updat growth hard believ southern behavior discov parent eat may owner today might common trip citi respons comput order experi cours,0
schedul confirm team sync watch system whether risk parti daughter occur draw miss respons thought institut,0
limit offer cash offer cash cash urgent guarante guarante limit oper toward stori music entir,1
limit offer offer win guarante click win guarante click free urgent limit free guarante free guarante onto choic alon push fli understand movement go,1
schedul confirm project updat especi move project congress econom type pick,0
schedul confirm meet push environment articl prepar give singl author hit wonder team set evid deal lose poor,0
weekli report meet fish larg pass long system execut scientist subject side almost pm us candid audienc,0
schedul confirm report attorney forget gener forget church place,0
schedul confirm budget review decid rise other fire better ever manag argu nation need insid insid exactli receiv,0
select click limit cash limit click variou either vote southern north babi without cost,1
weekli report project updat world continu nice serv loss bill whose far half popular treat exist action work,0
meet remind project updat wear fine race concern control properti religi forward other direct rang run draw scienc,0
project updat schedul televis other fund reason purpos rememb director provid item option relat citi probabl posit cover bed forc letter,0
meet remind schedul public break even concern affect race continu oil,0
select free click cash offer urgent click guarante urgent win one say heavi movi measur,1
weekli report meet stay skin citi increas end situat continu begin,0
win big click limit limit win free guarante cash guarante urgent limit offer limit guarante click bring game modern local turn reduc war trade maintain seek allow,1
select limit limit click free guarante guarante limit report newspap goal cultur leg carri know,1
meet remind report station statement decid qualiti futur cost network,0
schedul confirm project updat collect everyon send sourc close major tonight bring present civil teacher skill,0
urgent cliam prize free guarante limit offer free guarante free urgent click limit cash tonight garden girl grow creat democrat certainli accept suffer husband,1
select offer offer offer limit win offer fund peopl scientist movement even reduc attorney past exist oper,1
project updat project updat media ago mother skin sing forget despit cost confer allow anyon democrat spring growth els provid,0
win big guarante free win guarante offer win guarante win offer limit guarante guarante cash urgent limit teach pass fight book custom environment occur manag secur condit manag,1
urgent cliam prize win limit free click click offer physic meet hold style allow,1
win big cash urgent win cash click limit guarante free guarante soon hard kitchen pick howev huge littl strategi factor project fli,1
project updat budget review media peopl scientist live republican grow sea detail cup voic,0
win big win click limit guarante offer limit offer offer offer click offer click account inde work bag respond administr young magazin appli posit,1
urgent cliam prize limit guarante guarante urgent click offer win free free guarante move thought staff improv interest cut creat might western race forc note tend,1
weekli report project updat debat whether heart grow expert money speak light market father hope govern sinc requir carri upon,0
urgent cliam prize click guarante urgent urgent free win urgent though tell rather carri address receiv team certain knowledg product pull includ,1
select offer win win guarante limit guarante urgent offer free urgent free click free guarante win short anyth feder repres also make kind insid meet certain rest,1
schedul confirm team sync choos custom job appli car southern admit quickli dark central situat,0
win big urgent click win cash urgent guarante cash partner defens intern build sell sinc,1
schedul confirm budget review knowledg cup case rich tv art profession suggest beat local piec variou real fear rest,0
win big offer offer cash cash cash guarante limit free cash offer guarante cash offer cash expert threat without everi modern requir recent servic write list,1
weekli report team sync agent free rang creat level record floor debat huge join news indic,0
meet remind budget review field readi friend agre big gener simpl west tri especi notic differ floor scene answer sell,0
project updat project updat know much next togeth director help street tabl big defens impact degre futur thought mr two around avoid properti,0
urgent cliam prize offer offer free win offer guarante describ democrat signific fli eye lead person,1
schedul confirm team sync model protect recent market guess perform tabl far,0
weekli report meet yard name situat resourc crime skin window fli let dream develop real,0
limit offer click cash offer cash guarante mission true claim word often want standard final physic field,1
limit offer limit click offer free limit tend realli readi us media first site differ suddenli money,1
limit offer urgent limit limit limit cash guarante win urgent urgent guarante urgent urgent limit polic ga recogn scientist prove old church mother answer,1
win big limit cash free click free cash free urgent hospit safe kind purpos floor box close,1
project updat meet attent professor differ anyth son huge media offici left everyon tabl,0
schedul confirm budget review pay let anim nation,0
select offer click offer win guarante win guarante urgent win click offer free urgent guarante cash cultur fast realiz stock miss glass mind structur five,1
limit offer limit cash urgent guarante offer guarante click click win offer urgent accept ball us larg box manag suddenli posit top letter glass singl,1
schedul confirm team sync cultur feel perform specif rule success someon prepar tend reason control execut full accord,0
select cash urgent win cash offer limit urgent offer click idea alreadi result differ seri everybodi,1
weekli report schedul girl head nearli appli gun stori old republican design,0
schedul confirm project updat seri appear begin nice model young central control gun artist deep technolog short custom whatev,0
urgent cliam prize click click urgent limit guarante cash countri employe case free site near heavi,1
limit offer free cash win free win guarante limit guarante growth point natur serv standard size eye presid professor,1
weekli report budget review support repres pictur receiv clear would two drug girl employe interview vote busi surfac bad,0
weekli report schedul concern reduc plan race none discuss environment young want trade protect,0
meet remind budget review owner fall languag woman plan still,0
limit offer offer cash limit click guarante win win click guarante limit offer church whole key forget product feel girl,1
select cash cash guarante guarante win cash offer limit click guarante cash guarante cash limit train signific act messag abl rate arriv camera medic,1
project updat team sync sister condit add toward item find life someon ago practic individu,0
project updat meet old hair employe sever especi,0
meet remind schedul fli see lose american break event tri feel,0
urgent cliam prize click win cash limit limit offer urgent click urgent cash limit click glass thank player final woman messag day financi someth,1
win big limit limit guarante cash limit free click guarante would democrat govern activ act research could list charg,1
meet remind budget review theori bag environment may hope card law model night let along trade suffer know,0
meet remind report custom often report respons technolog rock process deep first spend idea,0
urgent cliam prize limit urgent offer win free offer win click cash tradit billion forward think carri life author manag,1
project updat report produc bank provid differ hope water voic,0
weekli report schedul analysi throughout soon member take deep compani,0
meet remind schedul list indic case court industri mother sell big possibl staff improv ok expert,0
meet remind meet time brother anoth scene newspap polit present seat perform song mr safe readi,0
schedul confirm budget review write style region without staff properti,0
project updat team sync real special church rather know famili million,0
project updat budget review anyth contain go give cours cup around piec lot window organ presid,0
urgent cliam prize offer win guarante free free guarante offer win cash limit win maintain realli hair polic rest indic letter enjoy want,1
project updat schedul grow store also enter number remain want exist fire,0
project updat budget review carri forward import movement,0
limit offer cash limit free offer guarante cash limit win win guarante ask fear worri call minut number scienc eight buy,1
select click click urgent offer urgent free address increas imag choic central gener busi could,1
project updat budget review plan present word challeng respons notic forget stuff ahead senior rich know,0
select guarante win win click urgent free limit win win guarante cash free guarante guarante fall everybodi foreign paper person exist outsid cell usual argu clear,1
urgent cliam prize limit click win limit guarante click free cultur total valu posit modern call catch thought factor,1
meet remind budget review ok rich citizen project employe reveal seri risk econom benefit,0
meet remind team sync situat discuss pay reveal full reason smile without join catch environment product two hear physic medic event confer,0
schedul confirm schedul admit improv go author trial concern model time benefit thought side road without messag meet,0
meet remind schedul throughout doctor final moment differ research,0
meet remind meet guy rule relationship dark yard worker week ye suffer focu best budget,0
meet remind meet deep accord world stock fall common number futur bag question time tend,0
weekli report project updat fund score later test train land case attack anyon usual fund sort suffer partner within clearli,0
limit offer win cash cash click offer guarante guarante develop reach staff option style servic letter exampl option born,1
project updat project updat manag believ agenc develop goal even offer valu rather cours throw final weight,0
win big offer guarante limit guarante free free offer cash win offer howev similar cost wrong materi,1
project updat schedul southern republican season better citi togeth discov physic mind tell clear,0
limit offer urgent free urgent guarante offer paint alway hair moment suffer,1
urgent cliam prize click urgent free free win urgent limit guarante limit offer cash offer limit sound whole activ open part month,1
meet remind team sync east wish around accord assum pass lay mr sell far sourc,0
weekli report team sync without sport fli industri imag improv less custom least stock send accord,0
urgent cliam prize free free guarante guarante offer limit urgent urgent offer offer need dinner yet develop futur step administr gun task condit profession one top,1
limit offer urgent guarante free free free standard figur ga red recent game stop among major,1
weekli report report thought walk certain hit gener town care tabl probabl easi protect especi respons money sister sort break almost space,0
meet remind meet train whether road husband still case help result travel import prevent,0
limit offer click free free click cash way nation even radio million coupl discuss run left page,1
urgent cliam prize click free urgent free limit win presid truth signific night owner finish insid,1
weekli report team sync certain never reach build sens find still compar doctor man,0
meet remind team sync outsid fall econom anyon share white chang technolog hit lay,0
urgent cliam prize limit limit click win guarante win guarante click limit free realiz educ within offic base medic court learn,1
project updat schedul artist day administr messag invest feel send data prevent arm,0
win big click free offer win offer urgent click limit limit word teach could none wall stuff dream,1
select cash cash win guarante urgent guarante guarante limit limit click cash free guarante lay good north green histori commerci professor,1
project updat report time mission letter chang rich prove cup necessari tell long listen order articl earli,0
weekli report schedul radio machin seri public trial war full contain middl less today industri visit countri rule person respons world,0
weekli report report expect later cost sort opportun even green,0
project updat schedul rememb specif seri late see kind six democrat,0
schedul confirm budget review final region economi sea north thing air risk reason season face save,0
weekli report budget review protect eat futur piec thing analysi health exactli product,0
weekli report meet indic watch decis hold citi head elect event street howev daughter languag hard southern,0
meet remind team sync energi dark window point whether visit student anoth foreign polit colleg fish season,0
schedul confirm schedul speak lay sea quit song everybodi serv region understand least,0
urgent cliam prize limit click win guarante urgent limit free guarante cash free coupl eye coach turn candid clearli challeng talk peopl,1
select click limit cash urgent offer cash click offer offer win click click offer free true fli imag continu someth charact stuff execut kitchen purpos pay,1
meet remind budget review necessari possibl without break good decid other within billion pattern number nation similar land agre get fall mission control tri design,0
project updat report level around dinner chair forc discov owner listen,0
win big win free win guarante free win urgent free free offer limit limit free troubl artist success parti central,1
meet remind budget review near address hold hotel realiz unit life might light right tradit growth effect cover heavi know catch month form,0
schedul confirm team sync car bed societi fall window bodi pressur site citizen end right,0
win big win cash free guarante free limit cash charg respons song polit seat push nearli determin good,1
meet remind budget review seem hit,0
meet remind report right growth figur serv fact wait polic four option edg music husband,0
limit offer offer urgent offer click free win limit limit limit cash win cash guarante limit role onto mani readi civil western imag probabl properti suddenli avail short,1
select limit offer win offer click click food six might includ materi pressur educ call full,1
project updat budget review color technolog court reflect must red end colleg recogn exist larg size polit sever teacher rich,0
meet remind team sync happi book much unit creat walk draw,0
win big win cash offer urgent limit limit limit partner player train health reveal front agreement,1
schedul confirm budget review gun militari window insid relationship,0
project updat team sync dark interest save often board dream return togeth time improv true,0
limit offer guarante limit click urgent cash limit buy may without remain check sourc meet,1
schedul confirm budget review thu child finish voic peac use give howev radio somebodi,0
win big click urgent cash guarante urgent guarante guarante urgent guarante limit win urgent limit urgent click concern studi write even budget heart,1
limit offer win limit offer cash urgent win suggest mouth fight past mayb town protect,1
meet remind report case popul white gun man nice pull reason person surfac appli civil water term forc sing town,0
win big limit free urgent win guarante offer urgent guarante limit busi central light believ build effort,1
meet remind team sync west understand exactli make young town role gener simpli theori stuff mission practic,0
limit offer free guarante guarante offer urgent reveal discov hair certainli member land,1
schedul confirm project updat custom miss nation appear appli thing moment happen true situat parent arriv get begin appear forward nearli,0
project updat report term noth posit rais skill individu defens eye right structur presid cours task high artist,0
meet remind project updat news someon state put ye cost option owner center way follow fast black life man,0
schedul confirm report commun season civil smile long fish man futur mother,0
weekli report team sync degre product possibl hand experi test earli morn goal attorney west decad stage social wife statement practic,0
limit offer win cash win offer urgent limit limit guarante least plan import ten note custom side young cold statement free parti within,1
select free click urgent limit click free win free win offer limit cash win risk kid save today wait support suggest defens,1
select guarante cash urgent offer offer limit click offer free cash leader reduc yeah summer system add record interview,1
schedul confirm team sync surfac second hot build director,0
project updat report especi young fli reason total throw ground democrat,0
meet remind report better servic busi plan happen american huge human specif hair,0
limit offer click limit cash win urgent limit offer instead go articl noth moment difficult event activ indic,1
win big guarante urgent offer urgent free click offer click click urgent click limit ball sister democrat inform stand woman thought today light,1
urgent cliam prize urgent offer click limit cash guarante win win click offer cash live recent boy especi news,1
project updat team sync educ free purpos close enough ok whatev materi easi might,0
urgent cliam prize offer win guarante offer win offer free free offer urgent free win show allow tough fund receiv board perform better piec month insid let,1
urgent cliam prize click free urgent free urgent win urgent limit win free cash foot polic case item step situat ever bill behind nearli pm,1
weekli report budget review oper player tough agent center form offic put measur,0
win big guarante cash offer limit offer limit weight focu make marriag coupl forc right,1
project updat project updat republican call stay interest coach sister summer might control drop sound tree approach eat,0
weekli report report brother guy red adult develop ball ok meet,0
limit offer win guarante guarante cash urgent urgent urgent part view stay discuss respond thu spring per like husband environment set,1
project updat project updat trial near strategi social popular method whether dark part identifi,0
schedul confirm report medic cultur elect physic train interest land world mr level camera polic,0
meet remind report seat energi interest establish worker make coupl car interest black fund mani quit futur fund,0
win big guarante click win win limit cash win urgent cash ball full agenc fund situat alreadi particularli major soon fast four face administr,1
select offer win limit limit limit guarante free free offer though provid turn sign perhap middl bed campaign space past member ask,1
project updat team sync practic maintain militari perform howev son ground loss comput seat mani,0
schedul confirm report increas choic friend major nearli anoth young blue even talk design note time person answer east prevent bill opportun,0
limit offer free guarante win limit win offer urgent urgent click cash urgent quickli tonight head like theori team comput class protect shoulder requir,1
schedul confirm project updat parent home rich artist law surfac yet better difficult respons glass peac price term tax everyon,0
urgent cliam prize urgent limit win limit cash urgent limit offer urgent limit win interview sometim smile rememb usual clearli wife,1
urgent cliam prize win urgent offer cash guarante guarante win cash limit limit guarante guarante guarante click model particularli trial worri hope rang,1
urgent cliam prize limit cash click win free guarante guarante win urgent win win offer expect speak senior southern defens owner blood sea four learn group age,1
select click click free free offer click offer offer urgent free guarante guarante cash free floor els administr next gener level stop end cultur,1
win big win guarante limit click cash offer win free cash free guarante guarante togeth relat relationship charg secur,1
weekli report project updat miss writer young teacher tax amount play last parent almost,0
schedul confirm schedul radio subject support chair train risk unit polici,0
schedul confirm team sync manag mouth avail care view within must also machin effort,0
win big urgent offer click free cash limit click move room hand evid coach travel,1
urgent cliam prize win cash free limit guarante urgent urgent cash limit tough thousand scientist studi find bar rais energi cost imag nice son floor,1
project updat schedul set cold member detail sport attack structur,0
weekli report meet opportun grow effort govern republican offic chanc realiz challeng contain chang,0
win big win urgent urgent free click free win cash feel yeah space tabl letter town room billion result minut,1
select guarante free win urgent cash free offer free win offer free matter receiv car record enter approach practic educ must buy site trial,1
select win limit limit win urgent cash free win limit click win offer urgent simpli larg year even valu game could remain young prove size well,1
schedul confirm schedul actual chanc live simpl produc southern success bank piec democrat deal woman music,0
schedul confirm schedul stage time free posit serv writer order kind space industri upon per health current,0
weekli report project updat end magazin break mother high alreadi look citi sign mind natur,0
weekli report report candid experi still elect put group hour ga behavior earli day hit card,0
urgent cliam prize guarante urgent limit guarante click limit offer urgent limit urgent guarante cash win respons much subject fact pm ask wear throughout gun,1
urgent cliam prize free guarante click guarante urgent urgent win limit cash urgent urgent cash win limit click differ abil add structur hard light,1
select free urgent guarante cash limit urgent click limit offer limit urgent cash urgent although experi fact repres type commerci congress readi,1
urgent cliam prize limit limit urgent offer urgent guarante cash guarante guarante win yeah second direct lay realiz countri nation,1
limit offer click offer offer offer limit cash offer free cash limit guarante urgent free urgent guarante togeth sing claim know surfac forward work moment compani clearli signific servic,1
meet remind team sync still trip alway say piec floor son daughter,0
project updat team sync coach center live begin earli posit let abl,0
weekli report meet star articl career sound effort old vote offer tree race staff style last,0
meet remind report contain admit guess manag push feder compar actual seriou never pressur,0
meet remind schedul someon consid seriou fill speech protect foot feel peac kitchen babi,0
win big urgent cash cash free win free free free identifi question hope see current money explain cover find,1
project updat schedul term three ga catch,0
win big win guarante urgent urgent urgent cash free urgent click click free win win limit lead realiti low lot particular war decad,1
schedul confirm budget review feel walk like attorney southern collect hous ten appear paper size medic claim seriou mr sens man creat,0
weekli report report forc inde pm parti earli seri tri organ face democrat,0
schedul confirm meet former mention tri attorney beat manag music girl machin support listen fact add within,0
project updat project updat hear intern effect quickli church particular,0
urgent cliam prize limit free free cash free employe attack phone watch cultur art billion watch financi earli job sister author capit,1
urgent cliam prize limit urgent click offer win cash limit win offer guarante free cash limit cash test central avoid consid treat subject imag rule side save,1
weekli report team sync life respons person littl els hot card hand big kind event design result garden abil would place hour three partner,0
limit offer offer offer win free urgent free click limit click offer republican forget feder book sourc invest,1
project updat schedul despit respons light like forward beat invest deep heart product environ imag check,0
weekli report schedul secur difficult despit fear consid wonder soldier father busi wrong still ye produc dream play drop expect benefit,0
win big offer offer free guarante free click morn opportun ok much ever experi author,1
schedul confirm meet man voic two model sure sit bring behavior question maintain product fli,0
project updat schedul per develop avoid thu hundr fill cours size,0
select win offer guarante limit offer free click cash limit click urgent urgent guarante click worker identifi water event onto notic even tell,1
limit offer guarante win guarante offer offer win urgent win win secur happen respons wind earli brother attack order finish writer cup,1
urgent cliam prize free offer free limit urgent click offer wait buy sea produc late everybodi ye third husband voic week interest,1
select click free click limit win site differ news war water babi wide,1
project updat project updat report live question dinner hold mission employe result,0
select free limit click cash click click click guarante free urgent cash major western polici father shake,1
win big limit limit limit win cash click cash guarante urgent limit limit limit anyon develop data black media opportun memori choic item month effort,1
select cash free guarante win limit urgent offer rather televis light coupl busi argu accord music bring free pictur back letter,1
project updat report make attent road alreadi suffer member within word person yeah,0
schedul confirm project updat state pm deal listen send walk educ anyon group onto leav task suffer,0
meet remind team sync littl republican court els train establish similar polit phone tax respons gun,0
schedul confirm project updat amount concern like tax govern author near execut success six week church,0
urgent cliam prize urgent click cash free urgent offer cash employe agre race although option standard arm,1
weekli report budget review floor less colleg peac fund reach show other,0
meet remind meet child beyond instead time best allow sit war,0
urgent cliam prize limit guarante offer click click win click win cash cash free win cash free lead gener part environment somebodi stop particip,1
meet remind report partner hour let lot size almost late,0
project updat report analysi factor vote water song,0
schedul confirm report along low whatev two later high employe defens let half strong buy elect less,0
urgent cliam prize cash free guarante offer limit win limit cash high care event job commun product floor go,1
meet remind budget review elect person actual larg popular staff time decid execut meet yard among,0
select limit offer win cash limit win click win opportun week per condit indic professor light design,1
meet remind schedul develop present guy fall type kid alway cours variou includ need teach door send pay inde candid,0
schedul confirm schedul environ well citizen paper commun organ commerci respond elect dog fire,0
weekli report budget review state signific method vote food think countri wind phone physic account owner toward build today agre appli guy materi,0
win big limit win free free urgent win click click click cash free click limit win limit similar polit rest tell assum issu includ howev,1
meet remind schedul comput futur els concern five eight scientist organ home last play rather move begin clear seven,0
schedul confirm project updat north north type film section allow manag relationship whether rock abl posit speech charact,0
project updat budget review girl anim watch hous modern claim approach futur especi reduc cost feel charg,0
win big guarante urgent free guarante click cash urgent win free cash win limit limit guarante guarante employe scientist everybodi develop entir order despit,1
meet remind budget review eye somebodi five arriv whole forc today put bed form outsid wish old matter medic,0
urgent cliam prize cash free click guarante click piec presid affect voic let wear perform father,1
weekli report project updat specif loss address polit develop might although red firm chair,0
limit offer urgent guarante guarante offer urgent win win film central consid begin box candid doctor hospit,1
weekli report schedul financi team pay race readi strategi ye wall resourc collect,0
select limit click guarante limit offer free urgent cash wear citi radio sometim garden site materi citizen,1
meet remind meet usual grow near blue,0
limit offer limit win free click click left wonder word compar practic answer true,1
schedul confirm team sync one threat close old differ cultur say especi listen per box throw social get half part alreadi,0
schedul confirm report account popular sea spring hit person travel develop quickli anim public store lead south daughter,0
limit offer click offer urgent limit guarante click offer offer urgent win limit around beat present time cover five stage author church resourc tri tonight job pick,1
schedul confirm budget review work next back amount data author minut feel fill mr detail,0
schedul confirm budget review popul subject beauti meet reduc radio line,0
schedul confirm budget review far mean meet war certain seven success also collect short day democrat month though occur year wait win,0
project updat schedul wide avail fish discuss offic account risk fast thank dog scienc pm suffer,0
project updat budget review feel stage letter station requir star discov argu enough continu alway run,0
project updat report modern parent meet much chang current hit note agreement risk radio wife cup abl kind game class send,0
win big win offer win urgent free free win click cash offer free limit guarante cash win militari capit read suggest mr site,1
schedul confirm team sync day foot cultur road begin summer countri strong pass determin american see minut first perhap firm interview doctor,0
schedul confirm project updat product posit money vote even white born letter success court end,0
limit offer cash urgent offer click urgent win cash guarante manag hotel money field rest reason notic,1
select guarante free click cash win limit free cash limit cash offer camera anyth song sea whose debat control point somebodi,1
limit offer free limit urgent offer guarante limit limit win free cash offer leg put sit sign chanc bad buy indic agre,1
schedul confirm report check institut,0
win big guarante limit offer win offer guarante cash limit win free offer guarante across former author protect somebodi sever cultur news arriv partner nearli,1
win big limit cash urgent urgent win click free limit urgent win cash urgent high final comput societi year great voic must watch,1
schedul confirm report travel seriou subject specif thought product noth exampl ye world time pictur network lead join,0
project updat report oil ye room push,0
project updat project updat howev profession still law child treatment profession relationship street race everyon perform posit attorney mr case hair teach,0
urgent cliam prize limit free win win guarante offer guarante free guarante win offer cash tax social sever actual newspap miss environ sport address strong realiti anim,1
weekli report team sync tv detail human execut identifi exactli recogn career tell write lay arriv partner,0
project updat schedul appli road simpl organ case task build arm hundr alreadi window result movement expect adult suffer risk stand ga histori whose qualiti mani,0
schedul confirm project updat us treatment manag home develop invest prepar teacher method fast end amount,0
meet remind project updat guy though stage beat anyon materi actual possibl note cover seek director eat,0
select limit limit click offer click win click cash limit win free offer urgent cash talk insid travel seek mr pick clear day half manag better recent,1
urgent cliam prize cash free cash offer free appli number troubl skin role direct expert meet cours within,1
select guarante click offer guarante click urgent offer urgent urgent free click guarante cash recent despit agent polic suddenli blood plant,1
urgent cliam prize limit urgent offer offer click urgent free cash win urgent cash free guarante instead studi enter relat sister noth decis win,1
project updat project updat militari small skin pictur vote,0
project updat report even attent els moment find health accept box concern messag wear great everybodi scientist name manag choos,0
weekli report schedul need remain drop prevent treat messag build effort earli scientist face reflect rememb past upon,0
weekli report budget review eight fish charact usual head experi,0
select urgent win limit urgent offer cash offer free free limit limit urgent offer guarante month listen democrat far crime give never new camera player whatev industri vote,1
schedul confirm meet four thu pay still respond low near lot arm unit,0
project updat schedul piec instead speech seek dog messag skin interest anim mr upon special,0
schedul confirm project updat teach long els natur,0
project updat budget review leg away street tree suggest none fund safe floor commun deep camera,0
project updat project updat box author power born interview anyth sinc rang say skin posit contain seriou bad address market includ,0
schedul confirm schedul offici rock deep bodi career night,0
meet remind meet rich top coupl sinc experi offici light hotel agre especi attack role later crime yeah cup film medic,0
select limit urgent limit urgent cash urgent free free cash free offer guarante worker futur truth expert campaign receiv cup heavi arm area structur valu,1
win big win win guarante free cash offer limit win limit offer cash free limit win feel race see speech least deep beauti task educ sign blue,1
schedul confirm schedul accord larg gener toward feel centuri chair individu seri discuss cours avail polici safe hope thought,0
win big limit win limit click guarante guarante win limit win urgent clear stuff oil els mr oil import town shake comput,1
weekli report schedul prove throughout level practic improv increas page commun crime item us remain away famili polic agre much,0
project updat report nation state camera sure polit other dark plant agre wait guess dream class game,0
project updat meet level book seven attent debat success agre forward food wind messag local believ point whatev,0
project updat meet busi alway bring better figur wear minut common,0
weekli report team sync clear see box abl option charg idea push lawyer,0
urgent cliam prize limit offer free urgent guarante limit urgent urgent free free free click limit click free media decid certain page tax prevent recogn rang turn becom,1
select guarante win urgent free cash offer offer guarante click click guarante cash limit cash win edg father coach natur polit elect town oper person report game sign,1
project updat project updat style matter whether despit much help nation like final famili abil site enter singl act issu includ pass foot,0
win big urgent offer urgent guarante cash urgent urgent doctor wear provid well necessari,1
project updat budget review effort parent nearli everi soldier social interview teacher babi religi imagin stock year foreign pressur physic,0
project updat team sync choic custom eight alway ask leav citizen woman protect exampl deep,0
meet remind team sync move make democrat impact term hair return son,0
select urgent cash urgent guarante cash realli polit valu admit,1
select offer offer urgent guarante cash offer teacher push presid peopl bed kitchen safe song perform,1
urgent cliam prize click win win click offer forward wish rule game industri pick scientist candid affect futur husband crime,1
schedul confirm schedul usual word realiti miss medic safe gun edg commun school,0
urgent cliam prize click click guarante win click limit cash urgent win offer click win win art shake support mother high moment worker,1
urgent cliam prize guarante guarante win cash limit guarante central rise posit film need dinner top meet,1
schedul confirm schedul everybodi exactli seem water world strategi,0
project updat project updat anyth administr scientist say feder man mr cold,0
weekli report project updat score troubl seri manag everyth break skin product pattern mind model head worker pass question soon carri centuri perhap head go along,0
project updat schedul reflect whose differ mr charg congress past perhap job though far materi valu still smile beauti follow street eat debat produc,0
weekli report project updat eat music store agenc thought work ga mother although sound find red fire run,0
limit offer guarante limit win win win address speech would book ye especi forget,1
win big click free guarante free urgent free urgent offer click click offer matter fire arriv caus challeng attack oper simpli half money discov,1
meet remind meet societi word social stuff success system,0
select click free free offer win cultur alon countri major unit manag american adult effort box polici,1
meet remind team sync perhap lawyer affect respons citi near head,0
project updat team sync test old crime level discuss past short activ top chanc feder,0
schedul confirm schedul past kid mention prevent new network crime drug piec peac set manag special sourc enough militari strategi servic,0
select limit cash urgent urgent cash offer land run market write moment threat piec,1
limit offer guarante free urgent cash guarante win guarante offer requir door prevent question radio histori nation clearli rang,1
win big offer free urgent win limit cash free free offer cash limit cash urgent guarante team think job whatev hold former war give land alreadi consid,1
select free win free guarante guarante click free win click offer click offer serv day job determin sport interest recogn board increas tough,1
project updat project updat everybodi want comput much exist suddenli somebodi busi gener,0
urgent cliam prize win limit click free guarante urgent cash guarante free guarante offer offer cash cash click address order perhap concern young,1
project updat report tree interview never want trial toward particip role repres third phone rest matter,0
select free offer win win urgent win win click necessari summer fear natur player speech write happen plant,1
win big free offer win click guarante limit limit guarante win cash guarante click click click green identifi leader similar ten wrong art structur requir forward,1
select offer limit limit cash limit limit cash win cash urgent guarante continu space certainli east often guy behavior,1
select click win offer urgent click click offer win situat close partner especi effort parti church describ discov,1
limit offer urgent click urgent offer urgent guarante guarante urgent win click guarante go respons site back level tradit,1
meet remind project updat relat summer bag almost dinner music thu interest rest impact decad wall citizen man catch appli like profession forc anyon,0
urgent cliam prize cash click urgent limit free urgent guarante click free yard babi truth trip commerci half feel coach result idea,1
weekli report meet white court first gener let properti doctor begin still go technolog full,0
select cash win urgent free offer guarante offer click offer send fact attack machin rule abl white plan rule offic,1
schedul confirm budget review see properti church short rather impact differ unit evid wall accept act fund offer,0
urgent cliam prize offer limit guarante click limit click win like offic ten test near littl staff number final stori,1
select free click urgent guarante win urgent public site buy collect north ok bed ahead nearli control oper,1
select free free click win limit click cash win cash limit cash free free offer improv energi minut plan join,1
win big limit click free click free cash free realiti govern togeth industri human pull box shake probabl tell,1
project updat meet enough newspap friend democrat box famili bed man,0
weekli report report term want speak structur stage speech leader manag month blood end lot must,0
win big click offer limit offer limit urgent win free win urgent win click click limit limit argu go agre someth understand form inform seriou alon moment republican result,1
schedul confirm budget review good reach nation travel cut heart thousand vote owner howev everyon work tax rich act,0
select guarante limit win click cash guarante limit free gun wide continu clearli sourc matter,1
weekli report report opportun staff beyond practic explain repres human offic home way,0
select offer cash urgent guarante urgent limit urgent store determin recent issu commun owner,1
weekli report project updat develop wrong travel suggest prevent fear senior trip almost commun peac dog,0
meet remind meet door foot top result campaign arriv protect forc contain sister middl could half ever,0
limit offer guarante urgent guarante offer guarante urgent urgent cash limit win free cash urgent click someth noth focu hand larg great star knowledg drug job live long,1
meet remind meet inde chair alreadi eight summer,0
meet remind report term cup go singl free even suddenli anim church matter,0
limit offer guarante limit guarante guarante limit free click bad church practic build subject open matter quickli,1
weekli report meet stay articl famili continu less cup help garden posit offer,0
project updat meet heart whole head polici hotel think success,0
limit offer limit limit cash win win charact student movement keep trial friend,1
select click click guarante offer offer limit cash offer click cash free urgent urgent guarante click alon focu get first entir discuss,1
project updat project updat paper recogn season colleg rather govern sort,0
urgent cliam prize guarante urgent free win limit free win urgent guarante key messag person long whose unit modern face environment,1
weekli report meet respons save abil memori safe friend role articl,0
win big limit win limit free free free success green involv pm star analysi realiti pass statement simpl learn,1
weekli report budget review tend edg yet wind produc player take arm interview becom grow concern avail travel,0
weekli report meet determin oper hotel method identifi econom great develop offic effect week end high sit suggest,0
urgent cliam prize urgent free cash click free audienc keep popul cut amount rest avoid,1
meet remind project updat film name manag improv manag movi nice,0
select urgent click free click free cash guarante urgent offer cash win offer win urgent free expert student amount blue new nice pattern,1
urgent cliam prize urgent urgent click limit win offer free urgent guarante free guarante develop water instead everyth religi studi upon draw,1
limit offer offer offer urgent click free free click cash guarante click limit offer limit threat industri husband new live mention,1
select cash urgent click free free take test film war anim inform futur,1
limit offer win free win urgent offer busi need though environ would put soon,1
win big limit free limit win win click urgent urgent urgent win click mani dinner capit mr sourc develop thought camera charg,1
project updat schedul studi artist rather establish financi expect energi road threat industri figur staff effort despit travel,0
meet remind team sync summer energi late differ question thousand case wind indic threat without reveal everyon american work technolog dream,0
project updat meet smile grow think support work report quickli custom decid reason degre properti south perform,0
project updat meet other white cost perhap materi leav anyon bodi inde want small film,0
meet remind team sync perform top spring modern technolog school bed professor work plan,0
select offer limit offer cash offer click urgent urgent urgent offer free owner hair inform actual republican,1
meet remind budget review recent art nation inde forward rise similar forc term everi director begin,0
limit offer cash win cash free win click cash urgent cash limit cash hundr film southern keep move find involv garden tell paper,1
weekli report team sync includ factor year citi play girl condit network amount countri war hope prepar especi,0
schedul confirm budget review tonight guess star letter realiti campaign window tabl yeah defens simpl everi expect care statement work power blue employe somebodi local parent pm short line,0
meet remind budget review finish inform light sometim teach charg rais past degre listen similar american never situat fine remain station song hear,0
meet remind budget review write adult name histori gener talk despit strategi car particularli director onto,0
project updat schedul cell suddenli inform girl evid head drug camera friend claim stock catch adult train prepar well understand front page,0
limit offer guarante cash guarante free win urgent win cash click click limit offer offer win urgent result fast unit caus later catch cultur secur servic hold suddenli,1
weekli report report late forc tabl certain woman note hotel leav throughout voic feder even grow manag rise true understand major,0
meet remind team sync attack whatev factor offic expect stop expert product wrong democrat owner sport tabl even hard hundr staff season ga gener,0
meet remind schedul far oil assum lot street kitchen cours hundr man noth imag beyond natur,0
schedul confirm schedul movement marriag tree care two full differ parent,0
weekli report schedul stay action plan,0
limit offer free offer urgent urgent cash guarante cash elect sometim fine enter plant main prepar necessari,1
project updat project updat keep foreign appli teacher risk wide choos goal person shoulder everi stuff,0
project updat budget review season necessari two paint close great act father secur pull method spring peac polit increas glass challeng artist idea,0
weekli report schedul hold develop decad practic nation fall detail end realli histori front play perhap good,0
select urgent free limit win free click memori mr natur kind rock scienc often two,1
win big click win click offer offer win win within quickli oper law second later wear,1
project updat schedul paper store power read contain expert fine,0
meet remind report movement practic wrong establish state place develop,0
win big offer win click win free guarante click guarante click cash offer year top also establish seem degre variou get troubl,1
schedul confirm schedul order watch blue budget class drive rate develop month actual,0
select limit guarante free offer cash individu term discov voic finish half new,1
urgent cliam prize urgent cash click guarante win urgent region paper lead board determin shake accept,1
limit offer limit limit urgent offer limit urgent cash click guarante free challeng gun set top product feel way televis invest,1
limit offer guarante offer cash urgent offer guarante cash click guarante click click free cash win free eight stand treatment age radio fact elect coupl teach,1
schedul confirm meet law learn environment hope live import share upon,0
project updat team sync troubl score student form school stock wind commerci learn tell teach properti fire final ago hospit follow window,0
meet remind project updat possibl help involv serv test six miss commerci sign music sound gener appear left although choos pull man per player bed list,0
win big urgent offer guarante cash urgent public troubl includ author wind day sort call earli particular intern,1
project updat team sync child brother execut side central past mention requir,0
weekli report budget review end tradit anoth seri step even word physic man medic per daughter import name peopl final,0
win big limit guarante click guarante cash free urgent guarante offer urgent cash urgent urgent sport dog recogn cover wife seat choic,1
weekli report team sync differ drive treatment mouth hospit think fear place within hot help tend team polici air possibl build,0
meet remind schedul type live area enjoy,0
urgent cliam prize free guarante urgent click click limit free guarante offer click offer limit free urgent hot away bad drop account real,1
urgent cliam prize limit offer guarante guarante cash free win offer hous ga expect issu wind contain someth shake power,1
schedul confirm report focu entir hospit foot season admit best decad watch,0
urgent cliam prize guarante offer win urgent offer cash urgent guarante offer free game move often man particip economi confer wear threat look train inde,1
limit offer free cash urgent limit offer free limit urgent limit click urgent offer win pull dog someth mr medic strong author,1
project updat budget review look sort intern cultur alway cover group song boy,0
urgent cliam prize click cash win limit cash guarante limit urgent bill agent tonight fill goal gener oper becom messag,1
schedul confirm report way product page western fast improv late view air street,0
limit offer win win guarante guarante free win cash click win limit win offer win cash free develop gener give kind properti three,1
meet remind budget review five fear garden kid heavi everybodi differ kid week seem ye countri leg right ga move citizen morn child respond later run activ seven act green,0
weekli report team sync money pm thank build sourc experi end institut test along custom central citi mr,0
schedul confirm schedul particip hand wish claim talk manag new wonder long,0
project updat budget review month let rate town idea thought caus somebodi heavi minut believ ten tax pass white teacher increas rate either specif member,0
project updat report health teach easi comput usual say manag piec someon worker like boy often seem staff assum,0
win big offer win win cash guarante free click offer win offer offer click troubl piec someth chang item better,1
limit offer click win limit guarante urgent guarante free offer click loss appli five past must turn move,1
weekli report schedul improv understand book question determin ga total research agenc scene,0
project updat report among wife issu stop els industri floor,0
urgent cliam prize urgent limit click free win win guarante win offer cash offer free free line market admit bank give cours result forc properti short perform black,1
win big free offer win free offer win urgent urgent limit offer usual surfac oil readi scientist step wear thank last,1
meet remind team sync dark box art receiv wait wife night describ fund five process sort cover pay section sell arriv eight within cut buy,0
schedul confirm meet sport account knowledg former present,0
meet remind budget review certainli troubl money experi especi materi six becom,0
project updat schedul indic world sport anyth consum term mayb feel machin direct practic option ground issu arm indic,0
urgent cliam prize urgent win free limit win click offer click win cash guarante click cash particular televis offic morn guy may want place,1
meet remind team sync bodi letter wide either although realiz industri ok audienc meet sometim answer director thing,0
limit offer cash limit limit cash limit limit offer click free limit urgent guarante free click behind school catch rememb exampl two speech organ either go,1
schedul confirm schedul direct professor invest everi hour everyon back physic rang child qualiti determin,0
select guarante urgent win guarante click offer limit free cash limit offer click click guarante urgent special spring intern stop realli choic democrat marriag middl sort hair huge,1
schedul confirm budget review indic talk letter parent although subject candid dinner around situat staff set social special realli board,0
select urgent free offer guarante win urgent simpli assum former hand hotel ahead author whose win,1
limit offer limit win urgent limit cash cash cash cash limit click urgent offer nation moment other condit lawyer door manag polic hospit,1
win big cash guarante guarante win click urgent offer limit free click cash guarante free urgent babi news staff dinner citi without campaign exampl repres word great,1
limit offer win urgent win offer free urgent win win guarante click air amount accept look compani director inde educ see hope man,1
meet remind budget review discuss expert stage polit foreign third start seat interest suddenli,0
select offer urgent guarante limit offer urgent limit free urgent offer offer one blue page newspap rais materi mr gun small describ film water,1
project updat budget review middl coach use make pressur respons order career wait congress central home,0
meet remind team sync alway cup accept draw step lose wind even method,0
urgent cliam prize cash cash limit win limit free urgent click limit free tell exist wear term must drop dream posit,1
win big cash cash click cash urgent urgent free urgent free degre account crime sure watch near,1
urgent cliam prize free free offer offer guarante guarante win limit light major plan red stay,1
project updat schedul degre risk shake movi moment studi hope increas tv presid,0
weekli report report put dark practic central money rise dream tree manag right audienc movi pretti answer,0
schedul confirm budget review statement rest news mouth materi degre west other throw person deal educ win newspap event,0
urgent cliam prize limit cash guarante urgent click offer offer cash urgent win guess billion skin design appear meet comput,1
meet remind team sync understand becom form expect job blue white real usual long manag,0
select offer free win free free guarante urgent cash click click break also full stuff stage approach sister,1
schedul confirm team sync wish item blood share easi although challeng gener,0
schedul confirm budget review pressur shoulder qualiti build enough onto reduc anyth rule,0
meet remind project updat ground difficult war process scene wife call relationship fact money onto,0
select click free guarante free win click win urgent guarante win game centuri new accept find say tri man support manag comput summer soon section,1
schedul confirm report pick without daughter blue buy recogn collect serv mayb night account mr languag tonight rock,0
win big click limit free limit click limit limit free guarante limit guarante rule offer visit event condit seat,1
schedul confirm meet small prove recent eight lose suddenli improv open thought figur,0
urgent cliam prize offer free win urgent cash hard oil eat feder foot challeng three statement western front,1
urgent cliam prize offer guarante urgent guarante click win offer click free energi inde accord real part design real away hit,1
meet remind report space particip town industri nation colleg act chang moment want simpli lead peac manag line thu avail set old avail one,0
project updat team sync offic job abil hotel tonight million garden sea,0
limit offer offer guarante win urgent limit cash urgent click click materi custom agent stop defens blood special list simpl far realiz stop,1
meet remind report presid listen health like involv mean group cup station western posit fast,0
meet remind meet reason enough produc air stay reduc none court attent father pressur item end order medic tough individu secur,0
project updat schedul middl author health,0
project updat team sync measur learn perform finish left thought forward build product behind last long,0
select win cash cash offer guarante click guarante click limit win guarante cash cash across run oper rock someth southern,1
schedul confirm project updat despit ago us treat eye father finish woman hous common,0
limit offer offer win urgent free guarante urgent cash urgent free cash limit limit cash anim vote fine bring ask tree includ say someth though hear like custom,1
meet remind project updat detail laugh throw manag practic world industri,0
project updat schedul popular qualiti break strategi moment act win debat offer watch south teach,0
select click urgent free cash cash offer free click urgent urgent urgent guarante free offer urgent blue happen societi light talk ok societi chanc decad world among,1
urgent cliam prize win offer offer win cash limit cash free offer win win guarante cash pattern per sister actual meet ever,1
win big free click click offer guarante free win offer win cash guarante win cash urgent eye act centuri home half stop,1
win big free cash offer win win guarante cash free win cash click offer least director includ sever stori polici meet properti discuss,1
select offer offer limit cash click offer urgent cash guarante click limit urgent limit urgent win current spring measur friend argu woman claim watch surfac polici,1
meet remind schedul prevent anoth ball stock rate view new must tri east born necessari,0
project updat project updat husband movi everybodi tend must avoid kitchen,0
limit offer guarante win urgent guarante urgent offer cash cash limit free execut big artist insid continu stage train,1
limit offer urgent guarante cash limit offer free offer urgent click win year medic everyon final view citizen oil growth,1
project updat schedul nice exist carri never model environment store beyond front abl contain long,0
project updat schedul area allow deep help spring marriag,0
limit offer offer limit free urgent guarante click free guarante cash cash urgent limit upon strategi comput attent republican take readi back import fish similar exactli give,1
select click urgent limit click urgent urgent urgent free urgent urgent guarante offer cash win offer dog indic game woman stuff leader,1
meet remind project updat full pull team industri shake unit last rate world manag improv someth issu sea issu,0
weekli report team sync babi plant data peopl front execut finish heart manag media add race polit,0
schedul confirm budget review chanc growth gun catch care floor rise day well,0
weekli report schedul live adult help group least door whose expert protect rock polic,0
urgent cliam prize free guarante limit offer win offer click offer religi execut law industri suffer opportun,1
limit offer limit urgent free offer free guarante win click cash act languag lawyer arm everyth truth page also church,1
meet remind meet partner foot involv daughter respons fli kitchen hold gener act free provid natur,0
limit offer limit win cash guarante urgent limit cash cash guarante cash limit offer stay treatment head stuff environ challeng,1
schedul confirm meet dinner current factor keep hotel stand region compar minut,0
win big limit urgent free cash win guarante cash field wind tax benefit leav key movi centuri,1
meet remind meet stock poor discuss edg decad mouth weight defens three movement forward action tabl produc consid practic base believ,0
win big offer click win limit urgent win win guarante lose sort earli chang number cost doctor,1
project updat meet hope educ fli nation other morn agent car yard great clear certain statement,0
meet remind budget review join differ color whether cultur game eat hour final singl somebodi,0
schedul confirm budget review affect blood account thought assum behavior close,0
meet remind budget review keep noth hope gener option parent girl across tonight measur,0
limit offer urgent click free win free urgent offer click offer click limit click father individu could west tabl eat event,1
project updat budget review movement invest simpli defens help wear noth noth hit success report minut street director tabl dream instead follow interest,0
win big win free guarante free limit cash free guarante guarante free cash cash urgent figur similar certain save ten posit difficult,1
urgent cliam prize guarante cash win click guarante scienc item song mind sinc watch accord secur kid gener walk third comput,1
project updat team sync lead nation wait set understand name interest figur test technolog,0
limit offer offer urgent free free cash win urgent free click click urgent guarante least work tell former moment sort along forward,1
weekli report project updat style note process republican behind team speech final project heart follow far,0
project updat budget review money ever son tax commun space decad tough person moment,0
weekli report report agent candid laugh person window signific someth decad,0
urgent cliam prize guarante limit win limit limit water seem step skin,1
weekli report schedul toward report societi place develop busi accord system commerci identifi impact,0
schedul confirm team sync believ need societi boy forward box religi school materi secur babi,0
project updat project updat spring although art best believ treat matter happi sound watch specif sport name perhap,0
schedul confirm meet player point radio concern hot voic station train first abl key messag tough well,0
win big click guarante cash click free limit limit limit guarante win free cash build ago perform begin guess realiti believ babi common exactli,1
meet remind budget review ahead yet run cultur hous beauti ye,0
meet remind team sync one surfac avoid none project carri poor,0
project updat budget review middl near line key becom tell free number american world benefit sens night sign get task size expect behind execut realli,0
schedul confirm project updat signific bill everi exist accord develop,0
schedul confirm report mission magazin alreadi hit statement sign good travel read test deep experi ga develop opportun respons purpos set eye dog,0
win big guarante win free offer free urgent voic posit respons difficult challeng,1
weekli report schedul time radio colleg financi discov still everi studi sort servic interview see front head interest feel design,0
meet remind meet hard size profession deal sea suggest join mouth budget feder,0
meet remind schedul crime work leav kid rock head,0
meet remind team sync sport nearli argu decis none wife seven born,0
limit offer guarante free offer guarante offer win win click cash guarante offer better account societi lay window effort relat use fire avail size,1
urgent cliam prize free win guarante click urgent click limit offer cash cash limit beat loss caus wall month huge accord execut,1
select offer click cash offer free urgent urgent opportun player loss share environment drug avail fill small,1
select limit guarante offer urgent click win free offer free cash guarante degre market decid improv success detail citi last whether,1
schedul confirm meet offer firm hair also must popular,0
project updat schedul heavi travel word moment blue begin sort staff employe major ground focu open draw stand truth see arm entir,0
weekli report project updat attack collect instead repres throughout less wear hold teacher,0
limit offer cash cash offer win limit limit limit urgent win win click win urgent urgent power plant end babi coach alway memori cup item,1
meet remind meet mind religi heavi white smile govern offic kind yard still mind dinner protect yet month condit wish loss like establish imagin public,0
schedul confirm meet high messag question court campaign mean idea religi common full polici focu event movement father easi assum view,0
project updat budget review join interest knowledg meet strategi gun daughter top dinner program big level gun nearli ask view,0
weekli report project updat never common commun grow strong type bag today window open opportun offic,0
weekli report meet white save land someth feel save determin vote appear hope find reveal choic,0
schedul confirm schedul somebodi leader want commerci level marriag front democrat firm peac respons away collect hotel realiti seriou,0
weekli report project updat memori financi brother environment area argu player perform movement nation day weight,0
meet remind project updat creat decid becom ask shake fish drop move actual,0
urgent cliam prize win guarante cash free urgent offer click limit urgent free cash offici moment last mother technolog half let standard,1
project updat meet case compar subject billion pay day hold low,0
select free cash limit cash urgent click exist marriag includ tri vote littl pretti need,1
select free win cash limit urgent offer offer offer cash win urgent cash section respons notic compani final,1
weekli report team sync care worri style eat degre small although list choic eight technolog stori even,0
meet remind team sync result feder red cell step garden better differ stop,0
meet remind budget review happi address year civil seri wide safe moment similar race condit identifi mayb lose educ thing,0
weekli report schedul environ somebodi particularli probabl short whole matter,0
meet remind report school chang larg detail section educ question interest two play chang interest say,0
urgent cliam prize limit urgent win win click offer click free free urgent offer win realiti poor commun certain road,1
weekli report meet think second per minut grow somebodi base els perhap relationship year parti measur around offici half stop,0
meet remind team sync plan trip pass polic region white teach option individu month,0
weekli report team sync matter today child financi agre speech offic,0
project updat team sync opportun often surfac happen differ skin perform work mention begin moment hot must bill,0
schedul confirm team sync start turn word leader second three star particip girl word base game ga war drive posit page difficult air sure concern,0
urgent cliam prize limit offer click free limit race share cultur anoth life term commerci bed southern put,1
project updat report social citizen role within,0
select guarante guarante offer limit free add season final minut camera rais loss manag secur member,1
select win offer limit cash offer free issu news train leav determin less born suggest,1
schedul confirm project updat later everyth materi say campaign blue other consum loss person noth life,0
limit offer cash guarante win free cash affect protect debat posit allow might deep,1
schedul confirm schedul charact decad trade pick result view abl think around lead approach green,0
urgent cliam prize urgent free click cash limit cash cash offer win join religi white fli manag skin perform first size interview civil,1
win big cash offer free cash free limit click cash offer water professor protect peac paper thing difficult,1
select free cash win win guarante offer cash urgent win click click click guarante win guarante explain polic discuss bodi happen law alon protect,1
meet remind schedul away result quickli imag eight,0
urgent cliam prize urgent click click win limit free offer cash strong view wait order presid speak avoid impact data face,1
limit offer free offer cash offer cash guarante limit limit free urgent cash limit urgent strong individu pretti major avail art contain bank exampl,1
win big cash limit cash guarante limit matter develop statement claim administr life goal wait store fall mean,1
project updat meet artist light test toward man tri recogn task,0
meet remind schedul edg democrat believ begin minut away note lawyer learn step histori speech phone technolog,0
urgent cliam prize urgent cash click limit urgent urgent limit urgent urgent urgent tough guy countri show speak wide upon speak tend someon fear,1
select limit limit guarante cash free free offer minut room ever behind white sister commun better,1
weekli report report old seek piec alreadi talk ga far oper base glass deep worri although practic tv live life mind behind lay,0
meet remind project updat line appli catch hair creat intern result stori,0
win big free guarante win guarante free urgent click offer cash limit free free click urgent friend letter claim enough type militari stock return build learn news,1
select limit cash click click win win cash free urgent free cash big identifi degre condit pick wonder democrat find type discuss get stori,1
limit offer guarante guarante offer cash limit guarante power run memori later case report side suddenli avoid word relat would,1
project updat budget review build behind pick chair describ effect increas store list speech arm happen sometim import,0
project updat project updat machin despit ok law interest educ often hous away,0
select urgent limit win guarante urgent limit limit urgent gener first look often paper often return presid,1
project updat meet less sure moment newspap deal like line write weight anim star imag mention much film administr relationship agent,0
project updat schedul middl drive idea matter fli fli wind maintain piec view whether shoulder step elect move often recent,0
win big click urgent offer offer limit limit idea believ agent reflect reduc allow avoid boy,1
urgent cliam prize limit cash free click click free rule garden agreement beyond know statement edg yeah research,1
select guarante limit cash limit free click studi sing process item democrat expert give democrat address opportun,1
win big click win cash urgent cash win guarante limit click free guarante win offer free limit ye exist adult new feder feel,1
schedul confirm report gener pictur includ valu individu project lawyer risk train choos,0
win big click limit free free guarante offer limit offer click work bad minut foot compar carri instead success lawyer,1
select win limit win urgent click urgent click impact us standard tonight valu form price,1
urgent cliam prize free free win cash cash cash limit win guarante cash cash cash free urgent urgent type mean real know experi sure fall first even wife popul shake,1
urgent cliam prize cash cash cash cash click free guarante cash win offer cash urgent free guarante guarante recent product babi expert probabl allow age maintain life establish,1
weekli report meet peac live hous relat director effort actual sinc thing charg find fund system perform,0
schedul confirm budget review share girl scientist return record accord age issu support fall save poor,0
project updat budget review door hot design everybodi democrat,0
meet remind meet morn day noth trip improv secur suddenli break,0
weekli report budget review ye learn clear materi imagin eight alreadi bill us three sound research other doctor determin,0
urgent cliam prize free win limit offer offer free click cash urgent click urgent tradit polici compani machin stage,1
win big offer limit offer limit free limit urgent guarante click limit cash free loss late garden news eye new lay near order east argu stand,1
select offer offer limit limit win cash good fall imagin sea much road appli difficult,1
weekli report report simpli drop begin realiz person fact sometim week far rest suddenli pm score across approach book mention properti inde approach allow peopl,0
meet remind budget review manag fight servic plan high gener pm two friend water,0
schedul confirm schedul poor need site foreign improv difficult stock whether whatev exist anyon test read,0
schedul confirm meet nation discuss polici season feder big safe els discov,0
limit offer win cash guarante free guarante free urgent limit limit free much troubl plan point dinner know might pretti fire imag simpli,1
weekli report team sync list outsid trade bit light light ago field author cold word modern alreadi growth,0
project updat budget review bad enter clearli purpos pretti win total understand popul turn add begin,0
project updat report pattern present next need food expect clear direct howev marriag,0
schedul confirm meet republican chair low edg cours republican bank guy leader difficult better board,0
win big free offer free click free win limit limit free offer guarante win win limit cash person travel american tree contain keep song becom student,1
select cash offer win free urgent free free offer limit urgent guarante feel green decis six wall total full often compani tough,1
schedul confirm meet answer low blood attent civil cold respond probabl half around,0
weekli report meet everi check interview campaign pretti pressur,0
meet remind report hour age side fact share parent educ network whole parent admit movi case republican speech blood thousand,0
limit offer offer free offer guarante guarante guarante limit free cash click view identifi plant face militari offic govern,1
weekli report report toward test profession pm never edg subject whatev state within drive,0
weekli report schedul other pass mouth effort action game professor product treat score,0
schedul confirm report feel notic camera learn machin full seriou speech seem interview troubl sometim quickli,0
project updat schedul busi voic cut seek growth specif budget money ten run time institut,0
project updat team sync class level anim resourc econom contain card hope clearli shoulder yard technolog offic offic foot,0
weekli report budget review sign dinner rule though north thank invest lot draw almost say rate class commerci area step charg room free surfac plant ask compar tonight let five,0
urgent cliam prize win win guarante cash guarante free cash offer limit limit offer free age activ show car fill worker seek pm,1
project updat meet send street author eight law west fact growth say bit father success daughter yard goal boy southern,0
project updat meet join fli keep agent worri peopl sourc lose unit statement third ever capit good hotel plant famili,0
meet remind report condit gener ok reason pretti land site current stuff edg water audienc item director nation train guy administr,0
project updat meet enjoy staff matter water busi thought possibl walk profession intern us girl strategi top,0
meet remind meet els administr spring quit use parent polic great water team situat girl meet,0
select cash limit click click urgent guarante win urgent cash offer southern colleg paint deal teacher,1
meet remind meet fast behind bank first stage wife born friend,0
win big click free limit win win offer urgent free free guarante win smile adult camera win abl cost eight report minut subject east creat natur,1
select offer win limit cash win offer click guarante click free win notic area agenc wrong marriag natur,1
urgent cliam prize offer urgent guarante guarante urgent limit urgent cash stand top listen caus space economi draw mention special,1
select limit click guarante urgent win offer win cash cash limit urgent cash click offer cash mind practic song whether train instead would respons,1
weekli report meet opportun tend onto forc low dinner rule write data treatment although wrong man foreign vote seriou,0
meet remind meet interest law away human suffer figur kitchen town someon attack forget offer six side run,0
weekli report schedul detail quickli anyth sell news,0
select cash guarante urgent free limit click free win guarante limit click troubl probabl debat far though futur becom power individu fli recogn enjoy,1
win big guarante offer click guarante free team wonder valu career agenc model establish,1
win big limit click limit free limit usual research start care exactli posit scientist leav secur join sort,1
schedul confirm schedul employe central entir posit entir allow miss product rock month common offic base,0
schedul confirm report troubl throw arriv particip anyth site time keep church war mention section scienc natur,0
limit offer click guarante urgent win free win guarante guarante cash offer guarante cash sound morn polit determin larg even fine sister,1
meet remind report involv store back measur central girl decad talk week environ fund involv offici prevent camera,0
schedul confirm schedul safe detail factor environ whose law start enough,0
schedul confirm project updat father old offic tough wear energi ye expect mr tell sister main report,0
select win limit guarante guarante offer click cash guarante guarante thank two make share none see mother provid,1
weekli report report three scene materi differ centuri either grow keep thank,0
meet remind report nation bed half argu polici determin pick exampl good tonight similar drive purpos,0
weekli report project updat wear lead arriv stop today pm could bit age,0
limit offer win limit cash urgent urgent click limit click win keep inform marriag kid decis increas,1
project updat team sync confer form truth one ever includ whose without station alon,0
meet remind team sync need entir thought happi school tough scienc also affect interview night sound,0
urgent cliam prize cash win guarante click offer click develop brother skin skill option everyon rich whole yard other current,1
limit offer cash click offer win win limit win glass career reflect success high put remain readi anim new recogn,1
select win guarante guarante limit win win limit urgent guarante win win yet benefit piec forward reach central take,1
project updat project updat call mr bring fund hair collect recogn author help walk local effort,0
project updat schedul structur signific loss amount media pick trade cover occur turn world thought worker yeah,0
meet remind budget review guess audienc cover player free thousand whole born,0
urgent cliam prize limit offer click cash win click offer win click urgent interview outsid industri economi board next,1
select free offer guarante win cash win hous sport employe everyon church phone,1
select guarante free guarante offer urgent win win urgent urgent guarante limit free cash fear check daughter enjoy skill enjoy,1
project updat schedul upon sever land event stage model colleg sort,0
limit offer free click win click click cash free offer guarante guarante guarante other seek true wide experi time singl,1
weekli report schedul bring figur stand democrat none time discuss interview messag offici,0
schedul confirm budget review step properti individu us hotel alway half offici tough mani ball learn seem pressur,0
urgent cliam prize free win limit cash urgent free free urgent limit urgent offer win cash station citizen media weight tri tonight present everyth measur,1
select click free cash urgent click guarante urgent guarante limit urgent limit guarante senior player rate short manag health day fish choos,1
meet remind report major believ rate perform behind natur clear audienc wish fish project realli mayb,0
urgent cliam prize limit cash cash click urgent cash cash free media forget worri movement simpl imag littl eight human nation local either,1
meet remind report suffer pick must whether tree,0
weekli report report life reach three sinc man choic hold product pm air child presid,0
project updat budget review wide properti lay outsid water expect fear despit manag stuff role boy turn power outsid spring direct,0
limit offer guarante limit cash cash click offer win cash free guarante free guarante click rememb attack individu differ plan deal,1
project updat project updat past lawyer posit subject town,0
weekli report team sync expert choos case discuss view rais seat teach build main lead cost today ball art ask exist begin,0
meet remind budget review comput offer bring could reveal chair languag along subject natur land skill,0
weekli report report stop media ye sourc child charact subject risk,0
schedul confirm team sync exactli success outsid page histori,0
project updat budget review cultur pay seat thought cold term back check matter charg bodi,0
limit offer click cash free free cash win urgent guarante cash second compani daughter environment exist us weight instead rise citi,1
meet remind schedul item whole person necessari lay person confer ask later great media opportun,0
select limit limit free click click free limit free cash urgent modern could person yet career materi keep,1
meet remind meet edg question attent tabl often sell laugh togeth requir,0
schedul confirm schedul whatev recogn must strategi third forget perhap best machin alway open trip soon,0
limit offer limit click limit urgent click limit limit offer urgent free guarante arriv sell car ago whole wide agreement outsid vote,1
limit offer urgent free free click free particip hotel soldier well howev mean allow class despit recogn,1
project updat project updat month style half,0
meet remind report believ provid centuri mr tonight green thing board law,0
win big limit free click urgent offer urgent click start product place subject invest pictur charact job,1
weekli report schedul religi better sit summer recogn middl media,0
urgent cliam prize cash urgent free free cash oper reach agent everyth wind cut comput reveal without develop keep other,1
select limit free cash free limit centuri lead hold beyond fish role hold much bodi respons fight,1
limit offer cash limit limit cash limit cash free click cash offer cash limit click newspap chair drop anoth energi hold dream,1
project updat meet second sens real forget wide strong send girl former final half treatment mayb across camera north research outsid issu,0
weekli report budget review tradit foot nation bodi act,0
meet remind team sync sign lawyer get singl writer might explain wife plan low specif,0
project updat team sync spring eight hour job grow attent soon lay dog heart south tax enter miss letter chanc foot,0
project updat budget review follow month strong music weight heavi method consid least compar time along number,0
urgent cliam prize offer limit guarante click win limit limit urgent guarante imagin bank career ago bodi standard differ phone trial,1
schedul confirm report contain want social final number build small charact grow degre technolog wrong opportun discuss set avail,0
weekli report project updat mission heart ga ground none real case read notic appear sound,0
schedul confirm budget review guess appli pay shoulder item forget identifi offic fact full leader window,0
select limit guarante guarante win win limit offer guarante urgent art togeth natur els account,1
schedul confirm schedul street page inde establish accord sourc cold total beyond cultur shoulder detail soon,0
meet remind meet much full interest scienc presid theori,0
meet remind project updat drug staff machin thought hold partner analysi avail hair offer attack alreadi never suffer,0
urgent cliam prize win win guarante guarante free urgent free urgent win click offer artist treat relat listen spend short think,1
win big guarante offer free free cash win offer free urgent safe school class polic materi time although four,1
project updat schedul level half believ profession notic space,0
win big free offer urgent limit cash urgent free limit win offer cash free cash limit free educ reach accord particularli garden profession mother,1
project updat meet trade card true point establish nice without,0
win big win win limit win cash offer cash win condit southern quickli great coach peopl rememb first,1
limit offer win offer guarante offer offer offer guarante offer win urgent click materi add beyond citi game reveal task seat music hour price weight run,1
urgent cliam prize cash urgent limit urgent limit urgent limit ago never describ laugh mani econom benefit light final meet star suggest wife,1
meet remind project updat friend popular product group respons sport stuff save show world happi either gener church,0
select click win click limit click guarante guarante urgent cash cash limit win cash subject region avail may base list final realiz hold,1
meet remind team sync direct note point futur issu despit lay help recent defens,0
project updat team sync answer anim center two keep certainli ask defens natur eat admit money top,0
project updat report current option individu benefit feel person relationship threat offic health past mean author yet effect els play billion former without score tough author everyon order chair music,0
win big free offer cash click win urgent offer offer guarante offer urgent cash two presid famili inde green front provid start could analysi option line,1
project updat project updat run qualiti station camera buy littl rock alreadi pm,0
select urgent urgent cash free free free win offer limit guarante limit cash box manag side campaign born activ anyth mani act market budget feder,1
schedul confirm report half week north sometim old room rather owner peac court child may polit messag teacher capit troubl natur deep behind law scienc figur,0
urgent cliam prize win click limit click guarante cash possibl pick billion civil strategi point three difficult everybodi gener design side,1
win big limit free win win cash limit win win click cash offer urgent click win cash spend thank dog travel person subject role list art suffer account enough remain,1
limit offer click click guarante guarante offer free offer click limit click click cash challeng feel kind short bodi rock issu east,1
meet remind team sync futur rest seat catch low prepar task work american work idea reach address call organ especi amount accord polic event sever,0
select win win offer cash guarante limit urgent offer click win guarante free campaign repres way relat five later discuss key budget meet item posit term,1
meet remind project updat hope sure heart firm wrong million appli truth wear approach scienc act,0
schedul confirm team sync floor challeng rather decad mention take beat final bag caus past,0
urgent cliam prize free free click cash free click urgent manag public hope sing pay charg agreement green month white,1
urgent cliam prize limit guarante free offer free free free win guarante limit click urgent click guarante firm read rais purpos make per commun physic six,1
meet remind meet train near lay bill section base tabl recogn around american road size lose forc,0
select guarante urgent click urgent free urgent click offer win agent enough collect idea car hour accord paint place month medic,1
weekli report meet method sing focu within keep account cover famili statement indic cultur variou state across person,0
meet remind project updat check debat degre experi east stop sell measur speech turn caus item size serv writer offic wonder one turn,0
urgent cliam prize win urgent guarante guarante offer win care total writer team brother discuss anyth theori term control,1
select cash offer click guarante free cash urgent limit limit free newspap set special colleg polici mother top career,1
weekli report team sync eight start floor ever behavior expect feel sort littl five educ western littl bit behavior,0
schedul confirm schedul indic play fli brother posit read stay state,0
weekli report meet far news live produc tv onto word charact whatev bring rest,0
project updat meet common tv girl within differ book friend dog agenc garden confer practic smile toward especi rate blood statement,0
project updat schedul soon sell tonight environ practic provid,0
schedul confirm project updat whether rais rang feel benefit everyon result stop dark million within,0
select click win offer limit click top yeah person color page includ sourc heavi reason,1
schedul confirm project updat plant requir race strategi western economi one place sever,0
limit offer cash free limit limit win cash guarante guarante free movi art exampl recent man cover receiv floor detail,1
win big win offer urgent free click free win click free cash guarante pictur author relat build comput histori edg imag friend explain hope summer,1
project updat meet decid book growth respond fire real candid get wide within way respons person loss presid,0
weekli report team sync cut custom action easi project realli great two free sourc teacher watch word get futur rais rather today,0
urgent cliam prize limit click cash urgent guarante cash guarante free cash offer limit free click offer win worri larg project mayb ask sell happi show practic littl dog minut,1
project updat schedul articl real system anoth defens enjoy type region form note mr,0
weekli report team sync repres american hold happen sourc watch agre third answer light,0
select click offer win urgent cash click win limit guarante click guarante guarante guarante click lawyer anyon break wonder seek guy weight price hard central treatment,1
meet remind budget review camera treatment situat marriag usual buy agreement radio phone allow expect control possibl front rais room reduc along charact,0
urgent cliam prize cash win click free win guarante cash offer offer cash urgent click cash urgent high read pictur bed studi necessari futur chanc remain man trip,1
project updat project updat fast record memori start window hous order money number,0
select win limit click free cash cash offer limit limit urgent win need studi industri water instead babi enter recogn end,1
weekli report meet determin true run describ nearli togeth street hot usual none,0
win big free click free free offer offer offer offer offer click click let rise drop continu book mention weight,1
limit offer click free urgent free free free limit win offer urgent urgent station turn road issu girl execut sing human play,1
weekli report meet perform court financi card third buy white mr increas stop total throw scene talk brother,0
schedul confirm schedul although realiti consid data speak tax go note everi former good attorney game congress,0
win big offer free click win cash click win free click limit urgent four hit mr feder sing famili term,1
project updat team sync medic learn support million art glass game use student east develop organ win,0
meet remind meet activ woman fast must someon item posit share relationship team bed card smile attent,0
meet remind team sync could loss forget wonder special dream appear prove build say,0
urgent cliam prize free free free urgent cash cash cash win offer cash urgent someon adult hand drop surfac firm blood difficult,1
weekli report team sync direct wait fear someth adult determin even group whole cut treat spring,0
limit offer limit offer free click urgent cash urgent particular movi line resourc next control,1
project updat report appli popul scienc discuss decis scienc necessari els yard allow,0
schedul confirm schedul second involv student special seem fli far reflect discuss parent report,0
weekli report budget review unit earli heart accord qualiti everyon order everyth drop author meet build lot,0
schedul confirm team sync fact six none late servic especi trade challeng full rest peac troubl drive polic trade skill first,0
limit offer guarante urgent cash offer guarante free limit win cash recogn add mother spend caus treat polit,1
schedul confirm team sync glass human includ way entir among region consid resourc condit need old behind,0
weekli report report administr run nearli stuff decad someon morn glass,0
meet remind schedul mr site action coupl store sell smile skill write left,0
schedul confirm project updat author game bring size current wrong discuss challeng defens,0
schedul confirm meet rather hand determin make board experi offici suggest sit abil affect say cost figur televis,0
project updat schedul per floor materi past per see professor also read man,0
project updat budget review home custom sport ten speech foot care difficult human model properti rule,0
urgent cliam prize free offer urgent guarante click win somebodi scienc close difficult guess relationship soldier night perform stop woman left,1
select free win win urgent free free limit urgent offer free limit home build worri indic head teach unit meet stage qualiti look artist,1
select urgent cash click win guarante polici listen purpos ok perform environ includ trial product open check,1
weekli report project updat crime improv within truth five detail section polici throw artist,0
meet remind schedul allow choic term expect item practic big,0
limit offer limit offer free click win urgent limit limit urgent offer click urgent free blood candid order much owner,1
weekli report report throw drop miss visit hear away pressur,0
weekli report budget review bring summer insid hit model son interest everybodi along although stuff right late approach involv,0
meet remind report firm heart tough differ figur inde theori health number bar almost approach rais,0
schedul confirm project updat word physic analysi still past singl rememb share impact miss piec career trial sell bodi follow class certainli includ know media accept author old,0
schedul confirm report wait art ball confer million guess better need book improv educ often stop explain,0
schedul confirm schedul clearli agre wind seri go station involv option life,0
schedul confirm project updat line learn truth though though repres keep cup product attack three major rang,0
meet remind team sync option matter back abl owner step evid,0
project updat report discuss black variou cup crime today ga head seem servic green,0
weekli report schedul popul practic child edg remain floor cup hit,0
meet remind project updat type evid activ trial develop director plant bad sound cup site occur,0
project updat team sync next scientist popul elect minut offic congress marriag scene instead manag,0
select free win guarante free offer urgent offer limit win click offer good small first mean pick red measur,1
weekli report report parti exactli beyond push learn top relat left rich new blue support gener run find father across tradit,0
win big offer free offer urgent urgent guarante limit urgent urgent offer campaign person less true west guess anoth identifi ask,1
win big offer click offer win free urgent cash real type economi build art civil sport current church accept note,1
meet remind meet reflect full keep player also eight protect side understand cup often messag miss seek teach blood anyth five drug mayb establish,0
weekli report team sync explain car movi color happi water book could amount beyond,0
project updat budget review skin receiv identifi cultur although listen focu fact local word,0
urgent cliam prize guarante win urgent cash cash click free limit win offer urgent click urgent win mr woman partner form organ ye administr,1
win big offer free limit win guarante limit cash urgent free urgent build comput secur whole much increas activ anyon hot experi crime wait,1
meet remind schedul lot chanc success treat girl,0
schedul confirm project updat child item natur chair pay much suggest suffer industri treatment pull earli soon rich name arm garden identifi season final seat stop pressur messag decis chair,0
project updat budget review tri treatment power might page pm garden game magazin situat rock lay sign,0
schedul confirm schedul sinc expert bank forc recent risk son wait open earli appear gun buy turn skin defens oper,0
select click free win offer click offer click guarante click free chanc partner guess prove along ball consum accord research import,1
urgent cliam prize urgent limit cash cash click click offer cash guarante offer bad occur wonder paint languag necessari air far organ,1
select win cash offer urgent cash click offer guarante cash guarante career base author build close anyth leader half nation fact mind,1
project updat project updat wife make sourc guy thousand establish simpl capit skill base smile ye issu catch film result sometim,0
limit offer guarante win limit offer free win offer cash cash click free fli issu decad final race foreign region piec fall owner even,1
limit offer limit free cash click free click win guarante cash cash guarante guarante guarante free limit owner three film way creat half thousand member,1
win big limit win click limit cash guarante limit offer limit win offer offer win click click rememb condit save first voic coach train way ground join list never,1
limit offer guarante cash urgent offer guarante limit limit offer limit limit win soldier worker go happen differ explain mother,1
weekli report meet expect strong anyon,0
meet remind team sync begin build remain ga reveal thu tri ball rest tabl certainli type,0
limit offer free cash guarante urgent free cash cash win urgent limit cash mr player smile purpos opportun manag actual food,1
schedul confirm project updat measur admit treatment find yeah car three current let voic charact,0
schedul confirm budget review two fast night media impact institut model discov thing servic push,0
urgent cliam prize win urgent click cash urgent win cash guarante win cash click urgent black offici left sinc ask better crime song,1
urgent cliam prize win cash guarante win click limit limit offer limit limit offer guarante win win offer affect energi troubl room enter sinc,1
project updat team sync paper environ friend involv paper billion pick game media star,0
win big click free click free limit limit urgent guarante guarante guarante offer limit senior voic civil magazin situat sinc hear yet,1
weekli report team sync western edg differ fund charg dark tell individu black truth rest minut product onto,0
win big click free urgent guarante win urgent offer urgent offer free offer season audienc american reduc gun answer,1
schedul confirm team sync imag movement commun stage recogn hope quit thousand approach movi imag price,0
limit offer free click free limit limit win urgent free cash guarante free limit cash cash law practic south larg event effect add head field inform area,1
urgent cliam prize offer limit limit free limit win urgent guarante night road hair thought six detail black plant firm,1
weekli report schedul either miss item someth perform drive machin sens art degre first mouth probabl ye,0
schedul confirm meet base woman,0
weekli report project updat togeth wonder actual share manag build reflect especi song tabl eat phone evid section catch,0
select limit guarante cash urgent cash consum variou success certain mother thing expect smile probabl mr laugh,1
limit offer cash cash cash cash guarante limit cash urgent success realiz prepar coach earli spring first system,1
project updat meet determin give court find,0
weekli report meet third bag quickli big black includ step troubl life ok tonight,0
weekli report schedul across stop unit woman profession compani food third million set kid,0
project updat budget review structur network although bed pass ball book around admit like radio littl reduc land,0
schedul confirm project updat democrat live paint stop though larg pressur admit news western short break gun main debat pattern thousand man southern face noth think,0
schedul confirm budget review growth husband scientist machin,0
urgent cliam prize cash free guarante offer win cash click free click offer click offer around compani price huge agreement invest,1
project updat meet find increas claim colleg face ever particular newspap,0
schedul confirm report although often parti minut seri rich analysi beauti help break view reveal develop man want staff variou cut second,0
project updat report perform earli exactli claim particularli north execut present lay two line cut recogn claim method inform check free ok,0
project updat meet toward issu decis larg alon small movement natur total help stuff imag player,0
select urgent offer guarante urgent win cash letter window soldier degre centuri respond develop data camera two movi summer ye,1
schedul confirm team sync list yet move put better becom like fund morn class keep,0
weekli report meet decis road sometim believ address ahead realiti order cut,0
schedul confirm team sync owner assum day involv hundr alon help price west colleg hit unit far,0
urgent cliam prize limit win cash offer offer cash limit urgent urgent limit free reveal mouth card human manag hous physic resourc million share sister,1
select urgent free guarante cash urgent click free sell direct phone appli citizen popul moment imag know charact old,1
weekli report meet brother pressur rang grow matter cost interest attack attack data control side chang result,0
project updat meet assum insid friend mind director project custom differ let leav hot everi manag,0
win big cash cash click urgent win former walk centuri well play entir young,1
limit offer win offer offer offer win click guarante win cash click free issu style resourc cold air kid concern rais bodi race chang name join,1
schedul confirm report popular thu employe,0
schedul confirm meet tabl insid continu materi tend know list get ground activ,0
project updat report upon chair econom loss beyond ahead tri new left thought develop research hold scienc reflect simpl east,0
urgent cliam prize guarante free offer offer win win click guarante urgent limit urgent click win stop door forc past medic,1
meet remind schedul team meet run continu,0
meet remind project updat often fight away challeng stuff last whether word add offer world,0
schedul confirm schedul enjoy mind per colleg sort mr hous hope specif marriag listen event famili moment chair age,0
schedul confirm budget review key imag easi ahead kitchen custom,0
project updat schedul necessari thought els respond return secur heart guess realli past reach success standard,0
project updat team sync side voic valu throughout health huge cover letter parent rememb paper cours close sens major past somebodi direct alway wait,0
weekli report budget review trial citizen citi increas radio remain hear arm dream dream claim futur exactli,0
schedul confirm project updat seven reason set go work variou accord tell structur big hold,0
schedul confirm report leader sing class,0
urgent cliam prize urgent urgent urgent free offer free win win finish abl bank resourc involv,1
urgent cliam prize free click offer cash free limit free limit offer click limit last senior step get court thu,1
win big guarante click urgent urgent win click win offer free limit wish far secur five ago upon,1
project updat report ground first know support particip popular detail els real rock outsid believ stay end year time call wife stay also product environment,0
meet remind schedul idea read red thank magazin blue born certain recogn within eye section tabl,0
schedul confirm team sync kitchen give execut avail decid differ move contain catch energi experi western especi practic fast cup late sister,0
schedul confirm meet meet materi sing care boy work popul messag mr level actual trade,0
meet remind team sync paper without right relat hotel miss degre sound inde mean full,0
win big limit click offer guarante urgent offer limit offer thousand scene enter peopl third quit sinc year phone campaign,1
urgent cliam prize offer cash win urgent urgent offer cash win cash limit free guarante cash cash guarante caus real tonight even line seven size,1
schedul confirm meet throw thought return lay determin turn close claim outsid,0
weekli report project updat pass season beyond wife forc add major hospit drive say,0
schedul confirm budget review oil decis sens institut drug choic provid score describ art race mr,0
urgent cliam prize win guarante free guarante guarante win free win urgent guarante click simpli civil five mention,1
weekli report report treat polic crime imag differ fear project move food class educ father special popular thought last tri,0
urgent cliam prize guarante cash offer offer limit click cash win limit guarante win click carri part parent ball though outsid,1
weekli report schedul age worker race stage without sister offic five third,0
meet remind team sync town respons summer bag check play enough candid staff allow save gun plan yet third leader price someth believ,0
weekli report project updat everyon task stock earli interest easi break econom partner total attorney worker,0
project updat project updat account institut ye vote event recogn back item voic car final,0
select win win free free free free cash cash free urgent guarante urgent republican involv seri around base spend,1
meet remind report final futur relat intern tonight modern design allow though kitchen quit well close member put often challeng,0
project updat team sync drop major let least full differ great magazin project attent,0
meet remind project updat middl trip food citizen seek north earli tv group somebodi pretti,0
weekli report project updat interview purpos yet deep somebodi wonder write chair artist,0
urgent cliam prize free urgent free free free limit guarante limit limit cash limit cash benefit democrat sound militari contain seri war either clear set learn,1
weekli report meet either drop onto decad thu creat husband forc,0
win big limit offer click free win limit limit limit click click win win exampl believ seriou news class ye carri,1
urgent cliam prize offer offer guarante cash urgent click click guarante offer edg may reach continu set attent show comput actual current care,1
weekli report schedul materi lawyer write theori beauti owner see expect leader agre suddenli chair prepar,0
weekli report schedul major hour build music idea studi relat trip store,0
project updat budget review languag left west whatev opportun fund experi blood thing reveal visit comput sea whole front articl realiz,0
win big cash click cash urgent cash offer guarante free urgent guarante free guarante win alon book hour commun night door fear,1
project updat report card rock note argu natur benefit thought educ season go,0
schedul confirm team sync better per small forc matter dream number protect live,0
schedul confirm project updat situat take local site wind thing analysi like,0
meet remind report gun blood might pick nearli suddenli moment entir standard consum hair somebodi girl sens,0
schedul confirm meet ball top outsid none ten law present,0
win big limit click cash urgent offer free click offer win win limit cash click work wear ball hope democrat boy,1
meet remind meet human usual head machin star sound elect say leg minut avail great effort professor togeth remain big hear scene,0
weekli report meet box choic left watch catch bed democrat five rich agent respons citi speak suggest,0
weekli report budget review arm scene argu singl mouth green polit american,0
schedul confirm report explain subject say parent doctor plan choic inform wife help camera creat safe countri togeth music power imag wear first modern case professor life differ,0
win big limit free free win free guarante offer urgent cash cash click cash urgent limit click respond somebodi rather yard idea step tri,1
project updat team sync without final result least mention guess suddenli product notic surfac staff special effort,0
urgent cliam prize free cash guarante limit free cash guarante guarante free offer offer free limit free urgent messag allow strategi decid life place,1
weekli report report power pm staff author type trial suffer stock main agreement,0
schedul confirm schedul other statement mayb catch person senior citi member believ polit soon newspap north newspap resourc,0
meet remind meet current scientist mr fund employe say health music candid skill half form bad,0
meet remind report heavi heavi earli cover increas show,0
meet remind schedul news sound natur key accept crime player behavior collect physic cost somebodi instead trial news school behind trade student,0
limit offer offer offer click free offer offer offer sea stuff technolog studi pull elect help,1
urgent cliam prize guarante click win offer cash limit free guarante pictur western trip western happen organ identifi develop wish commerci music friend,1
weekli report team sync wide sure listen state without inform world plan across somebodi earli,0
meet remind report piec southern throw risk line benefit republican abil differ say leg commun score,0
weekli report team sync approach polit front level town success stay away opportun ok fund clear role art,0
schedul confirm team sync babi hair make low throughout process husband administr section learn team custom power minut fund right leader choos oil,0
schedul confirm schedul behavior major studi relationship leav summer pick militari agenc marriag key dinner financi exampl see cultur arm law point,0
limit offer click win cash win cash free click limit win limit south huge day idea forward letter pay voic idea final,1
urgent cliam prize click guarante urgent urgent click click urgent establish someth good five keep home,1
project updat budget review accord hot beauti protect avail south popul still compani often former forward pull dark environ best place find shoulder,0
schedul confirm budget review rather full day,0
project updat project updat cup final decis alway summer laugh posit sure repres heart,0
weekli report project updat fact staff attorney page commun final black director measur fire larg bank new american draw small opportun pattern,0
meet remind project updat scienc understand would particip expect within within follow mention sure hard must child,0
urgent cliam prize guarante offer offer cash free free cash break leav major partner exampl,1
win big win win limit guarante click offer urgent limit offer cash offer free free limit limit articl pressur letter ground miss contain job car establish product,1
project updat team sync read son debat success fish offer player street action simpl step scene,0
select limit urgent free click click win guarante click cash urgent limit urgent offer urgent cash loss anoth support teacher design pass push leav plan kind pay heavi,1
select win win offer guarante offer limit guarante click guarante urgent click urgent free urgent offer growth industri offic talk second billion owner languag though,1
urgent cliam prize cash urgent win win cash click win click limit offer gun effort play explain commerci day phone,1
meet remind report paint follow enjoy garden educ fli senior,0
weekli report budget review travel behavior minut former poor best price instead team whatev articl famili candid offic record trial requir fish world,0
win big win limit limit urgent cash senior child develop note languag polici show music risk interest year,1
win big cash win offer free free offer offer limit cash free win win urgent offer wind pressur adult profession leader face system central machin fund better brother,1
schedul confirm schedul larg enjoy comput never movi reason wind sell among girl score protect,0
select offer free free click urgent offer guarante offer cash limit click guarante win guarante click doctor find fish market site bed rather say,1
win big offer guarante guarante free click click cash limit limit click readi plan onto poor goal open take reach size agenc air present,1
weekli report schedul suffer task professor power anyth often avoid movement probabl resourc easi book strong cup custom could,0
win big win win cash guarante offer cash win urgent offer dark give paint improv weight similar away anim stori surfac question boy econom,1
project updat project updat man charact theori suggest person station card quickli creat professor today food collect group eat expert low ask els,0
schedul confirm schedul democrat loss market modern two mind big unit film blue,0
schedul confirm meet threat natur home tradit energi variou quickli believ arm book troubl must month wind big approach free,0
weekli report team sync tv street event religi dinner hospit paint season presid month keep happi west natur treatment heavi citi,0
urgent cliam prize free urgent free guarante limit local former public seven wide,1
project updat schedul inde challeng staff short,0
meet remind meet teacher posit cultur guess dinner former walk posit without busi rais room,0
win big click offer urgent urgent cash offer click offer click offer offer guarante urgent limit win news clear present decis low product us thought discuss,1
urgent cliam prize win guarante win click guarante click guarante cover car insid seat high caus member vote price talk,1
project updat budget review war real season color hospit tv train everyth top,0
schedul confirm project updat loss run health stuff imagin suddenli drug run score throw relationship imag yet reveal,0
weekli report meet meet manag economi upon piec later question board everybodi,0
win big limit limit win free win limit urgent limit rate seriou quit moment might life,1
limit offer offer free free cash free limit skin tv skin network word gun,1
meet remind meet alreadi tabl look protect relat visit hold give natur top west,0
urgent cliam prize urgent urgent click click offer cash cash free method degre eat former accept rock mayb phone sell,1
urgent cliam prize click limit cash win cash offer win discuss improv choic lead huge order guess writer free hospit owner per,1
schedul confirm project updat oil candid recent laugh report town know plant,0
win big guarante guarante cash win free click cash win limit limit among differ bodi moment subject former everyon tree especi tv,1
limit offer urgent limit cash free cash limit guarante offer offer guarante urgent win spend half coach pay exist cold coach,1
weekli report team sync month model although,0
project updat meet doctor across draw recogn involv expect perform,0
meet remind report moment administr director town cours consum noth busi cup offici quickli situat,0
weekli report schedul green like often maintain capit life respons popular drug necessari also thank forc model certain suffer decad concern page,0
select cash urgent guarante limit urgent imagin view hard test next,1
meet remind budget review respons way threat toward agent sourc agre late foreign green edg adult west give amount,0
weekli report team sync provid bit law first without build order beat work sure rule matter determin bad,0
select click cash urgent cash guarante cash free guarante win cash win offer urgent offer subject appli across standard deal test tradit cup,1
schedul confirm team sync attack short water along reveal area rise cours weight order million economi thousand store nation phone difficult middl opportun provid tree medic line perform,0
win big click limit limit cash urgent urgent guarante urgent free free develop pick produc factor materi effort import difficult team hot specif,1
weekli report meet event follow huge earli friend behavior cell respons star impact realli marriag place,0
urgent cliam prize free win free limit offer free free win guarante cash free cash free cash click feel earli trial truth speech name behind hundr,1
limit offer win guarante free guarante click free guarante rememb cultur detail yeah never pick approach intern along,1
urgent cliam prize click click urgent guarante offer offer urgent offer limit offer click win guarante number guess husband memori gun worker ga note person right appear,1
meet remind project updat activ move leg mention bodi may citi materi poor light back posit mr posit imag place ground,0
limit offer guarante urgent urgent cash limit cash guarante free guarante offer limit rise tri window degre ever air,1
win big cash offer urgent cash offer click cash practic skill safe deep north wish worri billion coupl involv sea civil imagin,1
project updat budget review product attent first role mr like cours appear head,0
meet remind report commun challeng public govern edg trial american agent glass hospit common time night environment scene movement design,0
win big limit free offer click limit limit free cash talk fall team main list two,1
urgent cliam prize free free guarante click free free urgent urgent urgent urgent cash urgent face movement never team focu perform space middl season number,1
meet remind report north hand region could child west tri mouth worker discuss explain sens common analysi still far,0
limit offer free win guarante offer limit guarante win offer win limit cash win free offer urgent bill ye nation bit main although address director fear,1
project updat schedul materi financi everyon american nice rais event goal,0
limit offer click click offer limit win free click limit cash limit guarante free physic bad carri whether feder state behavior sure old,1
win big cash free win guarante offer limit limit offer limit guarante click win urgent specif financi listen spend fear end point drop,1
win big cash guarante offer click free offer click right blood price hard thu assum give seven remain,1
schedul confirm budget review centuri senior rather owner peac store relationship invest view tend result win forward senior send guess fact perhap player,0
project updat team sync effort rise simpli seat organ ok camera letter,0
project updat report act studi man decis imagin visit similar even compani skill seem,0
weekli report schedul old candid talk order skill start send glass whose girl certain safe sea third garden minut local four miss seven hotel store,0
weekli report project updat larg rather democrat enjoy,0
schedul confirm report polit especi buy box shoulder interest professor choos market morn almost relationship bill life offici cell,0
project updat schedul ahead popular last signific read good physic live focu increas train right bodi scene futur secur profession theori total machin land,0
win big urgent cash win win click free assum think big mother attack loss process space actual,1
weekli report budget review author ask child manag morn station miss tell economi democrat job light,0
project updat report tonight record hard professor avoid report heart televis certainli ga benefit list perform visit republican,0
weekli report budget review environment structur water involv econom owner east right seriou seat entir polici address tv,0
project updat team sync drop sport manag avail establish sourc tell phone,0
limit offer guarante win win offer limit offer free near far skin instead artist keep societi occur,1
schedul confirm budget review bad boy like agreement particular inde game build expert suffer gener compar end possibl central,0
win big guarante offer click offer offer cash limit guarante offer free urgent low woman radio mind possibl purpos allow knowledg everyth fight way,1
limit offer click offer cash guarante click guarante offer creat administr despit parent back field,1
weekli report report thank around rais fish creat defens parent campaign without simpl strategi,0
meet remind budget review task end sister network pictur,0
urgent cliam prize urgent guarante offer urgent free offer click free offer guarante limit lead dark work beauti well occur prepar seat part may,1
urgent cliam prize free free urgent guarante guarante urgent win offer writer bad music carri open record specif current,1
select guarante offer free urgent guarante four avail pick number read subject analysi phone catch style thing,1
project updat report leader rate polici wear everyon level attack cover particular train game challeng,0
win big cash offer limit free limit cash win theori sing billion win,1
project updat budget review recent energi rememb type ever method fear languag debat blue admit foot bed court main discuss anim win suddenli colleg special seriou countri,0
meet remind report fact avail least effect offici go drive sport continu common colleg medic smile,0
weekli report meet across detail rock two,0
weekli report budget review movement forc compani readi colleg south exampl move window set respons,0
select free limit guarante offer limit click urgent free limit free guarante win cash half allow offer discov maintain central,1
weekli report budget review daughter particip forget ask amount sport agent develop similar,0
meet remind team sync power democrat true condit war hundr worri report record reflect measur consum less articl,0
limit offer win urgent guarante urgent cash guarante offer guarante urgent win respons director local report hear among imagin,1
schedul confirm project updat paper tonight hundr world big cup line realiti,0
win big free win win free cash cash guarante offer click smile peac nation crime eye among director religi could requir,1
limit offer offer offer limit guarante offer click guarante win guarante condit fact speak trip religi leg meet,1
schedul confirm project updat grow record alway govern posit end spend signific bill put method abl particular away attorney way sit fact choic campaign servic bodi hotel larg spend charg attack,0
select free click limit offer click guarante offer win cash cash click click behind qualiti partner girl pm,1
project updat meet alway anim street husband rule agenc requir process child rang,0
schedul confirm project updat return financi action believ foot follow hand never hundr signific student class grow want run,0
limit offer free click urgent free win cash offer research spring issu white check action,1
win big offer win cash limit win limit free click surfac person girl yard,1
win big cash click click limit limit click guarante contain everybodi gun mayb wait drug style posit floor detail requir,1
limit offer urgent cash click urgent free cash last scene specif agre tend vote nation front read,1
meet remind project updat coupl best accept beat safe american far lot realli manag live individu perhap act,0
limit offer cash win free limit win urgent click push let start strong differ troubl decid studi rich,1
meet remind budget review last work truth leav entir pay size lot support team project three properti invest administr huge may tri,0
urgent cliam prize urgent offer win limit win limit offer limit urgent offer cash win natur build local stock success market opportun charg opportun,1
select offer limit offer free cash limit urgent guarante click ok true make staff bill assum,1
weekli report meet ago wife anoth energi later fill support deep top discuss administr senior decis,0
weekli report budget review sell without occur pay unit set check current figur offic threat act pm,0
meet remind budget review ask anim someth forc later develop loss practic nice threat yeah increas continu month none rather,0
weekli report budget review carri rest industri still somebodi kind firm year morn get focu happen becom nearli condit languag address decad tv,0
schedul confirm team sync expert around million special main level sometim sell top site threat properti fast take one fli,0
schedul confirm budget review color challeng everi control open describ heart,0
urgent cliam prize win free win free guarante limit free click cash cash urgent win morn friend popul structur go econom,1
project updat budget review smile far day tonight figur amount,0
project updat team sync bad train true defens manag far religi time side along hair indic compar scientist end parti late,0
project updat report team cost break answer claim institut despit billion choos five like gener polit even right,0
project updat report three new exampl resourc languag busi environment fish hotel real travel,0
project updat schedul mayb eat discuss color live impact meet offic help way tell includ caus go wrong economi list sometim,0
select win cash win cash guarante urgent limit urgent click free guarante win click interest other great parti ever larg age,1
win big limit limit click click guarante urgent limit cash limit urgent click cash win limit cash statement imag middl attack collect money even,1
project updat meet past moment hard imag end local spend citi radio number,0
urgent cliam prize win win win click guarante win cash click click forget fire heavi almost account process section director claim,1
win big limit urgent click free click limit urgent guarante limit win guarante trial commerci part rule tabl thank let,1
meet remind team sync school seat run show success help mr fli section pm manag campaign light around year happi forc,0
project updat budget review beauti sign low seriou nearli opportun ahead home new reach share weight protect wide babi cut human,0
schedul confirm report seat readi even detail languag face beauti,0
schedul confirm meet increas cost like ask economi studi prove piec notic easi,0
limit offer cash offer offer offer urgent limit free cash girl understand poor capit model local church insid condit certainli agent,1
schedul confirm meet week societi elect respond sure rais earli new entir secur true green quit gener also,0
limit offer win guarante free free offer urgent offer point trip watch floor,1
select guarante guarante win urgent cash free guarante free fund reveal begin noth tough author step stori attack next month,1
meet remind report move list fast present spend sit need polic,0
meet remind report sit onto possibl west recent suffer requir situat scene tv main posit ball,0
schedul confirm report smile role financi form move might medic kid health public,0
urgent cliam prize cash offer urgent limit limit offer cash click cash click cash free cash offer concern cup anyon past support tradit thu current tell mother,1
meet remind report onto relationship leg list confer director seriou door hospit mani work run agreement institut,0
meet remind team sync pay bar use loss happen find middl spring mr deep follow five perform get arriv girl,0
weekli report project updat anim forward mr wide go piec leav anim republican miss movi school purpos,0
select win free cash win cash game voic troubl free whether alreadi,1
schedul confirm project updat follow forc behavior want noth foreign artist tri deal light train true despit lot wind answer player,0
schedul confirm team sync arriv avoid discuss ask custom former senior truth job way citi church wall star,0
weekli report meet health fall imag foot institut spend high project alreadi thought mani add see rang order growth,0
project updat budget review boy week capit wrong event relationship care pass oil write civil price base left land subject enter state feel reflect speech lay,0
meet remind project updat along ye research let growth major effort argu song option strategi product join gener,0
select click free free win urgent urgent cash win limit limit offer win limit trial safe success understand million languag speak build state care,1
project updat project updat school perform court medic main true area oper year either whole result billion time,0
project updat team sync determin futur secur guy soldier,0
win big cash win guarante limit offer cash offer win offer win back continu standard see town direct heavi project catch kid,1
weekli report schedul quickli sens physic color buy month case goal piec serv ga trade troubl difficult home guess serv,0
urgent cliam prize win cash free click free structur wait onto amount lot ever receiv war appear coach,1
limit offer urgent win guarante cash cash cash offer urgent win limit guarante urgent win great fire town allow histori leav readi focu mouth issu,1
urgent cliam prize limit limit free urgent offer offer guarante urgent urgent win cash guarante offer feel candid writer sport choos level,1
select guarante guarante cash free win win click win win win urgent free presid key section right week follow present howev travel everybodi eight,1
limit offer urgent click click win guarante free offer cash make model process notic unit invest rich discuss,1
meet remind team sync right feder run turn econom whether claim southern effect call give choos option top activ fish,0
urgent cliam prize guarante limit guarante cash urgent urgent urgent click click offer win babi line establish environment blood reflect wide within two nice modern report,1
urgent cliam prize limit limit free win win click win click cash limit similar season somebodi blue perform carri like throw interview,1
project updat schedul occur truth build partner success finish,0
urgent cliam prize offer limit limit cash urgent offer urgent limit parti quit dream realiz unit forward southern often,1
project updat schedul short thank form histori staff research identifi upon pressur contain,0
meet remind budget review togeth share understand beat money becom must properti,0
project updat team sync person state line differ sens,0
schedul confirm schedul fear hot polici last fire option grow theori media,0
urgent cliam prize cash click offer limit offer cash free cash cash win shoulder nice choos similar studi,1
select offer guarante win offer offer argu strong open becom skill medic book us oper blue stand,1
schedul confirm project updat hotel militari win old govern tri health store argu sell rise ga prepar,0
meet remind meet base pull includ medic throughout boy station side current decad loss articl safe big total pass trip posit follow rise surfac,0
urgent cliam prize urgent urgent free click win offer offer win wall alway effect leg respond act,1
weekli report team sync dog firm pretti agent word reflect well degre glass even suddenli resourc success open artist around maintain store,0
limit offer limit urgent win click win win free cash click structur card card sound insid wear custom futur,1
schedul confirm meet bill someth use debat certainli polit custom collect variou oper enjoy color,0
weekli report budget review pass public cultur pm suggest unit board plant like thu,0
project updat schedul data insid social time togeth offer front explain cold,0
project updat budget review troubl effect left western foot long ball news walk,0
limit offer cash click urgent cash offer urgent win urgent offer win limit cash guarante urgent properti would suddenli window person idea blue reflect accept differ south,1
weekli report meet alway ahead task articl last offici true realiz understand arriv babi avoid languag guess team better,0
weekli report report later church bit paper foot requir middl station hold presid,0
schedul confirm budget review produc pay life prepar practic mr,0
urgent cliam prize offer limit limit cash click free urgent urgent guarante cash limit travel word maintain presid page approach issu,1
project updat schedul food piec listen car even travel commerci offic present measur rememb interest less week,0
select offer cash offer guarante urgent guarante happi tree argu total particip head drop hotel push around environ special pick,1
select limit cash limit free free guarante urgent cash cash click cash cash though polic west occur throughout allow,1
meet remind project updat year believ believ mayb languag heavi anyon,0
meet remind budget review perhap carri fear must moment church land art valu red specif data alreadi better market event cultur dinner marriag quit plant blue manag,0
meet remind project updat music state eat fish cultur time environ air former ball variou plant happen total state structur,0
urgent cliam prize guarante guarante limit click cash click media audienc central control hear relat,1
project updat team sync choic mayb ask consum radio form least choic share pull fund,0
project updat report piec special green hold four kind condit occur magazin check notic variou hit toward dinner,0
weekli report team sync learn other noth worker,0
project updat report particip reflect growth data parti sometim treat argu,0
meet remind budget review affect current sport impact natur stori feel heavi live year green prevent affect,0
weekli report report worker hold sing strategi kind trade teach,0
select limit guarante offer guarante guarante urgent offer cash face nation receiv agent idea social,1
weekli report team sync ga determin usual end vote within,0
select cash win free urgent win win star oper elect level open skin movi face appear small,1
meet remind meet send especi happen financi tonight wrong current morn societi well long respond behavior wear mayb five around husband child,0
urgent cliam prize guarante guarante cash cash free win theori statement let forward white paper career,1
urgent cliam prize urgent guarante cash win urgent urgent cash cash free offer confer take million fli becom say front break perform institut parent,1
project updat team sync move newspap speech want differ six offic left televis charg score plant presid seven,0
weekli report schedul along total individu readi let bring much dog larg teach account option success scienc new degre tend sign grow site find order invest,0
project updat project updat start occur mission finish world creat realiti polit weight democrat exactli,0
project updat budget review floor pull seek explain realiz cold garden suggest evid field,0
win big free offer click free urgent offer guarante cash cash limit offer free coupl state beauti popul leader reason wonder career mr work sinc,1
schedul confirm report right adult either happen list move present concern voic,0
schedul confirm meet seek parent gener act sure maintain store success wide blue wear level,0
limit offer offer urgent free urgent limit free win win win cash limit win free offer guarante break tri art push creat deal respons factor qualiti space pass,1
weekli report budget review reason sport garden debat usual start special suffer technolog commun vote fight evid,0
limit offer urgent offer cash guarante click offer limit free cash urgent win name begin thing simpli floor outsid includ throw natur let,1
urgent cliam prize limit urgent urgent click limit limit limit free free limit thu energi relat educ debat ever behind address home,1
weekli report meet final enter mani daughter skill shoulder miss wide owner keep mention price option check militari hous next,0
project updat project updat must behind money sister team upon low forward data wind consid offic,0
meet remind meet good relat instead determin tri charact daughter detail recent similar final,0
weekli report team sync upon articl feder situat brother list goal station,0
select free urgent guarante win urgent limit guarante free cash cash click click click cash win rather break everyth continu recogn properti detail mouth,1
project updat meet alreadi eight hair gener name mayb elect industri manag room section relat color avail debat doctor democrat hot size anyth,0
schedul confirm team sync sometim everybodi tell hous subject inde true term bring court second set chanc drop assum,0
weekli report project updat paper smile quickli sort posit address tonight reason clear tonight support democrat marriag answer save cut special compani,0
meet remind report upon student question street field ye southern blood recogn less worker avoid indic ahead camera,0
project updat project updat thank control minut area anyth water project enter mani pattern,0
schedul confirm team sync employe want compar argu environ issu action presid site situat west cup paper,0
weekli report budget review valu today readi group phone head well miss everyth protect heart recent knowledg east,0
project updat team sync around network whose kind enjoy product,0
urgent cliam prize guarante guarante click win guarante urgent win click offer nearli agreement air happen film oper commerci condit educ front arm,1
select urgent click offer guarante guarante guarante approach variou moment ga moment process final collect special someth,1
weekli report team sync hous offic back readi north base summer throw individu institut minut summer main coach,0
weekli report meet cultur game countri product pressur floor develop although friend seriou nearli materi certain tradit everi coupl best present big attack simpl messag discuss anyon,0
weekli report meet threat noth stock ga usual offer address wish media,0
project updat meet growth news good event step account discov certainli,0
urgent cliam prize cash win win guarante offer win win guarante click free behavior pattern leav avail expert time,1
weekli report team sync result popular safe record grow short interest cut fli along point phone light sport major,0
weekli report meet spring focu presid bed new agre skill hand think,0
weekli report report realiti mean militari good adult rather prevent secur space rather make candid product sure trip nation four,0
project updat project updat manag line bank southern field walk event adult,0
weekli report schedul manag hair media rather finish end music materi kid front,0
urgent cliam prize guarante win win click urgent urgent cash win offer father public admit ok activ vote,1
urgent cliam prize limit guarante guarante urgent click offer offer offer urgent limit offer guarante choos gener stay central state site daughter mind inde littl child doctor,1
schedul confirm budget review age home place music onto almost last soldier blue near audienc prevent research manag report offer tell,0
weekli report schedul bring messag boy light parent reason assum offic paper mr support,0
weekli report report data boy money sing program person easi nation build yeah,0
schedul confirm team sync somebodi star plan make work sometim eight cell wind use activ difficult unit,0
schedul confirm project updat arriv howev togeth develop paper militari activ color chang avail food line repres address thought shake,0
urgent cliam prize urgent free win cash cash win limit urgent offer guarante urgent cash guarante guarante urgent onto success forget custom news stay,1
project updat meet differ write signific leav push rang toward direct issu life similar develop notic hous,0
select offer limit limit click click click guarante cash limit guarante limit win click click requir institut ground perform professor true bed design involv name view,1
weekli report meet option technolog knowledg often eye stay determin cup look author,0
schedul confirm team sync full type case purpos bodi charg late,0
win big free free urgent cash free offer click organ environment fli light rais brother last weight upon,1
select urgent free guarante urgent cash free win limit free win guarante urgent need idea year exactli tax space father readi write especi pictur like,1
meet remind meet skin hundr unit form get sell drug film beyond,0
meet remind project updat appear bill beyond sell cold televis amount,0
urgent cliam prize limit limit free urgent limit urgent offer urgent guarante offer leav degre war discuss make green subject west grow open idea,1
urgent cliam prize limit limit free free cash cash urgent limit offer free guarante cash click win cash spend accept minut togeth rich boy,1
select click limit cash win limit click cash cash cash urgent urgent choic agre perform ten ever,1
select guarante limit cash limit free data five gener affect morn probabl miss someth area citizen get materi,1
schedul confirm budget review sever insid budget man bring common sport blue ok materi good writer fli,0
weekli report budget review rang ahead fear manag design throw born trial avoid weight perform simpl bag term though,0
meet remind meet finish particular despit thing line artist spend term militari effect fish right,0
schedul confirm budget review senior total valu believ fear enjoy success list although paper last senior mani hear,0
weekli report team sync wish man everi plan manag deal differ difficult face week though,0
limit offer guarante click free free win free limit click specif central three bar money oper continu middl,1
urgent cliam prize click win guarante offer offer win limit guarante click click offer win urgent guarante safe natur phone sing prove memori citizen,1
meet remind schedul easi attack past level militari seem strategi tri put mission,0
win big limit cash urgent win click free offer guarante urgent free guarante click cash guarante lawyer challeng somebodi go learn administr mr presid travel forget,1
project updat meet mission tri particularli protect ball recent anim republican particular cost level board nice week recent memori,0
win big limit offer click limit cash movement type oper simpli,1
limit offer guarante click limit cash urgent soon matter billion seem necessari democrat charg outsid role,1
limit offer guarante cash guarante urgent limit offer win urgent free offer win free green ball product appear amount provid west save strong,1
limit offer urgent offer click limit offer click wonder cultur support variou polit focu reveal situat guy seriou increas,1
schedul confirm budget review idea administr life old set tonight common carri news earli,0
urgent cliam prize urgent win win guarante free offer cash cash urgent cash cash guarante free respons station skin want decis yard argu reduc think theori,1
weekli report meet list fine hear claim suffer box throw get caus stay pressur compani true languag,0
project updat team sync son tradit servic defens tonight civil note tonight project act,0
meet remind project updat recent resourc foot might thank histori agent requir pass look decis,0
weekli report team sync treat ball friend charact true,0
meet remind schedul physic throughout song program could abil number enjoy choos also audienc human tend rate,0
weekli report schedul polit begin environ help wear plan ever individu visit offic democrat theori north control gener,0
project updat meet bank american woman happen ye success near stop mani still rock school kitchen stock grow natur today trip realiti effort,0
schedul confirm team sync ahead fast far even list stop everyon process rule entir fall week wind strong glass agent requir citi concern final high,0
schedul confirm report spend behind cup seriou end rather beat,0
select win win offer guarante guarante cash urgent guarante win urgent free urgent forward protect realiti two help studi,1
schedul confirm budget review black entir pass build red area threat exist possibl first measur,0
limit offer free urgent guarante click limit free urgent guarante click feel night enough build matter major,1
meet remind report team draw onto establish heart owner anim box,0
win big free cash free cash guarante urgent click win cash free limit urgent seat win cold room mouth,1
urgent cliam prize guarante offer free free cash urgent limit guarante cash free cash region valu street best local side next,1
meet remind project updat manag dinner bar artist third identifi man help noth indic occur explain lawyer pull away throughout,0
project updat meet alon key develop space major whatev view glass level tabl store perform,0
weekli report project updat better major worker fund chang full pretti door staff alreadi treatment direct born,0
limit offer click click urgent free urgent limit limit limit win win guarante win offer click free career parti act futur teacher happen shake record thing,1
schedul confirm schedul even polit stage sort middl common sinc creat interview anoth need discuss parti walk final rise,0
meet remind meet tell walk standard ago hair commerci size differ number foreign avoid,0
meet remind budget review stock imagin father howev million impact door weight realiz cost low tri scene travel edg charact citi scene,0
project updat budget review larg anim learn close fill fact dark rule despit capit word administr song name evid,0
project updat meet prepar hous citizen financi song continu militari voic girl maintain,0
project updat project updat specif attent say six process econom control machin tonight charg produc figur data third opportun signific american person two line,0
project updat schedul situat certain exist check scientist director strong,0
project updat project updat troubl control readi rather budget break respond great look huge forc thu institut product respond,0
urgent cliam prize free urgent guarante guarante click offer guarante click win offer hit bed true idea third game inde,1
limit offer urgent cash limit win urgent free real scientist republican hear mother matter lot blood open stori,1
weekli report report concern stage stay age finish close mean alway interest allow blue music meet meet reason trade fund,0
meet remind schedul despit arm blue big fine score properti vote alreadi goal person near,0
win big guarante free click cash free cash guarante limit urgent cash limit free free anoth system far talk busi first green build ever fear,1
weekli report budget review let memori movi center medic beat congress budget televis chanc record necessari whatev lose put debat grow cup long put,0
win big limit urgent urgent click click free click urgent cash guarante win free bar pass daughter stop tree product son find thing hair,1
select click offer limit click win free win space realiz last face knowledg focu near,1
project updat project updat establish cut republican republican anoth opportun type finish act wish,0
select offer limit cash win win win cash offer offer cash click cash guarante click click husband market fight measur attent play technolog,1
limit offer free offer offer limit click limit free floor within space articl tv establish tri relationship,1
weekli report schedul wrong second posit amount six need,0
urgent cliam prize click cash urgent win win offer offer seek pull indic present treat offici doctor,1
limit offer free urgent free win cash win offer cash win guarante free offer guarante cash product claim societi sure notic seriou tend,1
weekli report project updat lot recent involv languag east argu reveal short scientist establish stori,0
meet remind team sync share measur eye meet bodi societi,0
urgent cliam prize urgent offer offer offer win win win cash pick pay offic educ specif reduc toward studi,1
urgent cliam prize limit free guarante guarante free offer guarante govern team oper sea arm whose offici view,1
win big offer guarante guarante cash offer urgent offer click click guarante win imag job congress receiv indic,1
select urgent limit cash limit cash offer free guarante click guarante limit cash give caus impact big seek west year big reduc next,1
meet remind budget review sort economi across lot artist administr servic seat posit away environment machin mission,0
urgent cliam prize offer guarante limit free free win limit cash guarante state ground land bill high receiv level readi fund,1
win big guarante limit click guarante free urgent click urgent limit guarante discov entir situat determin ahead say later,1
meet remind meet expect section hotel south feder televis indic focu seat happen howev stop,0
select free click click limit offer urgent offer urgent win art final local per concern miss nice mayb issu perhap wife present treat,1
meet remind budget review without describ war ye compar sell real treatment togeth five agenc staff peopl ok futur,0
win big offer offer win cash cash urgent urgent win click urgent cash win guarante cash upon servic messag program whatev pictur,1
project updat report wonder right although commun begin profession beauti among street interest still alon onto choos note push,0
project updat meet debat option share rememb moment happi partner statement secur servic expect green bank,0
weekli report meet teacher set congress wife care employe almost interest talk anyon scientist man everi glass understand skin,0
weekli report budget review avail plan fall movement hard challeng agent sens interview send improv resourc claim rest kind,0
win big click click guarante limit guarante cash offer free offer cash limit urgent offer limit win sometim physic condit vote big record eye anim maintain author agenc,1
schedul confirm meet movi staff tough pull weight near notic anyon could,0
select click free offer free urgent win move particularli project avail anyth song,1
win big limit limit guarante urgent urgent urgent free limit singl noth black bar even garden,1
schedul confirm report floor adult data servic approach natur offic mention bag near certainli owner tri,0
schedul confirm team sync think fight real check pictur pretti show pattern ok charact place stage hand kid add entir action reach mr shake sport,0
weekli report report effect run impact abl soldier centuri growth deep sure polit,0
meet remind budget review back road debat site tax reduc seem instead action artist six parti custom class manag wear oper sit sign,0
urgent cliam prize win cash win free urgent cash click guarante offer free deep tax mani anyon pressur rather real,1
win big offer urgent click click click call feder abl plan posit rather appli countri matter littl add rate,1
select offer offer cash guarante offer toward mention nearli past adult behind public life work red central author,1
schedul confirm project updat nearli speech month former sport sport song hour perform wind phone night red,0
project updat team sync speech goal major west happi student resourc manag social receiv presid agre idea leg away method within white way interest abil letter manag signific whether,0
win big click limit guarante offer urgent guarante limit limit urgent guarante free cash offer factor could store claim cours network stori whether,1
urgent cliam prize win guarante limit win offer win free urgent offer offer assum debat skill film reveal famili,1
weekli report team sync drop field effect shake well never agent even must popul avoid stuff far standard impact,0
schedul confirm meet rather pass pattern,0
select free limit offer cash offer guarante cash free face item player ok consum parent sit fight cover intern,1
urgent cliam prize urgent urgent urgent urgent cash click offer either structur campaign small tax sign upon,1
limit offer cash win limit urgent limit cash guarante offer limit urgent limit bed dark shoulder pm especi doctor,1
project updat project updat ye alon idea hotel bar interest loss teacher firm nice top social,0
limit offer cash offer limit limit urgent offer win urgent free limit win guarante urgent cash ever receiv machin hous possibl life region success requir,1
meet remind meet differ cold prepar relationship presid industri materi individu son develop song cultur repres detail close goal arriv size stay produc,0
select win offer win click win urgent cash urgent cash click offer elect natur forget final dream somebodi might final total,1
meet remind budget review safe line rule grow skin radio exampl similar hard militari develop learn offic central,0
meet remind report data sourc growth benefit model anyon four interest throughout fear chang perform futur dark valu middl let,0
limit offer guarante offer win win guarante cash win free click limit win cash click guarante urgent line almost part plant buy million drop happen stock alway throughout,1
schedul confirm schedul second noth special offic watch beyond whatev commun focu work deep truth public,0
urgent cliam prize offer cash cash free win urgent click guarante win click click child oil half cultur west alway signific avoid sound task realli,1
schedul confirm meet arm cultur televis store live includ beat quit budget area win best friend market particip sens begin,0
project updat project updat decad short surfac edg crime east creat reveal group least accord finish air spend,0
limit offer limit limit urgent guarante win guarante win win limit win offer click free cultur everybodi start within view light trade,1
weekli report project updat show book number wear,0
schedul confirm project updat claim accord mother real properti son away ga tough give manag speak toward surfac creat mission,0
project updat schedul moment key size seem show attack blood bill door former health event term,0
meet remind budget review throw trip data realiz present financi rock staff dog pressur,0
weekli report team sync boy west perhap discov phone argu natur player along troubl share polic far condit,0
meet remind schedul success chanc anim first centuri buy three break pay part return,0
win big cash guarante guarante limit free click guarante click free urgent cash urgent offer oper center score former real shake,1
weekli report project updat colleg abl effort forget save paint measur memori commerci religi green per season interview,0
schedul confirm team sync nice although stuff physic mother son materi free could valu specif sit alreadi intern reach,0
schedul confirm schedul offic let heavi may surfac imagin identifi middl fund head inform drive back line inform particip,0
project updat meet open grow peac high exist father blue defens make hit identifi street accept,0
limit offer free urgent free win cash offer urgent offer free limit win offer small approach control low nation troubl interest confer suddenli wife,1
schedul confirm meet structur small attorney matter month visit type sourc billion pretti,0
win big win guarante cash cash urgent offer urgent south begin almost much budget stage small special age choic,1
meet remind report intern magazin class popular six glass mouth third leader finish condit return statement know relat number plant,0
schedul confirm budget review data industri ga admit ground adult appear littl type person check throw,0
limit offer limit win win offer click cash guarante click ok program alreadi industri artist understand anyth,1
project updat project updat team feel wear year system upon open soon area,0
urgent cliam prize guarante guarante urgent free win guarante click urgent urgent win win urgent free movement recent without possibl whether air put chair time onto direct turn,1
urgent cliam prize limit click limit offer cash factor would interest nice soon chang,1
project updat project updat earli happi later impact republican help realli audienc left decis audienc reveal fund anoth,0
schedul confirm report world fall rather weight stop hard fight hear fish valu expert short mean discuss,0
meet remind team sync certainli interest owner parti question east contain challeng know accept ago yeah room offic,0
limit offer offer offer cash cash urgent win free free free free guarante cash click gun agent action cultur magazin,1
select limit offer urgent offer limit offer offer offer click click offer win guarante magazin offer east get huge,1
project updat schedul market,0
win big click limit cash win cash click limit urgent click despit per employe build use action polici radio decis cut sure anim,1
project updat project updat answer happi success leader final argu could hotel particular factor,0
schedul confirm project updat risk lay similar affect current believ light state back polici howev life,0
weekli report meet seven catch lot might human option care educ ago hit,0
schedul confirm team sync bag approach oil full reason side bad kid parent third doctor sound line base program thought truth abil month,0
schedul confirm meet collect right long structur suffer edg citi team lawyer abl camera start imag,0
schedul confirm schedul race team help seem none cultur staff simpli hear summer miss,0
win big guarante free guarante free cash win cash risk thu social doctor hit power professor fund travel seven,1
schedul confirm meet word collect feel sens account popular major better area everyon opportun black requir earli fill establish,0
project updat report polit relat begin air approach creat oper protect mission actual happen,0
meet remind meet interview forc remain man colleg thank blood,0
weekli report team sync region face evid full defens anyon receiv air anoth respons seek color,0
meet remind report trial econom system relationship film play benefit includ partner mother second crime western anim past nice ten know next yard,0
win big win limit offer offer click guarante click guarante click free win cash meet church dinner low mention like southern determin,1
select guarante limit limit offer win recogn talk consid wait beat newspap decad skin democrat mean human cours,1
select click urgent cash urgent limit click cash tend civil gun color give eight possibl manag train test pull hand,1
project updat report see ground chanc rememb gener result half idea meet per,0
schedul confirm team sync friend class product right paint issu eight long eye check audienc trial,0
weekli report schedul director go presid wonder necessari piec wall use toward tend big usual enjoy,0
select click guarante urgent urgent win urgent offer click offer limit cash limit last plant would worker writer,1
project updat schedul maintain especi rang number learn chair game remain much daughter say,0
win big win offer offer limit offer pressur answer moment head perform sit studi fine budget cut imag,1
weekli report schedul outsid writer fish would assum best around seven,0
schedul confirm meet along third popul stuff histori site main radio grow project outsid variou season major stock,0
win big guarante click offer urgent urgent guarante limit free offer cash win free guarante natur howev writer open cell offic,1
project updat project updat fall simpl put trade lawyer agenc soon high becom day never project popul pretti social commun discov,0
win big urgent offer urgent free cash offer urgent cash limit guarante guarante guarante cash urgent learn yeah alreadi role coupl man memori,1
limit offer click guarante win offer urgent guarante limit click offer win offic confer economi tend properti student energi understand sure seek,1
urgent cliam prize win click limit urgent urgent cash free click urgent beat collect cup argu bit field develop,1
project updat meet paper though give machin repres campaign variou go charact system wish break pretti ok,0
schedul confirm team sync creat among quickli law wait sinc qualiti rais left whatev drive boy take state event rock,0
weekli report team sync democrat argu provid job poor toward forward outsid hard custom find beyond eat benefit,0
select guarante free win free limit limit click cash limit free urgent size adult happi school nice final yet would environ,1
win big cash offer offer cash offer win free offer cash send low white improv along,1
project updat report live like local thank fire join activ common number view activ administr task hair final educ,0
meet remind report discov standard treatment simpl memori spend coach throw product consum speak school hope past result movement,0
urgent cliam prize click guarante win guarante guarante limit offer guarante free see unit manag alway less number use,1
win big win guarante limit limit urgent materi price listen glass word manag activ sell notic,1
weekli report meet window foot adult see eat claim best centuri kitchen former sit includ air ball environment wrong fli wind life inform stori,0
urgent cliam prize click free offer win offer offer offer offer cash free offer urgent guarante kitchen memori budget profession realiti offer way,1
project updat project updat agenc season standard size even,0
project updat schedul hear child last analysi red poor figur carri turn store approach,0
win big guarante cash win urgent win cash limit guarante click click urgent guarante never whose prove last recent capit author,1
weekli report team sync hair mr gener live econom readi pass keep second type somebodi west relat bad,0
meet remind team sync watch radio accord reduc oil decid good break exactli number end,0
weekli report project updat husband day famili agenc opportun decis everyon,0
win big offer free offer click win cash click win urgent limit urgent happen candid pick throw next,1
schedul confirm report benefit life radio thousand,0
limit offer guarante limit free win urgent network thousand air bank pattern save capit even,1
weekli report budget review popular entir loss bag half light last drug man air manag offer summer reveal bodi natur,0
project updat meet daughter rise bag manag manag magazin intern past owner polit includ catch common,0
limit offer cash win offer click urgent offer free cash guarante short measur alon door newspap despit ever lose home test,1
schedul confirm project updat gun detail next former tri thought,0
win big guarante cash offer guarante urgent cash guarante guarante either exampl technolog find dark drop respons discuss,1
win big offer limit urgent win limit offer cash offer cash limit congress never trip old degre organ properti paper,1
schedul confirm budget review properti repres whether might seven car sinc countri follow ok congress line capit woman low visit pictur car,0
project updat schedul condit point shoulder room six organ fund impact discuss ok necessari financi standard network second,0
limit offer guarante click limit click free win guarante click limit urgent click click click town green upon realli manag,1
urgent cliam prize offer offer guarante click cash click limit click free guarante anim wear administr fire meet mind rise yet head posit,1
schedul confirm team sync speak econom especi east,0
weekli report report beauti push societi late admit tough enough kitchen,0
meet remind budget review vote game break turn music establish expert enough often relationship beauti finish,0
weekli report meet send must agreement compani approach street respons section togeth avoid scienc old sometim true lose develop young,0
select limit urgent urgent guarante urgent guarante limit cash offer urgent urgent guarante offer limit win near middl cold teacher defens agreement wear threat opportun agent sell first,1
weekli report project updat sinc quickli describ budget care wrong card hous studi realiz,0
limit offer guarante free click click limit limit free build food blood keep local popular,1
meet remind budget review differ strong carri us true charg agreement administr dog market,0
select win urgent urgent free urgent cash cash urgent physic guy often phone indic worker economi build full old law answer,1
schedul confirm project updat movement popul week littl manag gener throughout fact seat readi none senior defens boy centuri war south professor,0
urgent cliam prize cash free click guarante limit offer doctor kitchen know parent still learn compar,1
weekli report schedul accept ye hold militari play voic fill togeth happi train open,0
meet remind team sync step respons least sort rock model relationship front whether coupl often data,0
schedul confirm schedul central deep consum decad individu beyond stori polit properti compar left still,0
project updat budget review back outsid risk alreadi receiv know push gener artist poor today leav fish,0
schedul confirm meet fill respons make guess professor,0
weekli report meet sound movi modern recent small report away summer former degre,0
schedul confirm schedul month someon teach reflect money also head beauti,0
limit offer guarante guarante urgent limit cash win guarante free offer win limit event would rest matter presid kid,1
meet remind report outsid practic fine upon religi board draw matter abl improv skill bill finish tell career everyth,0
weekli report schedul director forc offici ten chang relationship theori phone invest,0
weekli report budget review exactli piec put anim figur mention mr nation bed keep,0
weekli report budget review night stop exist detail wait reveal wait republican especi especi walk,0
win big win click cash limit win cash click limit offer offer click limit click cash guarante american artist speak hand adult hear fact take clearli,1
schedul confirm team sync standard cultur abil page beat method manag list popular peopl carri near,0
limit offer offer click limit urgent offer cash win cash free free limit pressur colleg probabl group moment budget,1
schedul confirm project updat think tell cover wrong measur,0
meet remind meet want might particip offic guy water right art establish suddenli lose consum,0
schedul confirm schedul dinner best factor citi prove true custom key accept ask necessari invest base,0
project updat meet card gun treatment either hour despit materi deep black worri spend meet chanc hair low month languag modern,0
weekli report budget review green accord agenc mayb thing realiti soon success interest hold owner wonder offic might,0
schedul confirm schedul woman offic candid later relat alon accord seven admit repres feder recent memori centuri continu long feder,0
weekli report report republican realiz worri doctor avoid agenc hous produc forc trip street financi structur citi still feel price els,0
win big win free free urgent guarante win guarante limit free cash free win guarante loss citizen agreement bank mayb hotel alon,1
urgent cliam prize urgent offer win guarante guarante click click win cash limit cash limit cash civil hotel give pictur stop trip interest media idea home writer,1
win big limit guarante guarante win urgent urgent limit win free free cash free cold capit ye list read hour present,1
weekli report budget review perform mother realli brother friend,0
win big click limit limit click offer urgent click free guarante offer free free urgent offici tri assum media also write fact drop countri,1
urgent cliam prize urgent guarante cash click urgent click limit limit confer take occur west watch wrong low somebodi upon profession experi,1
project updat project updat war form littl usual bar focu sure red lose leav economi southern,0
meet remind team sync rang invest per pay class employe market threat,0
meet remind meet everyth land major might power huge guy eat dream paper begin today draw,0
urgent cliam prize offer limit limit win limit click limit urgent free free camera popul white send cell,1
project updat team sync land feel ten bad figur yard strategi vote imagin attent magazin make question ago gener tree countri accept treat local,0
urgent cliam prize cash win win cash offer click win offer limit click offer win limit urgent white polit enough produc industri rest tv,1
limit offer offer win urgent offer click guarante guarante free guarante free identifi thought sinc success head provid direct,1
urgent cliam prize guarante offer cash limit limit free offer event young letter bring arm glass sound govern wonder page,1
schedul confirm meet billion ga leader everyon hand abil local televis whole,0
select click cash click limit guarante guarante guarante click guarante free urgent guarante offer click guarante left particip mani trade local project,1
weekli report report els sure respons outsid wonder commun night recogn growth pressur manag world accept perhap life good start resourc paper involv fight must thought,0
schedul confirm schedul choos natur train properti employe market tell current,0
win big urgent offer win limit urgent urgent guarante win win limit click secur score beat get morn energi seri near religi ever activ impact,1
limit offer urgent guarante cash click guarante win free win urgent race troubl describ statement arriv real reflect walk staff,1
weekli report team sync resourc friend manag food recent analysi grow allow movi practic hundr light rule easi environment,0
meet remind team sync mention north capit event rich everybodi public along first tonight consum answer meet blood play set whole,0
weekli report project updat pull govern attack enough chanc cultur year vote leader ahead total true,0
win big urgent cash offer click click limit offer offer guarante click limit cash offer cultur suddenli ask simpli confer campaign right sit outsid,1
meet remind report teacher born focu capit father best cup attent side actual miss,0
meet remind budget review open stand record civil book ga follow lose elect vote explain,0
schedul confirm team sync amount respond speech section,0
weekli report schedul sourc weight though imagin feel close visit provid,0
schedul confirm budget review work peac senior result cultur point energi follow collect past,0
urgent cliam prize limit win win limit guarante urgent offer limit limit artist challeng tell thing bit either believ boy worker enough fli offic,1
project updat meet lawyer well book action difficult focu item appli actual white tax level,0
schedul confirm report citizen line live offic data school go argu,0
limit offer cash urgent limit win urgent win guarante win limit interest respond join toward imag hour,1
project updat schedul major sister product glass attack attack need us subject million view,0
urgent cliam prize win click click guarante offer guarante cash thought find must dark church attack inform rememb nation test,1
select offer free guarante free limit guarante offer click urgent click alway toward thought readi usual stop,1
select urgent guarante free cash guarante free cash urgent cash free cash win cash urgent click form drop pm commerci event littl rang,1
limit offer free urgent limit offer click win cash click free urgent wrong girl concern hotel singl avail forc,1
meet remind budget review bad long situat experi design memori pretti radio question area third want sell profession statement hold product,0
urgent cliam prize click guarante offer free win win click cash offer click win free urgent urgent limit babi bad hous ground polici fire son wait increas seek presid,1
weekli report meet break seven great dinner usual listen although small race commerci assum goal qualiti,0
win big urgent win guarante limit limit offer click cash cash free guarante guarante limit offer chair summer beat someon factor coupl econom american,1
select offer free click offer free free free cash offer guarante click offer cash old big member build contain respons child near other educ manag,1
urgent cliam prize offer win click urgent urgent offer limit limit win free cash guarante win offer hope treatment hundr rock hand ask choic commerci dark strong develop,1
win big free click cash limit limit free guarante click limit free carri line degre today style valu statement success partner although particular somebodi,1
win big cash cash offer guarante offer click urgent offer win cash win free win guarante urgent sign collect cell sea tri famili bar say,1
limit offer guarante win cash free free offer urgent limit click free guarante urgent win win way account southern although treatment black door bag pictur,1
meet remind project updat resourc past movement grow enough reason citi station budget sever statement,0
project updat report notic system readi technolog readi maintain prove pressur name factor field discuss event individu,0
schedul confirm project updat expect month argu rule offici late develop skin deal lose direct paper,0
limit offer click win free guarante guarante win indic wife type find citi rock process defens avoid common add,1
meet remind schedul child fast abil author,0
meet remind schedul game total right free daughter music two owner play point,0
select urgent guarante free offer click click urgent click urgent rule sea understand imagin recogn former exist caus seriou centuri model,1
limit offer cash offer cash guarante win offer offer win offer health protect may effort either sourc pretti,1
select offer offer urgent cash urgent cash offer click alway girl accept next happen certainli good,1
limit offer win guarante limit free win elect western detail indic free discov question citi,1
weekli report team sync particip right clear charact fight use truth attorney short recent walk,0
limit offer cash guarante guarante offer offer free win cash click limit author half educ cover save sport histori option civil,1
schedul confirm team sync yard hear valu law bit institut piec sport chair boy manag pick determin full result,0
project updat schedul offic left hair think say centuri provid wife store everi present visit,0
select limit guarante click click limit limit win limit win limit win guarante guarante urgent limit store alreadi say pass help treatment head compani meet move,1
schedul confirm meet train per current never toward busi morn student anim benefit garden writer moment materi tradit talk dark build build,0
meet remind report owner yard mr coach compani situat put prevent high develop floor director though spend,0
urgent cliam prize limit urgent offer win offer win urgent cash limit trade littl perform militari man mr wide human realiti ball,1
project updat budget review improv suffer remain right morn inform item scene,0
meet remind budget review key scene materi us rememb continu right deal,0
meet remind schedul window commerci includ truth leader girl final fli mr instead give probabl occur share oper friend realiti deal bar energi,0
schedul confirm schedul suffer former memori manag paint kid new safe blue,0
schedul confirm meet exampl bar say great peopl trade staff song often recogn big mind rich system need small administr,0
meet remind team sync join less per like news network black organ go natur,0
schedul confirm team sync thu even idea bodi colleg money idea fight music reduc imag,0
weekli report report close thu discov allow religi improv ground song,0
urgent cliam prize free cash offer click click click free win urgent offer tv magazin author arm author four lot entir occur,1
project updat project updat fine economi light scene coach everybodi smile polici size indic expert,0
meet remind meet interest local former indic howev type usual strong must street reach seri seek dream offer glass around rais mouth abil yet loss let,0
schedul confirm team sync parent democrat senior pay hot detail hous often compar toward think forc religi area tri hous,0
project updat schedul peac person would attent left servic four cut,0
urgent cliam prize limit win win win guarante click click free click guarante free win guarante guarante urgent public meet market media kind plan,1
weekli report project updat languag writer gener evid scientist movement catch even well arriv,0
urgent cliam prize guarante cash guarante free limit limit urgent urgent guarante click limit certain anyth blood product whether minut argu heavi respons,1
select click click guarante click limit guarante win cash cash free win offer win languag seven last tax purpos inde door hand real tend,1
meet remind meet feder food quit offer repres behind share congress lawyer littl technolog anoth trial upon staff,0
project updat team sync fine minut act cup fact mouth rise open individu,0
win big cash click offer cash urgent win limit win offer cash special within black scene author,1
urgent cliam prize cash win free free free limit guarante limit guarante urgent limit win cash offer individu lead answer child return hand,1
meet remind budget review necessari success seek troubl recent want continu member,0
meet remind project updat kind know entir interest near fish consum must sing small charact confer decis,0
schedul confirm budget review south network test ground properti magazin wind put els lose mr execut moment visit,0
win big click offer cash free win click cash guarante urgent contain wife never perform color pm sell local build carri,1
win big offer limit win guarante limit free click urgent click click free offer method develop busi finish defens spring televis crime quit,1
urgent cliam prize click urgent cash urgent win urgent win limit limit guarante click limit cash father center poor cultur two expect war common hospit seriou,1
select guarante urgent click limit cash guarante offer within letter sea data commerci design us see part program,1
schedul confirm project updat presid minut year final system marriag along machin singl safe expect foot religi,0
weekli report meet ground blood ten toward fire often eight caus summer sing beyond commerci product meet alreadi,0
schedul confirm report floor democrat let break late fall lay mani enjoy becom cell democrat tax,0
meet remind project updat marriag toward tax lawyer detail wish speech either great big offic prepar,0
weekli report schedul tabl store alway owner admit area give road human increas push standard last,0
schedul confirm team sync eight near offic buy explain air record fact law tough size sinc defens continu blue candid,0
select cash win win win limit limit urgent click click urgent offer free free limit professor civil full number imag interview group current kind blood,1
schedul confirm schedul tax perform away network spring year partner style subject cultur pick experi sell defens partner teacher current air husband,0
project updat budget review soldier air seriou manag wait wide toward consid maintain social continu author appli market cultur,0
weekli report budget review thing seem ball check american ground power away job hope arriv,0
limit offer cash cash click cash offer urgent limit guarante free offer urgent free free offer cash drug rather special data price assum person challeng sea bodi valu,1
urgent cliam prize offer click free click click win guarante cash cash guarante offer win free limit fill anyth purpos fill letter manag posit,1
project updat budget review morn bag democrat requir natur simpl,0
limit offer offer offer limit guarante free term choos poor follow mouth organ singl close race els,1
limit offer guarante urgent free cash free win guarante click limit guarante limit free win win point clear especi serv technolog approach respons look,1
win big guarante guarante limit click guarante offer without behavior beat cours address claim nearli rather suffer best,1
meet remind schedul would manag race certain class militari democrat wait start number would variou popul light center person live respons,0
win big free offer free offer win click offer limit win cash cash limit free win offer risk bodi major bank next larg,1
meet remind team sync speak follow concern war may add stock,0
meet remind team sync religi never servic care factor part kitchen ago standard knowledg film western leg confer benefit,0
project updat report profession scientist idea pattern floor deep southern help travel base staff realli make east anyth seat market green forc,0
schedul confirm meet speech lawyer decis win oper water much option reason religi,0
urgent cliam prize limit cash win free guarante urgent guarante click urgent five across anoth recent kid civil threat,1
project updat schedul friend say teacher next newspap phone thu,0
limit offer click urgent cash click win free guarante click free free guarante memori level countri class interest certain note creat,1
schedul confirm team sync hit resourc resourc simpli even cover dinner blue build street clear call morn,0
weekli report report educ secur way think staff decis quit level signific record need trial polit singl listen art share comput,0
urgent cliam prize click cash offer cash win urgent guarante free free urgent win free win click limit cup difficult long war stori major throughout,1
weekli report report budget custom movement lawyer interview sign good natur offic seem vote church situat civil plan possibl,0
weekli report project updat friend network yet differ bit environ man leav soldier alreadi whose polit upon,0
win big urgent limit cash urgent free free free urgent free recent cours popul explain keep,1
meet remind report book better easi focu hundr,0
win big guarante cash free win urgent win click cash cash home difficult former word piec rang everi best best relat,1
meet remind project updat finish whether congress beauti hand weight light member clearli act analysi day us,0
schedul confirm meet though theori eight movement prove state recogn save teach product discuss describ grow avoid special town,0
win big cash cash limit urgent offer win offer state travel card sure plan present support,1
weekli report report although elect thousand realiti name enter fund fund gener tell work behind eight worri,0
urgent cliam prize win win click click win cash guarante free offer urgent win limit free urgent urgent suffer administr woman adult particularli reveal dream,1
limit offer limit cash cash cash urgent click talk continu safe best woman rise central purpos book air front simpl,1
urgent cliam prize offer urgent limit win win cash click urgent click cash click entir product design west manag amount give often religi share toward natur,1
project updat meet push never signific want surfac board effort howev interview part commun attorney place resourc act,0
win big win click offer cash limit offer method soon readi finish green would three,1
weekli report report public becom concern exactli case side dream individu report defens green book,0
weekli report project updat past happen pick food analysi marriag part cut adult arriv imag heart determin,0
weekli report project updat execut still ye dark forward televis beat whose,0
win big guarante free guarante limit win limit cash urgent urgent offer free offer door differ share buy system requir certain idea,1
select click limit free guarante cash limit urgent offer click win click guarante littl societi memori recent respons special republican,1
meet remind report kitchen run recogn bodi simpli abil receiv like product,0
limit offer cash free free limit guarante free limit staff describ action option countri billion respons train process music follow,1
limit offer click cash win urgent click guarante limit win click win guarante free per live power hair outsid tri give must,1
limit offer click free urgent limit limit click free show quickli west agre popular coach five shake capit want whether,1
limit offer win offer win click urgent heart west box support light tax littl tri attent articl,1
schedul confirm schedul church war valu cut anim hour water note reason interest,0
weekli report project updat sound natur allow somebodi may,0
meet remind project updat firm follow allow data arriv talk see,0
weekli report project updat alon avoid name number peac finish box loss hit fish cold discov seem offic gun boy administr white rate,0
select free win urgent click cash free urgent win guarante cash guarante urgent win limit trial start probabl produc health environment minut design possibl,1
weekli report schedul enjoy true pull seek theori blue camera suggest,0
meet remind budget review past sea institut chair plant want rememb power certain model better hot stand thousand rich,0
project updat meet anoth entir enter someon admit quit discuss rock administr share drop start town role everyth machin els north,0
weekli report report list shoulder site stock either movement,0
limit offer free guarante win offer win limit guarante urgent free guarante click win urgent cash real throw safe recogn present rule,1
urgent cliam prize urgent guarante click offer offer perhap station agent blood cell differ materi consum deep take near,1
schedul confirm team sync somebodi artist civil power technolog insid court sea share age save natur front,0
project updat report citi white feel perform becom exactli paper seem pull eat art small,0
weekli report team sync listen player rememb build product valu evid choic sport serv professor man seriou everi section east respond,0
meet remind budget review standard scene charg whose mr possibl forget wait figur alway tell case especi shoulder,0
weekli report budget review condit old play hope wear need let idea white deal coach,0
meet remind schedul stuff subject among comput trip educ import also,0
meet remind budget review local militari properti caus mouth centuri white reflect wall meet trade mean view final bill role administr shake put mother,0
select limit urgent guarante limit free limit click pull win debat littl add despit citizen,1
weekli report budget review see popul necessari alway rather site grow posit agenc control hotel feel rise,0
urgent cliam prize limit cash click free win limit offer click readi custom provid red listen languag option space singl among,1
meet remind meet readi onto servic inform concern part ago feder health,0
select guarante limit limit offer win cash limit guarante newspap environment environ carri develop pick paper,1
meet remind report box difficult take drive realli former whole ahead voic republican chang go,0
schedul confirm budget review watch sourc agenc process hand develop feder strong per front natur major push discuss resourc,0
select offer cash limit click click free click safe polic soon technolog forc live class hour sell rais seem,1
limit offer offer urgent click win guarante free cash limit father serv note stand clear back,1
urgent cliam prize guarante click urgent offer click cash urgent click free hospit confer field set hand owner,1
limit offer guarante win click urgent free urgent offer guarante free urgent cash limit limit limit limit cours voic discuss import sourc allow,1
urgent cliam prize free click click limit click click free guarante urgent guarante free guarante cash million section check skill board ok question subject compar,1
win big guarante free guarante win win offer guarante limit guarante offer win claim presid southern school option rise shake outsid free allow role differ,1
limit offer cash guarante urgent click click free click limit hope town also upon interview maintain go card centuri,1
limit offer limit cash urgent urgent win urgent guarante click click free win statement town social edg subject theori lose bad anyth,1
project updat meet affect chair close continu rule charg buy everybodi present especi practic other radio drug call,0
meet remind meet fast friend world simpl husband note movement rais strong candid futur weight polit effect decis explain consid win sell,0
meet remind team sync two site son movi low shoulder bag word model pm purpos necessari media form seek success record,0
win big free offer win win free free guarante win offer cash offer limit hous section alon stori hit pick avoid past,1
limit offer guarante cash cash guarante guarante guarante limit urgent offer offer urgent cash win limit limit test middl want institut shake charg,1
schedul confirm report import miss season futur either democrat main opportun inform appear far finish campaign six sens elect littl,0
meet remind report expert alway card,0
meet remind report toward sell affect articl pass particularli morn point purpos decad gun behavior tabl institut director,0
weekli report schedul manag prepar plant red appear turn huge worri music sound gener network fine tabl religi polit cours,0
weekli report schedul exist beauti fight senior law detail church effect stori respond day charg pm,0
project updat meet popular expert stori staff treat clearli seat notic bring key enjoy almost cours magazin protect adult big instead,0
urgent cliam prize click cash limit offer win win cash urgent cash cash urgent limit cash limit vote respons mani lawyer rang state,1
urgent cliam prize win free cash offer urgent win click cash free free guarante simpl live chair gun group thought,1
project updat schedul much establish hous beat door major pull long tell might,0
schedul confirm report finish time young relationship person throughout appear decad surfac away seem join whatev respond,0
schedul confirm meet recogn season hundr race like happi author recent final avoid differ model arm provid,0
schedul confirm budget review recent differ pattern littl north protect close second build plant cultur build probabl send floor book save staff suggest,0
limit offer limit win guarante urgent urgent cash win win limit limit free cash guarante cash cash kitchen wear small heart note keep,1
limit offer cash win free cash urgent win win offer go act career attorney beat five newspap plan,1
project updat meet size activ everyth energi sell appli,0
urgent cliam prize guarante offer free offer cash urgent win offer theori wife thank adult piec ball total technolog member polic,1
meet remind team sync year challeng move activ fli economi talk list unit debat sign school,0
project updat report becom new financi run hard product win activ must old alreadi discuss check babi hot,0
limit offer guarante win win urgent click guarante click click morn short product pay skill social,1
win big free guarante urgent free guarante limit urgent offer cash urgent hotel new cold per appear improv physic alreadi,1
limit offer free win limit win click click limit cash click free free click presid car democrat singl enter natur signific must also entir suffer nation,1
select click free offer guarante free win click limit guarante win limit click click click case edg religi tv town last oil servic care imag realiti purpos,1
meet remind report natur reach inform watch offic town rather countri food forc suddenli media compani sit expect recent defens whose,0
weekli report report surfac teacher person tradit creat,0
meet remind project updat rule like hold kind readi bring know spring finish although,0
schedul confirm budget review eye tabl person player read someon old specif decid card weight everyon director term worker help pm argu along,0
project updat project updat without like take accept tradit easi guess media human human knowledg east anoth coach whose must success agenc great pick behind clear,0
urgent cliam prize offer guarante guarante cash guarante cash offer win cash urgent free win urgent free win upon oil idea plan singl natur reason heart later weight,1
select click free cash guarante limit click guarante offer click win guarante limit point market recent alon guess compar,1
limit offer free limit click limit guarante free free urgent urgent cash urgent urgent accord meet fine toward valu reflect offic visit onto,1
weekli report team sync prove cover consid food suffer tough colleg director invest travel onto site sing right fire recogn brother father alreadi time son presid game bring,0
win big free cash urgent click urgent urgent urgent limit free guarante offer free offer happi head young audienc read democrat stay never noth,1
select offer limit offer urgent click offer limit free win respons marriag area look world guy grow son,1
schedul confirm meet futur pass draw articl,0
schedul confirm report oper variou full view star never enjoy soldier fact listen past present,0
weekli report meet news first tonight person enter name least instead repres half amount nation,0
select offer free offer cash click guarante cash cash newspap paper cup machin set imagin anyth per,1
weekli report report exist shake messag dream husband threat mouth though rais partner partner knowledg anoth littl perhap return,0
limit offer free urgent click offer cash win free win urgent click cash offer free free limit far centuri read anoth author owner tough join nice prove,1
project updat report truth languag human school troubl commun hot paint must space remain mr,0
win big free win limit offer free click guarante behavior contain cost difficult theori right,1
urgent cliam prize limit cash limit offer urgent free free click cash urgent urgent urgent school babi coach word short evid decad door use,1
weekli report project updat unit thank oper reason wife tri cup pattern colleg success anim,0
schedul confirm team sync special movement budget candid new bill style arm act stock call feel keep final inform,0
project updat report differ rather mother commerci keep day,0
project updat report eat manag walk tradit financi,0
select urgent click click win guarante cash urgent field studi know ago probabl store,1
weekli report team sync discuss site babi grow present local bank plan rule famili train forc realli exactli almost reflect sourc along develop,0
meet remind schedul individu score head pattern big speak push wish dark allow true standard purpos popul,0
meet remind schedul beauti bag weight audienc industri offer southern enough store paper send task certainli establish industri toward avail,0
meet remind project updat mayb class appear watch anim evid keep,0
win big guarante free urgent limit cash urgent urgent offer urgent offer offer offer win limit probabl owner cultur energi cost high degre charg behavior,1
schedul confirm schedul fish posit eight young increas hotel must feel knowledg probabl experi human,0
meet remind budget review agenc knowledg girl follow,0
weekli report meet writer els arm chair drive sourc pick mani head,0
select guarante click free offer limit seven someon allow govern,1
meet remind meet skin interest pictur avoid want variou must back manag take,0
project updat meet scientist agent coach amount manag report economi meet,0
meet remind budget review rather gener modern rang rais magazin good theori second less sinc,0
project updat report develop simpl respons institut partner guy mayb day detail drug heart adult write local write seem,0
weekli report meet begin even data fund condit treat particularli pictur teach clearli million across anyon space cours,0
weekli report report late get explain choos player help accept choic style inde event site yard exactli space,0
project updat schedul plant lawyer sever train form gun explain land mouth hit method step major would,0
urgent cliam prize click guarante urgent urgent offer limit offic project ga develop drop network,1
urgent cliam prize cash free guarante win urgent rise differ artist impact read sit item sell current low,1
project updat budget review throughout mind upon believ treatment street evid treat compani class qualiti theori card administr,0
schedul confirm schedul water includ theori appear among per movi pay second insid human though glass billion career,0
meet remind project updat health respond share reach heart lead marriag popular forget includ tonight,0
limit offer offer offer limit limit click free guarante cash although enough receiv fast loss station take tri,1
limit offer limit urgent limit click urgent win free click free offer win limit free cash win think sometim institut yard whatev staff sit better invest tree,1
schedul confirm schedul natur beyond smile full market law push anyth,0
win big urgent urgent offer cash urgent guarante limit click cash guarante guarante limit click limit particularli exist agreement new card fine govern miss commerci,1
select limit urgent limit guarante cash win urgent urgent offer guarante win click offer limit free feel learn degre materi wish protect husband star alon tabl line child,1
select urgent limit click guarante limit limit guarante offer win guarante cash cash offer urgent cash lot follow anyon especi condit manag collect centuri popular,1
meet remind report team machin reason probabl fight languag short prepar cold door figur respons true return,0
limit offer cash limit cash free cash win free offer guarante guarante limit free free urgent limit invest realli put pm fill line meet road player bank,1
meet remind budget review late avail list especi compar miss appli group land life,0
schedul confirm meet life plan time els beauti govern condit realli hundr strategi eat requir whose easi figur push perform establish box,0
limit offer cash click click free win cash cash guarante offer cash cash guarante guarante urgent urgent necessari anim messag shoulder,1
win big win urgent limit guarante free urgent guarante urgent guarante guarante guarante free click partner cost box cultur environ system boy,1
schedul confirm budget review alon decid articl figur expect citizen find professor test memori strategi servic feel polici govern member,0
weekli report report daughter arriv invest less foreign seven speak troubl,0
urgent cliam prize limit urgent guarante free click guarante click limit free win cash limit limit guarante gener happen sport hold hour hair avoid long front staff campaign,1
meet remind schedul hotel music practic man seat would howev person high treat budget condit goal,0
meet remind report standard though evid first presid inde break event pattern heart cost even guess,0
win big offer urgent win guarante click cash urgent one staff modern town store improv middl mind though music,1
meet remind project updat explain wall cut democrat reduc cut,0
weekli report team sync remain deep girl second someth least finish elect event certainli could blue onto high centuri appli,0
win big win click offer cash click offer cash limit offer offer free limit cash win limit messag oper let particip could custom american difficult sort bit forward,1
select urgent offer free click limit urgent urgent urgent limit address hour nation valu servic throughout make decis book professor activ,1
weekli report meet short car land base writer contain share televis design everi charg import agent natur read mention music open repres,0
project updat budget review sell parent side student oper final drug year mission turn recent usual beauti structur,0
limit offer guarante offer cash urgent win click guarante limit urgent cash win click appli abil true along foreign dinner though anoth could beyond young red,1
project updat schedul radio accord els yard site,0
meet remind meet research develop signific polit author alreadi,0
meet remind team sync well center right affect hot year sit alreadi money forward guy point imag reason,0
select free click urgent limit urgent limit guarante win urgent click win urgent limit click hold idea may question find scienc custom,1
limit offer win offer urgent urgent urgent urgent provid respons small grow almost cell,1
weekli report schedul els rate occur polit determin noth,0
win big urgent urgent limit free offer cash limit click win limit cash click oil tri final art mayb protect,1
weekli report budget review side hous week everyth model listen top church stage method famili wind determin,0
project updat schedul share confer popular note difficult tree fill watch poor forc,0
project updat meet keep keep ten floor oil degre receiv cultur floor religi abil hold name kitchen,0
limit offer win cash cash win urgent click limit win urgent urgent free urgent cash urgent though past return begin camera soldier month level,1
schedul confirm team sync thu elect situat someth public wish first worri,0
meet remind team sync necessari increas teacher approach agent writer age would realiti foreign day everyth radio fill choos son rememb rich hard glass,0
weekli report budget review servic break question alreadi pretti custom heart never offici cut,0
meet remind budget review oil product offic cold live although learn professor almost develop father magazin fast,0
weekli report schedul test friend feel safe central everi accord learn tough bodi sever behind grow speak,0
select win guarante click guarante click good price care whether film name capit realiti abl compar,1
weekli report project updat without age tonight system noth almost mayb base around next parent number old posit signific name histori,0
win big urgent click offer free click limit cash win cash win click urgent click offer includ treatment consum bring appear best outsid visit safe week resourc figur,1
meet remind budget review ago offici particip usual standard recogn bodi big sign abl commerci,0
schedul confirm team sync gener statement side,0
limit offer win click guarante cash limit guarante limit guarante win human class market sens top front sure race train cold treatment,1
select limit cash cash offer free free urgent click offer urgent limit limit limit cash offer late dream gun man sea posit establish poor senior young foreign,1
project updat report weight interview laugh newspap though inform call order,0
project updat schedul writer weight recogn short dog partner sens number piec make includ size,0
project updat report art matter entir hot true seat share grow respond,0
limit offer free offer limit urgent limit offer click differ week coupl trial save realiz improv littl meet account career,1
project updat report popul better enjoy develop record drop leav bank polici score ground scientist invest right intern ask,0
urgent cliam prize click offer cash click free cash site piec person wait subject manag thought career,1
select cash guarante click offer urgent win free free cash win urgent cash win common decid last remain stori organ sort,1
win big offer offer win cash urgent free limit guarante cash offer win alon prepar approach air throughout histori contain pull fund mother,1
limit offer free limit urgent win offer win limit free urgent limit cash limit click guarante guarante soldier less writer race team often,1
weekli report schedul ball els exactli trial interest point good protect also job free rather return,0
urgent cliam prize click free urgent urgent win click limit guarante offer free anyth cell appear impact number happen next someon avoid,1
schedul confirm schedul particular increas leav bill piec imag first hundr worri develop watch,0
select win limit urgent cash win offer husband section teacher current fall project,1
win big click cash free win guarante offer win cash limit offer guarante offer offer futur send polic lot let along decid first,1
weekli report team sync phone imag close much matter whatev walk hous,0
limit offer limit guarante guarante click urgent click urgent difficult visit worker requir factor administr,1
select free click offer urgent win limit offer offer click guarante win urgent click student white languag check suggest quit product say medic,1
schedul confirm report subject need particular yard phone shoulder prepar beauti sometim major budget coach campaign avoid insid,0
weekli report project updat wonder west woman choos polic race direct might produc bodi,0
meet remind project updat blood determin argu big measur like add loss argu project owner thought accord,0
meet remind team sync larg law class determin howev author believ establish organ deal even miss,0
schedul confirm report discuss treatment sing report power describ recent import throughout,0
weekli report budget review score everyon almost friend beat offic simpli like secur air,0
limit offer urgent cash click offer urgent free free win final affect wish singl measur collect marriag show perhap,1
project updat project updat heavi nearli militari third outsid board cover deep style state,0
weekli report project updat strong blue sort draw train surfac even allow close,0
weekli report report scene polici daughter born lose list goal attorney sit american,0
meet remind schedul confer tabl none mention fight expert medic protect role imagin side support newspap bring charg,0
schedul confirm project updat easi attent suggest probabl admit simpl project militari art tonight vote enough industri suffer air,0
project updat project updat know establish build question tonight stay,0
win big cash cash cash free cash free click take consid accord unit forward languag charact level road imag peopl,1
project updat team sync give sometim author professor behavior compani true field class,0
limit offer guarante guarante cash limit cash urgent click urgent song cold smile whose sourc none presid right creat,1
meet remind meet littl variou instead list prove us newspap land despit sport new final guess ground,0
meet remind team sync whole suggest other section along choic entir least letter boy must commun realli sign man rich,0
schedul confirm schedul go guy coupl defens although laugh person later technolog us speech later scienc blood wait manag meet,0
meet remind schedul friend child far foreign mother realiti fight someon song identifi quit ball us sister,0
meet remind project updat wall campaign arm hard wear despit seek ten artist,0
project updat budget review model scienc standard town moment ground almost indic top soon lot seri market democrat send finish hot ok,0
meet remind project updat travel next upon upon card machin suffer indic paper,0
project updat budget review set rule listen choos paper,0
win big limit guarante offer win cash piec avail soldier paper,1
project updat schedul draw market work near govern news writer western reveal,0
urgent cliam prize cash cash urgent limit cash mind import better learn hit end feel respond confer somebodi recent,1
select urgent win offer offer limit free factor famili qualiti pretti whether speak check sell even big special,1
select click urgent free click urgent win limit bit thousand clearli law scientist thing opportun other,1
win big limit cash click offer limit win model break run chang main polic,1
meet remind schedul catch let talk book church sort particularli simpl stay blue test number life receiv,0
meet remind team sync light smile includ wide coach goal quit news design,0
meet remind project updat develop bring appear minut least anoth peac talk,0
select free win cash guarante win urgent term individu eat staff activ strategi respons unit type,1
limit offer win urgent offer guarante limit guarante urgent free urgent guarante urgent guarante chang studi letter view begin respond kitchen difficult talk scienc american anim,1
urgent cliam prize urgent guarante cash offer cash win guarante win guarante offer urgent wear offer invest ok way eye form,1
weekli report budget review structur citi audienc suddenli describ even natur window street long anyon peopl provid common million career train usual,0
meet remind report polit base per five small imagin member glass leav bodi dog note wife,0
project updat team sync economi countri edg race exampl life product hot simpli behind rich machin technolog cold fear meet,0
urgent cliam prize click urgent offer offer cash win click offer win face statement execut civil hour stuff reflect alreadi differ sinc,1
limit offer guarante limit win offer win offer cash urgent win win guarante board make budget show posit drug histori scientist,1
limit offer win click guarante urgent click join close els network section set marriag,1
select guarante win win urgent limit free win guarante urgent guarante click free click free whether improv better film pm let simpl start abil person chair civil,1
schedul confirm report alon middl articl ever especi race countri still center yet discov loss test catch reflect thousand option,0
schedul confirm budget review back improv central anim away,0
win big limit win win urgent click click win free cash limit skin sign final thousand mention let view,1
schedul confirm schedul receiv modern father section cost dinner claim behavior finish live effect,0
project updat team sync confer american street model throughout crime civil necessari peopl begin director tend ever,0
win big free cash urgent click offer free limit urgent win knowledg appli offer game day plan suffer educ occur yeah,1
project updat budget review mr everyth realli profession star theori court call organ littl import artist somebodi close plant keep onto,0
win big click free urgent limit urgent guarante limit cash limit offer born manag threat less religi countri believ open simpl speak,1
weekli report team sync establish method charg realli nearli onto carri task event vote direct loss,0
weekli report report million fund nice place brother mission establish western perform often oper natur exactli born fire firm believ note learn,0
select limit cash free urgent limit limit cash tabl help recogn rich republican region congress decid valu,1
project updat report cost cup camera choos industri invest scientist peac front assum centuri mani chang test either piec american,0
limit offer win guarante limit urgent free win click limit cash limit click urgent offer free limit enjoy eight day audienc variou structur ye focu,1
schedul confirm schedul reason countri valu sport across student buy wife goal less north,0
win big offer free guarante urgent free cash offer urgent win letter prove intern coach minut social measur,1
meet remind report goal valu elect garden low presid heart onto help hear,0
win big offer cash win cash guarante win urgent urgent space singl candid tend marriag rather skin north,1
project updat schedul avoid trade effect south avail issu total site deal languag natur drive even crime share,0
project updat project updat els question news somebodi parti degre enter technolog beyond lot anim hear shake class instead,0
schedul confirm schedul singl prepar tonight guy us social usual perhap sort actual messag cover get live wind kitchen church,0
select limit cash offer click offer urgent free last institut hand earli spring natur alreadi campaign detail,1
select cash offer urgent offer win guarante limit limit guarante offer offer offer free urgent case marriag open like factor televis wrong ever,1
select guarante click guarante guarante offer limit free choos per even earli might box yeah quit tonight medic level,1
urgent cliam prize limit free offer win guarante free win offer system imagin seven daughter us crime studi compar store back,1
project updat meet includ fear use perform accord staff star year act upon elect question,0
meet remind budget review marriag pictur strong debat five within ask bad hope polit firm collect prepar past mention execut home central televis cut realiti particip new,0
meet remind project updat key road law address throughout answer enough chang yeah think open law draw noth alon,0
weekli report budget review earli appear middl perform get home poor environ side base manag educ pick black particularli capit,0
limit offer urgent click urgent guarante urgent free limit free click urgent cash limit win skin tonight ago day dream discuss agenc sound might suddenli strategi,1
weekli report team sync floor across right age instead show militari news far guy arriv front,0
project updat schedul drive poor leg troubl upon lay daughter tonight difficult gener dinner share evid wife polic,0
schedul confirm team sync wish need step realiti word section today manag right chanc style fear professor floor bad suffer talk note section,0
limit offer offer guarante urgent cash free free free win click guarante click street respons draw money gun final goal,1
weekli report project updat action outsid offic author valu part continu among,0
select urgent offer cash urgent guarante cash offer free urgent american improv day intern almost wife behind coach colleg interest,1
limit offer free limit guarante offer win limit offer urgent click particularli teach differ forward scienc thousand past variou assum author threat,1
schedul confirm meet strong dinner factor troubl hospit happen record realiti train left,0
weekli report team sync almost accept profession larg keep wear brother kind organ effort fact exampl,0
project updat budget review arriv fish educ market race star number practic option messag democrat growth sort,0
urgent cliam prize cash free cash cash click free democrat six pass way green new strong big behavior girl low store,1
schedul confirm team sync product board issu wonder,0
select click cash click urgent free limit offer win urgent cash click cash free whatev militari three mission loss common,1
weekli report meet almost institut learn beyond treat wait foot pattern choos instead,0
urgent cliam prize offer cash guarante cash offer limit click accord agent score bad agenc american big,1
meet remind budget review choos offic thank west quit admit hold event half door share watch show,0
meet remind budget review base state charg centuri polit high small sister organ network author film heart prepar describ purpos program star improv,0
meet remind meet indic offici pay perform real space small particularli cut never,0
schedul confirm team sync measur call thousand break ground wife confer actual purpos trip,0
schedul confirm team sync road new spend seek fish would speech respond war seri fire offic final,0
urgent cliam prize limit free click guarante urgent click guarante offer north protect whether religi use wait present age learn messag growth simpli blood,1
project updat schedul one someth surfac identifi nation busi crime keep three,0
project updat team sync littl respons time year take cup differ serv differ reflect treatment box effect join near,0
meet remind team sync kitchen even owner near card issu lose challeng,0
project updat schedul heavi soldier step languag environ statement prepar singl ago babi whole agenc environment draw mr left,0
urgent cliam prize guarante offer cash limit free cash limit limit free inform arm sit tend within moment teacher fish light director,1
project updat team sync tonight around statement movement caus natur expert enough million attorney anim realiti meet step creat econom civil affect million,0
win big free limit limit guarante urgent free urgent click free urgent limit guarante limit free limit rich seriou show crime confer sever abil water measur plan busi,1
weekli report budget review parent network tonight mention growth dog center choic model eat simpli avail us,0
schedul confirm budget review els whole caus say often news task wonder free articl usual may group,0
schedul confirm report especi worker peopl tax entir,0
select urgent cash cash urgent urgent guarante guarante guarante offer offer limit guarante urgent soldier attent key test power along,1
project updat meet success build deep notic specif mani feel subject other whatev third hold compani,0
urgent cliam prize urgent offer win urgent click free free free win free style build pay technolog thought involv director fast boy support,1
limit offer offer free urgent free free free guarante limit practic main day compani occur clear summer,1
schedul confirm meet town next final surfac best product present attorney fish easi,0
meet remind report show road style home expect last person glass popul share begin foot note leav check gun accord,0
urgent cliam prize urgent win cash urgent urgent click win free free urgent piec firm set ever phone gener person model economi citizen,1
project updat budget review next simpl movement recent care adult trial region hundr save sing,0
limit offer limit urgent urgent urgent offer offer win click guarante cash urgent six address court actual suddenli anyon share,1
schedul confirm meet whole success season seem night south develop share letter,0
limit offer win free click limit cash mother term view art signific respond,1
select limit guarante guarante cash cash free urgent click offer urgent offer win win limit free sport star recent risk key elect forward feel kid live describ,1
select win offer offer free free win offer win click win urgent cash guarante offer color take rather start despit drive lot natur signific member babi surfac,1
win big free offer guarante win limit cash cash free wrong road lose cover mission,1
win big win free limit cash urgent cash cash cash click win free limit win limit free small director job good nice tri rich chanc major develop rise,1
project updat schedul experi threat open necessari mission qualiti wonder without treatment realli much accept long let along,0
schedul confirm meet teacher sound prepar anim hair becom media becom power film,0
limit offer guarante offer urgent limit click urgent click guarante cash free urgent save els happi agre larg write left thu,1
project updat report noth partner truth abil reflect magazin perhap hotel task goal treatment charg section,0
urgent cliam prize cash click click offer click click cash name upon point mean probabl note allow import knowledg,1
schedul confirm report public meet consum control decad color miss educ need road sister polit recent,0
meet remind budget review offic white town film charg follow parti larg strategi matter natur technolog brother guess process,0
weekli report budget review store pressur exist also compani age offic begin cost protect knowledg economi troubl allow organ soon research arriv,0
schedul confirm report ask last western go pass lose step everyon think process eye decid inde,0
project updat team sync throughout window account everyth defens yeah live ga especi town reduc arm,0
schedul confirm schedul requir bag number someon design adult recent whether eye option money believ presid grow someon garden,0
urgent cliam prize free click win free cash free urgent click urgent free limit guarante child research small seek resourc anim,1
win big limit offer guarante urgent urgent win guarante click limit urgent offer click free thing deep husband import pattern play game,1
select win win cash limit click click guarante click free toward rule box econom whose rise,1
meet remind schedul gener improv product movi black box question direct role build audienc road purpos,0
win big win guarante free click limit win guarante gener soon camera across scienc less,1
limit offer urgent urgent cash guarante urgent win offer limit urgent win urgent offer limit cash continu necessari somebodi becom section answer almost debat notic,1
urgent cliam prize cash offer urgent guarante urgent win click limit offer could offic degre bit short imag worri simpli season alreadi million,1
schedul confirm budget review open agent behind almost around concern cultur bring audienc short place front,0
urgent cliam prize urgent limit offer cash win urgent click free cash guarante cash urgent click histori newspap pressur behind social rememb enter physic food,1
project updat budget review power water knowledg threat medic congress success rather might region avail,0
schedul confirm team sync music certainli plant hot countri bill fish rise current notic prevent civil nice,0
meet remind schedul year detail hear exactli product say standard role,0
limit offer guarante free urgent offer win cash lead put onto spring talk technolog,1
win big click cash cash free urgent click win guarante limit free free cash guarante seriou sens colleg number vote understand almost window author,1
meet remind project updat around fear good question natur particular singl may bag bit religi rang fall charg thousand,0
urgent cliam prize win win limit free win guarante offer win guarante guarante guarante limit cash white clearli protect capit ok former role open age littl public littl,1
project updat schedul common differ center assum candid level decad hope fill,0
urgent cliam prize cash guarante cash urgent click cash free click offer win offer click click click decis effort center take rich tax section concern lose laugh size,1
meet remind project updat church middl sens answer attent bed main middl face rise short south condit,0
schedul confirm project updat final wife particip owner enough,0
limit offer offer urgent cash win cash offer win urgent free guarante click limit cash offer option unit respons later tv factor hit rich plan consid gener,1
project updat project updat presid side make risk inform outsid respons social quit member pass late,0
project updat budget review worri rule home later stage relationship issu new,0
win big cash offer limit limit limit click urgent urgent offer talk space thousand room say five finish stock industri help success,1
urgent cliam prize click free click click cash action budget role plan wife guess sound second central,1
meet remind team sync ago educ seem,0
project updat team sync project togeth sourc player,0
project updat schedul call left entir four director six expert third hundr explain dream,0
schedul confirm project updat discuss involv second govern cultur fast student whatev imagin polit analysi join guy popular,0
meet remind report drug number score bit societi us sometim foot look teacher,0
win big free win click guarante urgent offer cash win cash free urgent guarante decis black item board experi experi,1
urgent cliam prize urgent offer limit win urgent guarante offer guarante offer guarante urgent urgent institut site agent carri take tend continu democrat develop,1
weekli report budget review reduc best base structur cost soldier choic profession affect site speak speak center,0
schedul confirm report mention eye howev staff pictur fill miss enough attorney night boy,0
meet remind budget review think understand store audienc upon fight throw data imag laugh necessari reach less foot simpl pattern,0
meet remind project updat market fine littl organ polici great fli econom close father polit trip would foot group militari suffer marriag babi without yeah team,0
project updat budget review signific next chanc upon pattern religi hour red busi director dog despit person mr step exampl qualiti upon medic particularli cell consum happi,0
win big urgent free limit urgent urgent guarante guarante recent stuff question paper movi whole civil even,1
project updat budget review consid record begin support benefit everyth pay success vote mayb howev space rather health either knowledg theori,0
limit offer guarante free limit offer urgent free click free click click offer firm black attack air forward risk econom maintain,1
win big urgent limit click urgent offer guarante click guarante sure cost coach program professor,1
schedul confirm budget review idea radio tend hard discuss nearli real result good move exactli tri teach,0
select limit win click guarante urgent click win free five mayb ten key recent adult second citizen manag inde group gener,1
project updat budget review sourc lead none student truth usual senior east attorney mean amount system,0
meet remind meet discuss eye next rise reason certainli,0
weekli report meet draw spend whose call crime posit main natur say,0
schedul confirm schedul group almost materi two knowledg within record senior low littl need chanc laugh garden make everyth writer,0
schedul confirm report effect rate point interest fire art moment want piec surfac,0
project updat project updat along prevent abil,0
weekli report budget review develop morn avail discuss relat feel babi huge theori put condit,0
schedul confirm schedul organ wall offic spring power air measur take writer beauti defens low deep wonder ok,0
weekli report project updat like maintain feel build support make posit follow movi arm product yet shake decis drive home war tv visit like occur mean card paper,0
urgent cliam prize offer guarante click urgent click urgent win free democrat articl model issu econom either center least mr long six know,1
schedul confirm budget review busi somebodi matter experi scienc play keep creat mind pressur interest noth one author,0
limit offer offer offer win click limit win cash cash click click win win offer urgent mission within wear famili confer less,1
urgent cliam prize offer win free cash cash offer cash click court process stuff capit six run eye nation probabl vote sport,1
schedul confirm meet author experi institut institut ground purpos indic radio air thu cell establish choic histori common simpl us race clearli spend occur whole,0
select offer limit guarante free guarante free limit offer free offer reveal chanc invest agre would support sea exist sever,1
select offer urgent limit cash cash offer click guarante urgent urgent click win draw hotel send mind pass statement night,1
schedul confirm budget review across full hold enter model protect feel knowledg indic eat boy,0
win big free guarante guarante limit cash win stuff state player forc would window,1
limit offer offer offer guarante guarante urgent limit urgent win urgent offer win urgent click guarante class week everyth major tonight wonder,1
project updat report defens second simpli rang approach fast sure beyond,0
limit offer urgent offer cash free guarante urgent chair instead success studi doctor interest meet,1
urgent cliam prize urgent cash free click click urgent free limit urgent offer insid particip instead relationship attack name black argu style floor claim third,1
project updat team sync economi finish qualiti fear campaign father behavior larg card teacher poor continu stori ok debat sometim year build serv glass,0
project updat budget review attack measur increas imag store understand live perform realiz enter analysi choos whose boy bit,0
win big cash cash offer cash offer win win cash win huge teach like address strong radio prepar,1
schedul confirm budget review red cold intern evid add relationship organ explain address success experi land custom whatev find song world,0
urgent cliam prize guarante offer cash offer guarante guarante free busi poor well hot bad articl,1
schedul confirm project updat treatment messag paint market call posit yeah shake eight clear true compar condit never work among young system shoulder wall major help,0
schedul confirm team sync littl offic boy throughout develop part drug tonight,0
weekli report team sync middl bag act second take particular beat research soldier troubl newspap recent worri eye,0
weekli report schedul fight way respons know decad learn ball statement special wear look high may ahead,0
weekli report report make small see three peac brother name quickli field coupl parti record develop maintain particularli coach posit enjoy,0
limit offer click urgent offer click urgent cash free cash throughout fire servic market four histori soon,1
meet remind report father ball,0
project updat schedul whole send ten guess earli half someon chang valu view write feel set,0
urgent cliam prize limit cash free urgent limit urgent urgent street black rock rate parent without theori month record strategi success shoulder,1
meet remind team sync threat total market ye posit institut high dark anoth materi town matter better languag speak properti yeah mayb interest,0
win big urgent win cash win limit urgent click click offer win free word run defens month question suddenli,1
weekli report project updat opportun green ground,0
weekli report report author special learn nearli allow season water type truth recent admit whole rest board knowledg,0
meet remind schedul discuss plan place challeng much one begin mission,0
meet remind budget review break night job sound educ difficult find also goal simpl heart offic,0
meet remind team sync go appli tradit among public mother far way rule quit determin,0
select free cash offer free limit limit win offer offer limit urgent win guarante guarante click fight name manag contain task major clear seven,1
weekli report report summer born dog know guy alreadi ever religi would tell model data tough requir,0
urgent cliam prize win free win limit guarante cash cash guarante click limit limit limit limit think main hope size actual ahead activ energi sister air,1
limit offer limit win limit click offer urgent win click guarante click urgent stori technolog network particularli summer land,1
meet remind budget review elect debat say hot fish focu drug wish soon although affect centuri articl,0
project updat team sync sourc decid person spend treat work pressur hour colleg like would littl write worker,0
limit offer guarante guarante urgent cash urgent click free click cash offer free win offer win drop drug term republican avoid free,1
select urgent urgent free guarante win cash offer urgent guarante cash leg actual blood cut confer figur fine score sea voic key,1
project updat report perform everi return former detail full decid surfac discuss sinc grow,0
meet remind team sync return mention econom debat around near natur energi care north societi local person administr,0
meet remind project updat condit attent confer seven toward role citi receiv fact star educ risk centuri materi heart manag,0
meet remind project updat often comput throughout soon administr behavior govern littl trade hit,0
meet remind meet job reduc learn stuff quit inform test space voic scienc,0
win big win urgent cash win urgent free enter box like simpl brother threat,1
select cash cash offer win click limit guarante click click guarante art area explain travel exactli assum assum month south,1
schedul confirm budget review theori establish financi away foot indic intern ahead bill,0
project updat report major stuff sourc poor second dog main budget central without account speak indic peac may fish,0
project updat report return produc give issu research,0
limit offer limit offer offer offer urgent click guarante win win urgent continu exampl sound drug week whose colleg,1
schedul confirm meet institut interest coach scientist member becom compani tax girl strong variou especi experi join accord offici enough star,0
weekli report report challeng civil field want recent actual improv career smile daughter polic tri charg coupl agent item,0
project updat budget review southern might son class sometim finish often popul light threat decad anoth paint,0
win big click offer guarante offer click window speak blood focu project trade,1
urgent cliam prize free click cash win offer win win cash click limit win like either player surfac suddenli yard noth seem brother,1
win big limit guarante win limit limit free explain offic world truth without energi,1
limit offer guarante free offer offer free free free click win free click address alway finish board answer inform key seri first,1
urgent cliam prize win offer limit cash offer base board seat drop alon behind alreadi billion hard clear white stay,1
project updat schedul pictur particular data bag later happen seven half whatev voic east reason sometim final,0
schedul confirm budget review eat throw ask across magazin mean environment market fund work long particular book practic save degre,0
weekli report team sync name respons billion offic realiti rule support glass polic rule open,0
weekli report team sync necessari hour question hot analysi throw person nice inde major road,0
urgent cliam prize free guarante limit click free cash urgent limit free urgent click cash marriag suddenli movement amount stori ga test argu,1
schedul confirm meet read within employe social court particip upon beyond truth pick everybodi discuss speak,0
win big offer urgent cash win cash urgent click limit cash outsid loss reach without edg second forward half white,1
schedul confirm team sync valu thing everybodi plant becom theori probabl includ research full,0
limit offer click win guarante cash limit limit click lawyer ga cultur begin produc move,1
urgent cliam prize limit win win limit guarante free click win free trade door home feel part question point right big push,1
select offer free guarante offer limit urgent offer win free win guarante guarante ball add common offici door realiz meet third father,1
schedul confirm budget review teacher mouth leav want better success question offic place allow thu open kid,0
meet remind project updat moment cold visit fight tv hair deal walk let analysi front close land resourc gener agent recogn ten,0
weekli report budget review speech role elect per either talk,0
win big free offer limit win urgent guarante guarante limit click urgent offer limit click win limit step democrat stori mr level quickli ye alway build consid suggest,1
project updat project updat differ think hope almost agre stage back histori differ famili,0
weekli report budget review howev appli tree exist market rest eat purpos strong watch though poor blue congress someth,0
select guarante urgent offer urgent click urgent guarante newspap hit sourc articl join head local employe els,1
weekli report report profession light voic ga troubl design usual gun thousand enter may husband,0
select cash urgent cash offer urgent offer win limit click guarante free urgent click urgent increas properti get learn offici price studi protect wonder meet key,1
win big win click free offer cash win limit click cash offer blood agre state person import studi look meet abil,1
schedul confirm meet develop relationship product turn either,0
project updat budget review explain imagin exist mind tv name program author board bad expert ok,0
schedul confirm schedul season ago research troubl mission present mr avoid,0
weekli report team sync coach alon key job ahead import behavior necessari organ differ go week system per last,0
schedul confirm budget review measur open abil fill movi short star audienc station bring two data crime american mean,0
schedul confirm project updat wife five catch inform manag model vote administr fire soon trade away,0
win big cash free offer guarante free free urgent guarante urgent free limit cash win guarante offer upon pattern system sing hot room road,1
schedul confirm meet set claim air repres knowledg half train law worri rang,0
weekli report team sync marriag travel record relationship age would fast ball rise recent wrong soldier abil noth industri whole chair might rang benefit forget take movi ask,0
weekli report report might fact test side lot capit reveal offer everybodi ask cost,0
meet remind schedul fast must ask next forget product dream abil compani suggest form opportun idea other pay singl,0
limit offer urgent win urgent click offer cash guarante click win free guarante guarante cash win open opportun author mr becom creat discuss well strategi,1
project updat budget review bodi green gun drop bring ever collect station seem establish whatev sinc manag minut add behind languag,0
schedul confirm team sync tell deep student factor contain note attent sport lay statement caus oil includ secur structur coupl,0
schedul confirm schedul energi nearli campaign need prove rule girl import well laugh cold stuff drop strategi although,0
meet remind meet statement south tend reach natur grow describ sens race appear sound former,0
meet remind report whether left educ tonight level paint late train reflect presid exist name direct radio,0
meet remind report season knowledg appear number visit true lot soon final church move usual throw sort alon full,0
schedul confirm report bank foreign hous relationship west cold top modern decis page clear quickli,0
project updat schedul feel differ somebodi class could live edg especi effort rather bed design decid stop outsid,0
meet remind budget review involv pretti drug day degre safe ground wind audienc win sit staff crime surfac condit hospit,0
weekli report team sync learn total materi plant per stay maintain clear noth vote soon like bring actual sens especi mother,0
limit offer win guarante limit cash cash cash limit limit win free cash free least prove well test rest purpos water fli identifi feel impact mind,1
schedul confirm meet gener factor design north skin speech present week see major actual seek,0
schedul confirm project updat speech citi parti art quit campaign caus friend professor messag,0
schedul confirm project updat despit respons paper posit sever rais less help edg offic,0
urgent cliam prize limit win urgent win click urgent limit guarante limit project group old tv detail institut return american team relationship issu,1
urgent cliam prize urgent win click free urgent guarante click limit offer win offer limit free manag civil return littl rememb fear charact dog,1
urgent cliam prize limit offer guarante limit limit win limit offer cash limit guarante win guarante urgent win happi hand call prevent describ whose pm yard singl organ leav,1
schedul confirm project updat articl charg arm hour follow debat stand centuri natur carri relationship,0
meet remind budget review find black pass alway door street attent white sign blue abil soldier surfac seven activ activ tend water insid near econom avail speak better,0
schedul confirm schedul everyth race mr push part head realiz chanc best process dark nearli reduc go,0
project updat meet second toward air tell option brother enough fund probabl increas polit program task colleg natur,0
weekli report team sync class earli suggest doctor push star less summer opportun industri choic nation current stock,0
schedul confirm team sync institut senior base pay think even notic physic detail effort rather sell view includ blood decad,0
win big limit offer free cash win limit free guarante safe age quit gener thing technolog,1
schedul confirm meet west like partner realiti manag us could coupl skin start would last address feel commerci decid religi attack,0
project updat report goal anyon approach gun card north fall rather learn tough question better full,0
weekli report meet level whether consid effort allow must allow three secur difficult,0
meet remind team sync music direct pay approach lay often mr give along form worker,0
weekli report schedul stop adult tonight way skill buy,0
limit offer win click win limit offer urgent urgent guarante urgent click limit type identifi ball blood assum sing size,1
urgent cliam prize free cash cash offer click guarante guarante guarante urgent limit click pay offici hous program trade view troubl establish western identifi store carri,1
project updat meet seat one life go properti consid media respons billion particular process hour stand leav administr,0
limit offer cash limit click limit click urgent urgent urgent free guarante click camera includ wish reason readi,1
urgent cliam prize limit click click click limit free win mission market capit polit film audienc,1
limit offer free win click free urgent click guarante cash click offer cash articl bank even dark everybodi establish caus window structur,1
limit offer click click urgent click offer free free free guarante cash free limit guarante click guarante bed lay readi price societi scienc view situat,1
limit offer offer guarante limit click limit free offer free free free guarante guarante offer entir person forc tough possibl perform hear,1
project updat team sync smile train paper crime boy defens eye opportun door trip clearli growth beat son alon student small final,0
meet remind report understand exampl lose home think admit lay televis none whose leg build reach probabl ago memori learn tree free difficult train,0
schedul confirm project updat green expect money sourc expect dog adult take true tax control prepar away win pay professor morn sever step,0
limit offer free win urgent cash cash click limit free financi three mention sound today effect sit,1
project updat meet major effect rock interest free walk help month expect everybodi sometim need well abil citi,0
select limit guarante cash click free win free bring letter pretti sign audienc page class condit whether best keep,1
schedul confirm meet leg whether abl industri alway educ morn congress mr listen specif big chang certain speech build close,0
weekli report schedul sound intern exist yet,0
meet remind schedul make town job later kind quickli cost reveal,0
schedul confirm schedul bed suddenli work suffer girl protect key year look program school elect wide view attack,0
project updat budget review long commun face difficult begin thousand everi popular particularli,0
select offer free urgent guarante urgent urgent director affect care without benefit pattern big window arm surfac,1
weekli report schedul consid pull rest wall court whatev poor follow everyth high measur tell huge last seri financi recent machin mouth case view play,0
schedul confirm report live current beat money mayb write door drive pull realiz mr author pm order,0
win big win free urgent limit guarante win offer click offer cash offer urgent econom imag hospit hear team room tax type act,1
schedul confirm team sync design coupl debat hold fear magazin agenc truth game food home firm exist low,0
select urgent urgent free offer click urgent free offer cash cash win guarante offer administr exactli find affect thank sound increas fill spend,1
schedul confirm team sync mr fight shoulder other big either product profession someon know consum cultur voic wind,0
project updat meet person rather north eye month pick class data method firm unit arriv maintain whatev vote mr,0
schedul confirm team sync carri human claim exactli although everi peopl bodi last member hair must,0
weekli report budget review trade militari show treatment individu bed larg along add daughter set,0
limit offer win offer urgent offer cash cash style lose whether someth factor anyth pattern reveal charg,1
schedul confirm report keep author head wrong section wish signific insid also night get feder power beauti,0
weekli report schedul suddenli nation throughout short indic art late young question make way sever model imagin never,0
select urgent urgent win cash cash click free win guarante win urgent poor live scene game stage evid catch exampl wife,1
urgent cliam prize free urgent free limit guarante cash guarante howev standard candid other consid question certainli local rest call drive,1
limit offer free urgent click click offer cash offer click free click wife alon shoulder nice whose arm,1
weekli report schedul away determin team hair catch land properti provid budget without mean,0
project updat schedul babi identifi religi measur fall star knowledg fast knowledg,0
project updat schedul attorney admit thu,0
meet remind report help nation air sourc may quickli word sound popul debat republican factor push plan,0
meet remind meet chair allow million occur sing mean item chanc share reflect imagin fli still attorney someth noth,0
schedul confirm project updat even ok fish decis market repres much appear sit tradit histori order elect southern civil,0
weekli report schedul specif manag risk safe number onto beauti put father,0
urgent cliam prize urgent offer click urgent limit free break goal exactli product establish room,1
win big offer win cash cash free cash urgent offer win offer guarante guarante west follow describ subject lawyer hope space anyth guy,1
weekli report meet account issu skill case qualiti militari democrat middl law,0
limit offer click urgent cash win win win limit free cash guarante certain half quit huge variou heavi job meet,1
win big click win limit urgent offer perform hundr drop pictur south,1
schedul confirm schedul good west purpos seat return improv charg quit administr idea,0
meet remind schedul realiz west million relat wrong mayb support tough level garden listen person polit pay easi,0
meet remind schedul trade industri alon instead full success assum mani seem involv person sing final opportun,0
select guarante free free free win click limit cash offer guarante guarante win local collect place without past suddenli weight method certainli worri,1
project updat schedul scienc thing fire success focu size order law modern cup seek catch,0
schedul confirm team sync tradit enough consid assum thing drive type note student tax variou,0
meet remind team sync sort militari studi someth execut laugh languag ok especi,0
meet remind budget review perform signific cell thousand left partner clear custom person vote,0
schedul confirm budget review develop right art fill find none four decid major return half season train nearli let hard,0
urgent cliam prize urgent win cash urgent click urgent urgent click trip method imag mayb break later type chanc tradit,1
select offer limit click limit offer win offer win cash free guarante show director rather accord matter small put avoid,1
weekli report team sync fill move report stori variou truth mani anyth fight author method,0
urgent cliam prize offer free free guarante click cash guarante urgent win urgent hour good job art black industri feder boy concern least,1
project updat budget review size film push current employe writer get materi mother hundr brother person town accept glass decid firm,0
schedul confirm schedul least recogn lay believ product food feel american thing small model necessari two,0
weekli report schedul fire stori lot individu commun front ga offer mani posit,0
limit offer cash win guarante urgent offer limit hair major common strong cell five state church risk medic market,1
win big click limit win free free cash guarante click guarante sit center senior card across benefit person win stage everi dinner,1
select offer click limit click offer guarante win offer urgent lot rememb face mani rise invest weight medic speech democrat,1
meet remind schedul success other wrong father help far market everi final front,0
urgent cliam prize cash win free offer urgent cash win offer cash offer limit urgent challeng carri wall student tri newspap onto dream low close,1
meet remind meet husband manag analysi easi knowledg televis keep whatev machin everi properti join radio,0
project updat project updat test space allow say join hair understand rais field pull sever anim,0
meet remind schedul seat want could bodi food war group piec western offici rather wind drug throughout keep polit,0
select cash cash urgent limit click cash sea question dark exampl pressur world relationship repres,1
meet remind project updat add anim togeth strategi none debat one across activ way blue one exist radio add pressur leav,0
project updat schedul run land young pass execut industri languag environment effort art also particip admit would attorney outsid natur,0
win big win free urgent offer offer offer win free click recogn signific commun question red militari realiti approach valu four weight program,1
limit offer guarante guarante offer offer guarante cash mr would take heart despit news task futur econom small perform,1
project updat meet nearli fall polici hot almost anyon side movi blood best father languag train system repres season,0
limit offer offer win win urgent limit limit limit offer free limit guarante offer cash win control pm act hair thought join join,1
select click limit offer win urgent limit guarante free limit per radio pressur result man style certain lot eat life behavior statement bad,1
weekli report meet repres learn speak realiz form kind might tax area player movi,0
schedul confirm budget review offic court amount major sing inform appli friend red tell yard role among matter,0
urgent cliam prize click cash click guarante cash offer win urgent guarante limit limit cash click offer urgent tend articl major identifi becom fli break read top also,1
weekli report team sync cut case organ sound product almost abil togeth,0
weekli report team sync commun help son beauti public identifi product blood effect four arm put,0
schedul confirm budget review train speech discuss hope abil respons hit forward yard draw level late carri right,0
meet remind report languag though travel cost drop top season growth add beat seek citizen treatment interview citi beauti avoid color insid,0
project updat project updat consid expect ye leav remain visit moment magazin serv reach debat militari often travel bar stock approach look power forward,0
project updat report guy high requir main talk behind,0
select urgent offer win win cash urgent offer win click offer cash offer limit free detail camera life reflect build tree inform happi,1
weekli report report help hundr food mother improv rather eat partner unit physic art,0
select win urgent limit limit offer urgent offer offer product parti peopl avoid seriou choic,1
meet remind project updat import memori challeng report job past effort per,0
select urgent cash click offer offer click letter assum truth guy pattern cup opportun tv main unit,1
project updat report year crime former leg execut cover write structur begin alreadi pretti yet includ democrat fact theori writer centuri,0
weekli report report guess pick pick support abl scientist popular,0
urgent cliam prize limit free limit click free win click win free win offer offer guarante offer mr toward total prepar quickli manag practic,1
weekli report team sync trial public support station year ask age build,0
meet remind team sync special difficult minut minut seek follow movement citizen posit interest,0
project updat meet fli analysi fall market statement risk fact seem mention ye recent sound larg career anyon seriou note,0
schedul confirm report job word card section statement air qualiti hard treatment make fli noth right futur,0
weekli report meet team prepar tough requir direct exampl skill exampl militari challeng,0
limit offer offer cash win click guarante offer win cash staff forget score coach quit let,1
schedul confirm report certain foot candid rang low movement colleg far book sure price whose magazin bit,0
meet remind meet south teacher feder chair card sinc meet thank total,0
schedul confirm team sync money agreement bill night fear shake director major import practic organ,0
schedul confirm schedul call parent mean short train research word lay custom east like seek eye thu oper,0
win big cash offer click click offer guarante offer win guarante click late understand recogn heavi drug cultur scienc stay use bed differ health tough,1
meet remind team sync focu learn rais expect win easi million hospit activ interview recent wait list direct cut fill better cultur,0
project updat budget review sens nation would owner pull believ research truth court carri role poor employe,0
meet remind budget review control elect room score prevent direct box go person,0
weekli report project updat bed way center cold class hold tv author hear also must,0
schedul confirm schedul last morn popul doctor young natur increas focu reduc real without,0
schedul confirm report catch perform key especi seri rais think blood tend valu avoid summer,0
meet remind report soon coupl mission even treatment continu mother parti hous,0
meet remind project updat song other abl though execut enter indic woman never industri paint,0
limit offer free click free free guarante win urgent click guarante offer cash click discuss senior discuss hot,1
select free win urgent cash urgent guarante win guarante forc howev across worri support mr minut foreign hotel woman model,1
select cash cash offer cash guarante offer limit offer help theori probabl gener safe rather purpos compani prove seri media,1
urgent cliam prize limit urgent win click guarante click urgent limit win risk appli sort easi protect wish cover food everi other,1
win big urgent cash click urgent win guarante limit limit free cash offer win limit free design histori owner read high central note describ meet leav start,1
urgent cliam prize free click limit click win limit free limit click cash limit free free win think star rais materi pretti good medic,1
limit offer cash guarante click limit cash free win urgent offer cash interview fish machin tough wide light coach includ,1
urgent cliam prize free win cash cash free offer guarante limit click click movi free mother keep perform meet career health cell,1
meet remind report today bodi look play friend team peopl caus choos nice,0
schedul confirm project updat student camera alreadi rather occur short work word polic front film parti term miss differ caus,0
meet remind schedul among process cut tax open instead south issu address number,0
meet remind meet gun elect film catch research mission share major present mr new save bed,0
win big urgent guarante click offer limit click free free click limit urgent make catch feel system sing north assum stand discuss,1
meet remind meet ask born would floor sister leader resourc nice goal messag help look brother four section,0
project updat budget review alway servic station say put signific north check materi speech local rais busi consum get front buy product recogn glass year follow,0
weekli report schedul rais focu peopl leav drive call provid though budget treat,0
project updat project updat avail expect market certainli actual respond case open,0
meet remind budget review nation network support phone agent job address middl court polic,0
limit offer free urgent free free guarante offer urgent urgent win cash free win win half feel site work drug attack earli partner everyon best past,1
select guarante cash urgent limit offer guarante step hot pictur buy card laugh inform write well,1
limit offer guarante free click offer guarante cash door shoulder dog think wonder grow career subject practic,1
schedul confirm schedul accord tabl win,0
select urgent win free offer cash guarante mention scene oper whose indic person drop necessari,1
urgent cliam prize free urgent limit guarante click offer guarante win offer offer guarante suddenli never push recent throw structur serv data see discuss air,1
weekli report project updat let drive interview kid forget famili teacher natur pattern similar friend dinner attorney bad across hundr,0
urgent cliam prize win limit offer urgent win limit offer guarante click offer guarante free western paint one bad campaign return,1
project updat budget review build similar gun draw maintain contain certainli program kind,0
limit offer win guarante cash guarante urgent guarante click click continu sourc like republican system,1
project updat budget review standard invest perform mother sound cost line clearli game employe six,0
meet remind team sync manag cultur well tri speech decid sort season sound,0
project updat report shoulder tell becom foreign newspap green wear,0
schedul confirm budget review materi forc everybodi look certain pattern measur chang film discuss note popular,0
select free guarante limit cash free click limit offer cash cash free click click free fight trip stock today valu deep daughter catch,1
meet remind budget review one expert concern dark war carri seriou train stock thing current trip fast network enjoy lawyer human abl bit becom,0
schedul confirm budget review big leav option real current black,0
weekli report team sync worri polic train street discov perform particular begin wrong well forc near entir current,0
project updat team sync clearli charact worri worker truth need base studi step either fact money fight subject glass church,0
urgent cliam prize free click urgent urgent limit limit sell respons avail recent author push pattern record,1
select click guarante click offer guarante win pm agreement goal six begin present senior former red hair famili forward,1
urgent cliam prize urgent limit cash click win offer free free small tell game presid without,1
select offer cash urgent limit guarante cash urgent limit win offer guarante limit guarante free accept voic expect though voic televis miss resourc lawyer,1
project updat meet anoth movement morn candid perhap career three last note lead young prevent provid possibl particular open,0
urgent cliam prize click guarante win win guarante urgent limit free limit guarante free click win offer limit part ask lot budget along treatment quit natur put fine,1
meet remind project updat protect wear stuff ball world,0
urgent cliam prize offer cash cash win win urgent offer click offer guarante limit network option current mean stori cost,1
weekli report budget review buy attent requir five stori war draw minut ever today charg note,0
weekli report project updat offer teacher produc much feel matter statement opportun,0
schedul confirm budget review beyond idea rememb reflect inform risk institut word deep well,0
schedul confirm meet east risk hair colleg speak read repres,0
weekli report report among civil littl amount gener letter commerci keep,0
win big win limit urgent limit cash foot court four find pictur brother enter crime either fact leav,1
select free click urgent limit cash cash win win guarante free guarante guarante win cash free special music citizen religi tonight north leader chang servic,1
project updat schedul room fli professor year usual box wind late event game econom particip howev materi,0
win big cash win click guarante win rise trade woman within wonder meet institut degre,1
project updat report view arriv mother keep resourc vote protect materi rise answer modern late pull,0
win big click urgent limit limit urgent cash free free limit limit cash limit limit free site want field hard bodi involv hope someon drug process mayb chair,1
limit offer offer win win free guarante win win urgent free win method prepar new,1
select win urgent guarante guarante free offer win win click click click free urgent mention need creat color set,1
schedul confirm budget review purpos local cost life husband requir pressur answer network card fact piec recogn two account train true,0
urgent cliam prize guarante limit urgent limit win limit click click urgent win offer guarante cash free win court factor believ instead safe accord drug,1
urgent cliam prize win cash free guarante click offer urgent offer win urgent win urgent offer click tonight whatev specif soon admit project win,1
weekli report report certainli level fill wall week rememb even chanc group,0
weekli report report song stori becom admit respons dog sourc knowledg might end walk financi,0
project updat report manag mother someon three treat land artist floor take special author,0
schedul confirm meet chanc follow treat realiz theori program articl pay ground money professor paper strong late three support accord movi fight,0
urgent cliam prize guarante free free win guarante urgent smile child young stuff fund board mission husband concern common leader involv,1
urgent cliam prize free offer guarante click guarante cash free win cash call bag enough blue tabl put show admit american ask,1
limit offer offer offer cash limit win guarante free cash guarante limit click offer guarante win letter machin fill matter step realiti rock fact,1
schedul confirm project updat time perhap part hous though around part leav level chair radio star vote interest use total space order standard,0
win big offer offer offer urgent free limit offer win win form area nice admit free alon cours back far,1
select offer limit urgent urgent urgent win urgent guarante guarante limit win urgent cash director product husband especi mean interest ground player,1
select guarante limit limit limit offer urgent free click win click end even sign decis forc car singl plant prove polit address school,1
schedul confirm team sync beyond check memori east mission els polit design oper offic,0
limit offer free cash free urgent offer win offer offer win limit limit win urgent limit school democrat floor cup chair subject stuff success part argu ground,1
weekli report team sync practic care process situat less leav invest phone time work someon woman woman teacher special,0
win big click click offer click click cash free click among includ effort avoid hope draw special choos execut,1
schedul confirm team sync seri report sell throughout life qualiti firm fish custom finish build summer administr compar forc,0
urgent cliam prize limit free urgent win guarante cash cash click click guarante cash free cash win urgent discuss road final today wife product,1
limit offer limit limit free click win win cash free free limit cash right risk caus troubl similar abl,1
urgent cliam prize urgent limit limit limit guarante hour direct western sit space tri paint mention,1
urgent cliam prize guarante win win click click offer win cash offer wait morn particip whole present book,1
project updat meet real number group wear career hand money oper oil rule million glass rich today wind control near firm,0
weekli report report sinc power enjoy side debat major impact suffer agent live main behavior much probabl,0
schedul confirm budget review commerci million phone floor fight audienc head probabl creat heavi,0
weekli report report intern peac reason brother leader indic manag child better,0
weekli report meet shake bar increas similar account issu away activ shake success everybodi full find item middl full occur behind,0
meet remind meet determin even establish whether enter understand soldier writer respons inform former respons speech back go lead near card,0
meet remind project updat consum ok level fight return money mayb girl hard product true,0
urgent cliam prize limit limit urgent free limit win urgent cash win factor seven bill almost congress lead,1
weekli report meet right speech everi,0
project updat meet spend close team behavior posit valu anoth trade score entir possibl expect expert expert affect focu lawyer creat,0
project updat schedul effort signific break bag mean chanc sign paper tv contain leader left noth popul choic great plan suggest model health cultur,0
win big cash win cash offer cash cash free guarante click click limit urgent attorney movement grow join lawyer citi describ whole current road,1
limit offer win cash click click urgent free free reduc employe reveal art recogn attorney organ seem interest wait,1
select free urgent offer free click offer click offer urgent cash tough decis second alon decis hot cost hospit cold line current,1
weekli report report anyth hard least televis concern fire avail blood debat moment fast catch last,0
weekli report team sync bill guess visit win teacher arriv central individu along east littl call institut imagin realli,0
urgent cliam prize click offer click limit free offer limit nearli never natur oil brother togeth littl,1
meet remind project updat better want appli base bring hair posit catch catch effect main figur,0
weekli report report citizen impact mayb stand drop gun small perform histori center white former chair particularli make paint hundr,0
win big click limit cash urgent win offer urgent guarante win click urgent win click write place countri train energi across,1
select guarante offer click win offer urgent click free offer click click cash home break art beauti girl town argu fish beauti,1
win big win offer offer click urgent limit urgent pull player perform back someth drive decid woman,1
project updat schedul execut central anyon american floor democrat clear,0
project updat project updat ahead skill level oil husband ye next seek nice movi polit vote feder indic assum abil specif,0
project updat team sync draw chair tri especi would way societi shoulder candid properti dream,0
urgent cliam prize offer cash urgent limit guarante win offer guarante limit free urgent click form trade bar base adult secur total method ago,1
weekli report team sync walk million bring good space institut feel stage avail measur scientist action race think,0
limit offer cash click offer free free guarante offer guarante free tree yard everybodi put comput certain sinc finish glass contain,1
limit offer guarante offer cash cash click free cash cash click guarante free cash offer free free commun yard letter either leav togeth life custom,1
win big urgent limit guarante urgent offer click urgent win cash cash sound whole leav order art agent seem visit fish charact,1
schedul confirm team sync visit chanc must even troubl part organ machin letter network bar alreadi soldier hour minut televis recogn,0
schedul confirm report exactli detail even player difficult pm great surfac,0
schedul confirm budget review variou clear six strong perhap first messag six stay choos name put note requir song,0
meet remind report industri deep institut caus trial decis five face child catch short,0
schedul confirm project updat concern whose product start eat week speak page relationship usual kitchen event rich,0
meet remind budget review attent fight,0
urgent cliam prize cash urgent guarante urgent limit guarante win urgent offer fear beat leader easi crime rise hand although,1
schedul confirm team sync perform food air respond properti campaign cours seri sister person word effort,0
weekli report budget review role tabl civil reach troubl black career rememb,0
project updat meet partner seem pick expert presid least dinner church charact polit,0
schedul confirm report accept tend ground send fast,0
win big guarante free click click urgent cash urgent south individu skin foot field whose radio rise win,1
project updat schedul skill news past remain eye includ certain measur plant rule sens top field go miss,0
schedul confirm report yeah son resourc class one soon region address,0
urgent cliam prize urgent win limit click guarante cash free involv day alway report also hit old produc door,1
urgent cliam prize free urgent guarante cash urgent win limit click urgent pressur ye threat major congress support million accept affect whose govern,1
weekli report schedul night coach religi democrat rather understand evid team year figur also space compar pay degre audienc true decid boy leg power,0
weekli report project updat sign hear sens report seven feder room manag differ camera program use secur forc road work,0
meet remind project updat arriv final execut nearli mr rich seem creat group let cover unit job free pay custom consid product,0
urgent cliam prize offer click guarante limit win offer urgent free senior discov student rest care magazin beauti accept state religi space,1
schedul confirm budget review around three light phone away month low oper chang send pretti wait anoth educ full heavi mayb everybodi actual sometim third abl short style show,0
weekli report meet tri purpos ball sourc purpos affect keep effect thank,0
weekli report project updat degre kind citi wife fall cost differ prevent wind rais trade crime sinc fall center line,0
weekli report project updat final sens less job fact rang describ phone reach law book tend stay wind part seri treat establish region loss manag sister rock age poor institut senior,0
project updat team sync matter eight learn job true account accord buy improv bed instead posit final polit,0
schedul confirm schedul air rather present along mayb respons govern send car congress,0
limit offer urgent offer limit urgent guarante offer cash limit offer realiti teach consid support grow market compar articl loss local,1
limit offer click offer limit limit guarante guarante serv discuss mani grow practic student drug protect air other recent,1
select free limit guarante cash guarante focu project success woman lead see black three pass place end,1
win big click click urgent win cash cash offer free offer cash urgent cash limit win free chang unit defens school mean claim light opportun day,1
meet remind budget review mention reduc valu physic research behavior trip level rule fear smile anyon,0
schedul confirm budget review avail carri manag perform,0
project updat report insid question shake dark consid rock countri win alreadi everybodi billion middl water drug,0
meet remind schedul threat decis order safe indic find us color order front rock present move back weight vote,0
project updat project updat still exactli leader like everyon beyond today make pay point mother nice hous behavior tonight foreign thousand court cost,0
project updat team sync address describ tree foot benefit,0
weekli report meet main machin allow sometim produc start sort cultur could hundr parent cell door expect southern sell polit sister,0
urgent cliam prize urgent free free urgent urgent offer firm church travel mother open attorney rise sign,1
meet remind meet citizen interest cultur marriag candid factor dream age list,0
project updat report readi surfac candid tabl part sister around main ahead letter among wonder cultur choos probabl probabl send,0
weekli report project updat year black rang type seri artist outsid build,0
win big free free click guarante free offer nation manag current indic matter singl,1
schedul confirm budget review servic sister affect hotel relationship simpli part show pull,0
meet remind project updat guy describ readi easi particularli project day ga sell,0
weekli report team sync camera specif variou forget easi effort bodi throw term beat sure quickli charact check pass mention day sens,0
meet remind schedul detail lead draw test similar state pass argu daughter model store purpos author,0
weekli report report thank appear mani offer posit center anyon amount,0
schedul confirm project updat teacher game howev heavi door argu particular late father huge candid center stop,0
weekli report schedul teacher black peopl live valu school idea gener church ye offic throughout concern environ ball letter answer produc,0
schedul confirm budget review centuri tri happi strong world race militari materi articl real,0
project updat budget review black stage away matter type million boy,0
weekli report team sync view eat compar practic receiv famili later import back claim begin requir local young assum success hair,0
schedul confirm schedul person cup polit happi use around even mr think project prepar econom,0
select win urgent cash cash limit win shake understand air new strategi hour project stand factor custom,1
select guarante guarante urgent limit guarante click win limit limit guarante guarante free click urgent urgent govern role repres sinc threat econom edg need although show,1
weekli report report prove studi situat institut research rock earli process fact,0
select cash click guarante click free guarante offer cash offer urgent free serv mani new state,1
project updat project updat attorney along around two week spring peac major street whatev mean happen other,0
win big urgent click offer click offer win trade stay author edg work despit sister seat late,1
select guarante limit win cash free click guarante offer free final thu guess religi intern read campaign,1
meet remind project updat hundr kitchen care return bed pay month posit second road skin establish car differ record popular total,0
project updat team sync stage feel player stuff televis contain recent product plant bill measur third room kitchen certain,0
win big win win win guarante click cash cash win click win elect morn specif rock earli militari creat inform,1
urgent cliam prize cash offer cash cash limit win win free urgent limit win free cash third rais intern data entir quit green social peopl,1
project updat schedul soon outsid former collect eye qualiti variou cup seriou televis give carri tri,0
project updat schedul program live effort front mouth econom fight prove,0
weekli report report end later think foot concern,0
urgent cliam prize limit limit free urgent offer limit offer guarante click urgent free free click offer free success effect lay imagin hair teach pm realiti scene recent say,1
project updat project updat cell avoid man main includ help carri beyond war talk claim night lead,0
urgent cliam prize urgent free limit limit click win free offer free guarante urgent free cash seriou wish expect provid product artist,1
select limit click offer click offer limit qualiti control believ know send,1
schedul confirm meet sourc use go next member campaign oil sourc get professor look meet receiv amount,0
schedul confirm schedul hotel rest chanc reflect floor person televis shoulder issu share environment spring,0
select win cash guarante free cash guarante free free guarante urgent win cash click guarante offer thing hear smile suffer join materi even food boy,1
win big guarante cash guarante click click click win click guarante win limit final charact way public color drop reflect chanc attack career,1
project updat meet particularli blue cold young presid offici also oil remain instead,0
meet remind meet paint build teacher team condit scene former rest alway interest decad,0
meet remind project updat hospit name issu edg forward less,0
schedul confirm meet particularli also north green floor nation provid give thing ever start feel famili ball,0
select click free cash urgent offer guarante offer win offer limit win offer somebodi month guy suddenli mr involv low attack serv side age,1
meet remind schedul start practic skin woman,0
project updat project updat describ senior marriag father network reduc becom mr institut consum,0
meet remind schedul standard class alway common risk peopl sever rich billion becom,0
schedul confirm budget review movement fish step mayb behind yard situat laugh choos recogn soon nearli effort approach film check eight seven allow other,0
select offer free free cash click limit offer urgent offer offer guarante free urgent offer peopl data doctor radio leader top east money,1
limit offer offer click cash cash win urgent offer urgent offer determin control cup husband number last partner glass hand whose,1
limit offer urgent urgent urgent urgent cash limit win free free audienc mind detail pass result decad event new possibl offer term check,1
select limit offer click click offer free guarante win limit offer urgent offer urgent us gun develop bad list consum color somebodi abil prepar,1
schedul confirm team sync check dinner top strong enough trade play offic fall growth blood fine agre window product,0
weekli report team sync lead simpli author messag teacher human western phone fire togeth pass inform item less news custom senior,0
urgent cliam prize urgent offer cash cash urgent click win limit end hour art bank assum away town sound long music administr professor,1
meet remind schedul know discov signific base shoulder contain need teach ye manag soon impact player realiti great add support world,0
weekli report report play nearli one servic part get white stand away,0
project updat team sync cold act although area avail artist involv decis peopl comput plant drive free sourc law candid board train,0
schedul confirm team sync must recent good whose readi common mission put yard manag nearli sever team rate,0
project updat project updat recent prevent stori center father degre recent peopl tree bodi whose respons night matter late lot usual present last day wear,0
project updat schedul finish eat per news film front ga histori,0
limit offer win offer urgent limit cash cash guarante win reason citizen repres area issu run success address design center read offici civil,1
select cash cash guarante free click guarante offer cash urgent cash free cash free answer campaign social citi travel billion expert number necessari,1
weekli report project updat admit ok cut either sell charact radio smile challeng point chang,0
select limit cash free cash guarante win offer yet task middl book realli upon,1
meet remind meet view news decis low factor less word,0
project updat schedul test valu still ye coach build respons deep prove point born sure son,0
schedul confirm meet student fine bank yeah although trial visit watch get yet protect pull properti seri key strong fact hand mind,0
meet remind schedul defens outsid charg share size look organ hit also whose democrat lay war creat field girl product tabl team radio compani tend,0
schedul confirm budget review singl success televis contain father place site chanc seek money truth think,0
win big click win offer free click free win urgent cash cash place finish process street lay feel see maintain,1
win big click win win guarante cash offer guarante click offer guarante win guarante free coupl consum method move today,1
weekli report budget review west custom seem move anyon,0
urgent cliam prize urgent guarante free win urgent win support difficult decad other west dark item point,1
meet remind budget review outsid valu appear interest physic,0
schedul confirm meet send wind report expect present environ stay cut,0
select urgent win urgent win win two effect smile door among bar south sister quit senior ever simpli,1
meet remind team sync turn certainli citizen first perhap return fund reduc use resourc adult strategi ago pay buy field,0
limit offer limit free offer guarante click offer click offer win free guarante win race compani save discov fill resourc affect probabl get partner analysi father,1
project updat schedul tradit free machin babi specif scienc materi worri,0
limit offer free urgent cash limit urgent limit cash offer free offer click limit inform radio pay career care shake,1
urgent cliam prize click win guarante win guarante urgent win free offer rate peopl expert sea realli wish us forget qualiti store peopl oil,1
schedul confirm report born well tv,0
meet remind project updat low relat ball type alon safe educ tradit histori strong treatment show mother,0
schedul confirm budget review yeah commerci current nation drop style still member,0
meet remind project updat servic also mouth unit push studi today light,0
limit offer click limit guarante click free free urgent limit limit recent mention imagin almost budget activ,1
weekli report meet charact work beauti condit secur import forc especi factor war heavi show understand,0
meet remind budget review especi polic mani reason live worri anim strong wait relationship economi admit,0
meet remind budget review compani never fine never address cup seat receiv respons fli tend hotel around,0
schedul confirm schedul act deal institut glass eight close us,0
weekli report team sync coach tend chanc direct campaign one player cut report think dog stori mr skill case anyth employe week industri full soon rate drug,0
weekli report project updat short employe skill beyond store among watch day even fire author admit activ cultur relationship,0
project updat project updat agre experi live fund us els anyth state benefit onto cell court anoth major side standard,0
urgent cliam prize offer offer limit limit guarante urgent free cash guarante guarante age peac discuss secur wish fall arm memori,1
weekli report schedul someon ye join polit occur avail analysi tree profession lead find respons least describ,0
schedul confirm project updat less hundr onto scientist everyon experi radio coach market variou pick mr develop rather go five,0
schedul confirm budget review spend qualiti industri also especi goal differ music posit suddenli reveal green,0
weekli report project updat oil sign theori east adult consid recent comput comput focu sourc,0
project updat report near group reveal per high small wait say go continu school,0
schedul confirm project updat becom probabl author billion without accept draw anyon,0
urgent cliam prize urgent urgent limit win urgent free urgent guarante win urgent offer urgent cash togeth tv capit trip specif parti camera energi,1
project updat report put score drive firm charact edg,0
project updat meet share plan step among art time let near art chang,0
meet remind report like wait room civil season religi boy doctor good address usual happen talk offer chair money,0
urgent cliam prize click offer click click win offer star rest return among institut prove larg,1
weekli report schedul charact eight move art gener brother,0
project updat project updat true polici leav doctor fall kitchen pressur societi inform sign factor meet six energi boy reach growth show,0
weekli report team sync simpl statement long ahead work hair begin campaign would reflect father mr word modern nation blood figur say offer,0
select win guarante limit guarante urgent free limit free urgent limit offer free music radio forc teach street face hope appear energi rang begin,1
meet remind budget review although land imag effort type respond check argu bad,0
schedul confirm project updat outsid rest ga clearli us recent entir idea risk lose take institut inform worri,0
meet remind meet arm seem entir idea describ articl wear perhap accept assum send like treat although prevent answer letter,0
select urgent offer click urgent guarante free guarante urgent free audienc fall articl offic debat catch face tell notic rest abl rate,1
schedul confirm meet whatev per decis answer tend across feel,0
urgent cliam prize cash guarante urgent limit click offer cash offer limit urgent relationship say tv provid role smile east main imagin,1
schedul confirm budget review presid seat everyth task manag state small answer say left partner,0
weekli report budget review doctor togeth method data test box theori heart glass candid particular third human happi learn pretti,0
win big click click win free limit limit limit win limit cash limit click urgent signific secur amount small,1
project updat team sync fear employe eat insid exampl say prove sell go leader size establish offic cultur,0
meet remind meet knowledg station check invest movement polit travel hear begin readi start beat floor red concern art,0
weekli report budget review seem room list work leg chair wide attack minut network,0
schedul confirm team sync young light behind finish rule specif growth gun quickli rock point larg feel invest lose reduc reason,0
weekli report report save way walk sing worker commerci speech practic figur contain person boy,0
limit offer cash urgent limit urgent urgent free director environ almost often cours american number per go sever life,1
select free cash urgent guarante cash guarante win offer click win free win offer offer colleg sing fight red two profession tree democrat keep sing travel,1
win big offer guarante urgent win urgent cash cash win win win win click offer free limit well dream care figur leav professor glass station,1
meet remind schedul know exampl step particip must help admit wait thousand consid best ahead tv measur morn,0
limit offer urgent offer guarante free limit free cash urgent guarante win offer click cash sea agreement gun gener region administr join variou rich,1
meet remind meet growth daughter see mind variou class grow properti somebodi,0
limit offer cash offer click limit click limit spring littl listen seven civil els husband insid keep,1
schedul confirm report team possibl protect togeth detail identifi paint middl produc machin intern garden student poor,0
urgent cliam prize urgent win cash free click click offer free offer win win urgent offer free control less money difficult test collect meet less wear,1
win big limit cash free urgent click click click free urgent meet forget sever feder throughout law begin run,1
project updat team sync better guy life yard keep system water analysi ball camera yet analysi seriou third,0
meet remind project updat discov lay expect sure,0
schedul confirm report game subject big question describ focu ball whole,0
win big urgent urgent guarante cash urgent guarante offer win cash urgent free cash limit drug beauti thought relationship audienc hear cut cultur major score two street gener,1
weekli report schedul total claim possibl glass health accept bring small variou role town someth particular two game earli somebodi,0
select offer limit win guarante limit larg data draw specif nation troubl benefit human candid usual make,1
schedul confirm report occur three defens great realiz pm,0
weekli report schedul past determin sourc attorney import rich certain confer,0
meet remind report televis present everi account instead readi benefit food rule sort never also,0
meet remind report six girl hit arm,0
select guarante win cash free offer offer offer cash limit limit limit free urgent limit rock easi consum allow ye could readi pass suddenli,1
weekli report meet let left evid discuss gun test ask media republican seem tradit page individu thing capit hair give war join green radio,0
win big guarante offer win urgent guarante win total open artist explain special meet,1
urgent cliam prize limit win urgent free guarante free win click mind run chang wear day fine,1
weekli report schedul member yard store per thought street light whatev staff econom full mention,0
weekli report report custom help eye seek tri sometim tradit speak econom condit capit insid everi letter ten question mind sister enough help,0
project updat team sync remain parent mouth black hear seat site materi fast name new room small institut,0
project updat team sync rise els subject upon probabl abl loss add woman whole,0
weekli report meet manag either bodi paint creat task fear rest trial power,0
meet remind schedul becom newspap bed nearli contain mother stock west minut educ anoth behind risk govern instead necessari requir,0
meet remind budget review win noth style effect focu thank marriag life anoth accord els member mr creat sister head,0
win big limit cash win urgent win cash cash urgent guarante cash win last feel success law behind lead,1
weekli report report media exampl continu rock answer rais present doctor,0
urgent cliam prize limit free limit offer guarante cost suddenli senior first allow ye sever capit laugh tonight,1
schedul confirm report set middl thank control mother shoulder ever form play minut product anim,0
schedul confirm meet back item wear wind win popul feel central imag kitchen affect,0
weekli report report mission point fear financi leader ball exampl bed top polici chair enjoy heavi model,0
win big urgent win free free limit offer win limit limit offer rule noth differ age nearli becom bodi test option,1
project updat budget review articl tv mani ok,0
meet remind schedul charg job compani skill letter program recent occur method impact avail everyth space share,0
project updat budget review miss save togeth go everyth program power tree futur fine economi say minut perform high field address summer particularli live ever,0
urgent cliam prize cash guarante cash guarante free limit free click offer cash well unit within trial yet noth amount avail environ million,1
meet remind meet station particularli student,0
meet remind schedul religi record pretti question must home anyth share although rais,0
urgent cliam prize offer click limit urgent guarante cash materi factor center posit teach meet,1
urgent cliam prize win limit cash free free guarante limit win click free urgent click comput rang teach reach southern class,1
limit offer urgent limit click win win click trial variou full major star recogn,1
limit offer cash limit guarante urgent free click guarante limit urgent click cash urgent guarante execut togeth specif charact son use ago show suggest,1
urgent cliam prize limit urgent guarante guarante limit urgent win win click urgent win guarante blue budget,1
weekli report project updat author seri cup two much truth detail professor state,0
win big win urgent free win offer market thing project differ econom mother seriou view natur spring note center,1
meet remind project updat threat great nation view home like return reveal claim marriag particular live tradit busi fish theori think,0
limit offer win free click urgent guarante guarante offer click click offer cash guarante offer urgent free teach join believ hour back,1
schedul confirm report allow whether anyon million idea piec physic citizen drive lead magazin includ specif decid gener author employe rais star,0
project updat meet particip place center inform station success,0
meet remind meet week whatev push drug drug third alon air may race mani,0
project updat budget review none school air thank save throughout defens person comput quickli member,0
weekli report team sync though green govern student singl live indic,0
project updat budget review three action current process wide offici differ per put interview forc reduc stage democrat coupl along forc reason,0
weekli report project updat evid analysi fine thank technolog necessari least admit admit elect,0
win big win win cash click limit free limit particularli scientist necessari bit hour rather,1
win big win limit win guarante free guarante guarante offer click guarante limit offer urgent southern shoulder either citizen maintain last,1
weekli report team sync process rather physic arriv young get seem live far continu well mayb state clear secur rule train health,0
weekli report budget review factor final abil cover idea train mr film southern adult,0
win big click cash guarante click cash guarante guarante limit cash free limit guarante surfac countri degre base pretti current tonight famili low democrat gener,1
weekli report budget review question color truth tv trip rang enough data arm box manag edg author identifi polic seek model often could creat,0
project updat meet econom run often paper support fast western troubl kitchen cell owner foot top econom,0
schedul confirm budget review ahead presid poor treatment race sea stand gener evid scienc ago win,0
select cash limit guarante urgent offer free cash urgent limit free free urgent click win includ ye administr popul choos eight,1
select win offer cash limit win win cash win win free click offer win guarante surfac properti hope seek plant ago ever,1
project updat meet mean point level appear boy memori must servic fact,0
schedul confirm meet affect could chang staff boy togeth blood ask like push togeth girl peopl organ film hand interest differ,0
urgent cliam prize free free win free guarante offer click urgent cash win limit peopl list live accord send son scienc accord water realiti form,1
schedul confirm meet beat board reason interest interest train power left third movi soldier vote confer anoth languag offic assum,0
meet remind budget review number might financi past oper properti drop,0
win big limit cash limit win win free win free cash offer free cash group figur discov posit larg full word dark,1
weekli report report environ board rise present inform arriv respons nation medic,0
schedul confirm schedul first final church behavior car,0
urgent cliam prize click guarante limit limit limit limit click limit free win win urgent total road audienc take size marriag seek hospit,1
schedul confirm schedul author physic simpli still everyon method treat effort parti mention human particular decis,0
limit offer guarante urgent guarante win cash free free stori human better word decis,1
schedul confirm report troubl structur add seek north popul sit next defens inde remain charact singl theori summer,0
weekli report budget review mention may soon train industri messag effort level term beat,0
urgent cliam prize guarante urgent free guarante guarante free urgent free larg ahead enough second later late technolog yet class,1
project updat schedul ago thank rang life nation great half mention paint maintain first make insid war son rich south,0
select urgent cash offer cash win cash click guarante clear interview someth leg mean alon best,1
select win free click limit cash start treat cell peopl fish els toward wide execut economi,1
weekli report schedul item posit hour yard fact servic whether get militari fish law someon occur water,0
limit offer limit urgent free limit free limit urgent sourc modern better student war medic similar chanc,1
limit offer offer guarante free cash free guarante click free limit win limit would hair maintain true sever becom door,1
meet remind project updat product sister think prepar game listen within school argu,0
meet remind budget review despit get involv world give fight blood individu presid hundr,0
schedul confirm project updat scientist mission leg feel garden enter key spend differ,0
project updat schedul includ close although music impact qualiti chair even,0
schedul confirm project updat seven threat american other trial offic event rich six confer religi centuri let billion singl,0
select limit urgent click limit click limit limit free urgent quickli among think staff similar servic word behavior,1
win big free offer cash win win cash guarante click anim produc polit news movi,1
weekli report budget review garden chanc film gener drive cours,0
win big free guarante guarante limit cash limit product nation free describ carri face polit realli perform,1
meet remind meet dream educ organ growth glass later enough purpos respons major success without alon condit real wait,0
project updat team sync anyth rate soon week feel book crime realli,0
urgent cliam prize free guarante win limit guarante offer free guarante guarante cash limit click mother detail town find glass respons live write quickli parti,1
win big limit limit win click urgent realli increas though time tree,1
schedul confirm meet woman read focu mind abil abil never,0
limit offer win offer limit win guarante guarante offer tree econom third power,1
weekli report project updat doctor wrong watch difficult space social sport us kitchen realiz requir give,0
weekli report meet late nation sourc six involv pull south stuff black dinner gener cell major sing score father fish read qualiti send cup impact author common bar,0
limit offer cash guarante win cash urgent win free offer guarante offer click urgent free offer win home middl eye reach poor factor cultur,1
select urgent urgent guarante offer win click guarante offer republican establish live modern collect marriag husband unit peopl true paint,1
meet remind project updat member mr dog game add offic much reach soldier type,0
limit offer cash urgent offer free cash guarante win click partner sell chair popular pressur,1
weekli report meet smile model north land individu project run former process third mind option guy,0
schedul confirm report bit current artist maintain situat lawyer sell person,0
urgent cliam prize click win guarante guarante offer click pm certainli mind walk pressur never four everybodi tri execut expert,1
schedul confirm project updat contain number wall polici often local larg bed focu father school look scene imagin,0
project updat report share prevent visit involv pattern toward everi alreadi discuss,0
meet remind schedul everyth challeng outsid goal nice,0
select click limit cash urgent click limit cash free urgent limit offer limit offer free side sign food lot realiz prove sever,1
weekli report report much husband purpos life share fact radio stori manag final book attent later,0
select click urgent limit limit free cash cash spend educ movi collect white condit prove reflect head think man know edg,1
urgent cliam prize win win click click click free guarante free free free free limit eat chang partner notic read form,1
schedul confirm team sync girl fall long money hot best marriag tend whatev life skill particular need rise ok far strategi cultur particular,0
win big cash cash free urgent win guarante urgent cash free limit limit urgent forward valu meet media claim drive week ball,1
select offer urgent free urgent urgent thing sourc ball countri effort televis name agreement interview address,1
schedul confirm schedul way loss face statement week wonder degre list buy half,0
select urgent guarante free win urgent free click urgent cash cash free win guarante guarante govern get market lay mention famili seem howev,1
weekli report meet letter seem anyon import network tough unit pressur sever,0
meet remind budget review certainli peopl impact valu statement law strong,0
schedul confirm meet structur resourc machin former media inde red enter six focu mayb,0
meet remind schedul instead determin charact join choic man room trial last woman forward,0
schedul confirm budget review econom alreadi prove societi doctor father similar behind alon serv rais red,0
limit offer cash guarante guarante limit urgent limit cash free win free free urgent cash urgent structur trip creat break bed star presid,1
weekli report budget review understand cours notic modern miss heavi hour color behavior artist middl spring dinner deep age charg wish pass,0
weekli report team sync scienc glass bodi soon poor valu break anoth suffer find keep expert seri two white sell specif first,0
limit offer win click win win limit limit limit urgent win offer though fear run need particularli simpli rang,1
urgent cliam prize click offer urgent guarante offer limit section show board tree style democrat shoulder major figur air without cost,1
win big free free limit free offer cash win sign safe great place fill check station area direct,1
weekli report schedul draw later write member million south day instead catch environ pass,0
project updat schedul rule simpli gun space noth adult claim mention direct hour western polit forward ground sign citizen ball,0
schedul confirm budget review sport offic improv mother caus citi loss like yeah leader back firm point commerci visit center care sister vote view,0
meet remind team sync administr yard treatment parti place beyond money agenc kitchen health enjoy member voic parent gun,0
limit offer cash free click limit win free urgent explain recent relationship million prevent man sever miss bar town back evid store,1
weekli report report author use hard pattern support polit list born throughout republican case front wish,0
limit offer offer offer guarante click urgent guarante watch center begin standard visit action,1
project updat project updat late reflect full impact easi messag countri,0
schedul confirm project updat good either drive door mean respons figur gener stuff everybodi four recent,0
select cash offer free free limit free cash cash urgent click rememb ahead send mother manag place fear,1
project updat schedul action give kitchen popul scientist perform vote action month factor style across film list relat check happi offic drug determin earli lot side despit,0
win big offer win urgent offer guarante urgent urgent cash guarante offer offer guarante tabl stage imagin data beyond sign approach babi servic societi live,1
project updat report news lot elect girl seriou partner note,0
project updat report offic section arm notic instead spring,0
limit offer urgent urgent guarante limit guarante click limit urgent free offer offer compar rang offici somebodi prevent produc defens amount exampl pictur,1
project updat schedul success pattern econom kid spring particularli suddenli,0
meet remind report wrong often base step pm unit protect friend,0
limit offer urgent offer guarante win urgent free cash impact follow happen develop popul energi commun invest anyth hundr name,1
weekli report meet hand rang speech peopl rang minut ground standard troubl market court loss ago,0
meet remind team sync coach career somebodi includ student troubl interview stuff collect amount board keep attack continu page,0
schedul confirm budget review new includ coach thousand babi seat mission hot case relationship role chair tri messag particular wait purpos phone,0
urgent cliam prize offer offer urgent click limit offer click urgent win limit guarante urgent offer guarante even board long dark person wish shake requir babi fish,1
schedul confirm report radio particip order rich never consid perform read futur coupl paper kid view answer big usual stand five discuss,0
project updat budget review thu choos theori road respond econom tree store thousand event avail half mind tonight step write like necessari loss identifi,0
win big urgent urgent click click guarante guarante click click guarante click free limit free click cash protect reason probabl teacher strong dream entir histori,1
limit offer offer urgent guarante limit guarante guarante limit limit offer free limit click offer offer know card rather alon east front data see light data,1
weekli report project updat abil sever ago soon offic pictur side miss later nearli eight whole attent militari final second activ land money,0
project updat team sync hard first less part around three singl region often sit,0
meet remind report type road charg million import oper feel land enter none beat,0
schedul confirm meet break sit employe interest short today polit stuff hard blue,0
project updat team sync agreement particip think grow number properti expect never pictur must everi case quit,0
limit offer limit free free free limit benefit choic major would tree pass,1
weekli report team sync articl age prepar famili miss paper field land line common parti popular month audienc believ close,0
urgent cliam prize click click urgent limit win offer urgent cash matter earli point write choic method rule guy hit materi,1
meet remind project updat number interest list clear identifi hard quickli one direct listen clearli instead,0
project updat budget review rise becom art charact rule mr admit paper howev whatev realli case fear agreement main,0
project updat report go hair decis glass idea better room teacher agreement year report,0
schedul confirm budget review yet mr safe shake none good kid impact pattern environ among admit,0
schedul confirm schedul area garden respond drive surfac famili probabl educ direct,0
win big free cash urgent guarante win offer guarante offer movi risk tax past light time first,1
schedul confirm report ask militari half drive staff eat relat long anim brother compar,0
weekli report schedul almost figur trial respons owner discuss mr also agenc bill occur watch polici,0
meet remind project updat quickli relat mission thank congress southern present,0
limit offer guarante win win free free offer urgent custom els avail brother servic per think educ,1
schedul confirm report price central among child market strategi like condit prepar month class happi use tonight rise,0
weekli report budget review challeng share rich part cours determin option money project notic pm paper,0
select cash win limit urgent guarante limit click urgent free click urgent win staff mission elect sport guess dinner comput,1
win big urgent free limit cash click click free friend add clearli purpos anoth blue quickli,1
meet remind project updat practic discuss popul manag final card dog save inde relationship power might,0
weekli report meet success individu figur offic sport polici form produc fear memori member probabl mr whether offic,0
select win cash click guarante win click click offer urgent limit eye glass natur support get word south good big recent realiti,1
project updat schedul chang kid tradit number would bank requir tree feel even summer purpos,0
weekli report budget review write exactli air recent alway book agreement feel sens realiz agreement,0
limit offer cash offer offer free urgent guarante urgent guarante rang lay run draw rather produc candid,1
win big cash limit offer offer free limit son charg piec thousand american alreadi audienc enter charact discuss ago stay room,1
urgent cliam prize urgent urgent free cash free guarante cash guarante father whose econom relat close stori larg custom rule space,1
urgent cliam prize cash cash guarante free win guarante urgent click free limit click guarante urgent guarante main season play chanc technolog easi appear three entir like free,1
win big offer win guarante urgent offer free guarante limit win win limit urgent limit free past mayb commun presid group address,1
meet remind schedul execut either caus parent senior alon sit impact project without choos adult car,0
weekli report project updat certain avail establish order parti crime scene agreement radio let usual read respons,0
limit offer limit guarante guarante limit cash cash cash urgent guarante limit offer offer consum art sure fish valu shake learn,1
select cash free cash cash urgent urgent offer limit win click click marriag move account home purpos respond,1
meet remind schedul measur plant beauti instead forward let gun might glass away modern degre troubl purpos color,0
meet remind meet explain light place respons card research anyon road tough wait group hold around western close,0
meet remind schedul exactli feel trade civil phone open natur week,0
project updat report though tonight ahead agenc remain reach former approach compar fill els sever less truth grow manag environ,0
schedul confirm schedul man friend thought high american score senior play studi simpl agreement,0
limit offer guarante guarante urgent win win offer director father away candid life differ state democrat area near exampl factor meet,1
weekli report schedul southern challeng like minut sport grow big fill alreadi machin side issu hand professor,0
project updat project updat perform machin hit,0
meet remind meet hour institut cost natur street memori famili enjoy eight box less floor social two drop design,0
project updat team sync southern develop get street decad bring worker environ wall major huge,0
project updat report argu food learn littl societi,0
meet remind report produc entir among friend go public give old lose particip leav condit student control product young address militari lead environment issu signific west polici order situat oil,0
limit offer win click urgent offer win free market store front sinc respons week dark camera mind station,1
project updat team sync center relationship paper futur less outsid like discuss noth differ receiv return expert land provid prepar,0
urgent cliam prize offer win limit free offer offer guarante guarante click order morn make sea person budget edg,1
project updat team sync crime group six oil arm capit look organ leav,0
schedul confirm meet decis includ heart around approach fear near social collect anyon polic find includ sell home remain level possibl affect toward decid success half eye citi,0
weekli report report oil enjoy rest leader school class earli build lose discuss money civil fine doctor enough writer section must necessari,0
project updat schedul woman make child expert end owner agreement collect stuff enjoy,0
meet remind budget review unit role street research candid,0
select cash offer click guarante urgent cash free urgent click coupl pay back report lawyer inform rather,1
win big offer offer win cash click offer win urgent guarante free guarante urgent republican usual stori,1
project updat team sync commun partner skin report beauti work mani kitchen situat less,0
meet remind project updat behind worri strategi civil particip commerci,0
select offer offer urgent win offer free urgent free urgent six father must togeth custom discov watch develop marriag full,1
schedul confirm project updat pictur involv seem quit commun recogn,0
project updat schedul task quit relat group ahead big speak social,0
meet remind team sync radio abl meet local anyth spend sever coupl director newspap believ perhap sister,0
weekli report meet data glass manag financi easi arriv mention,0
project updat schedul els build occur like paint road leader insid recent protect read custom capit fish,0
meet remind meet result coupl anyth fight girl employe suffer execut leav clear growth beauti,0
weekli report schedul right seem commerci polit tree approach babi surfac bill figur true owner within accept offic network pm,0
win big win guarante click urgent cash win click offer urgent click difficult fall assum consid must well scientist hous seem forward,1
urgent cliam prize free guarante cash click click free guarante click free guarante offer limit win creat sea exist let question campaign make base car,1
project updat project updat whose make inform common organ whatev color elect busi tax win,0
meet remind team sync learn local art instead say differ blood,0
limit offer urgent guarante click win offer tell compani design care still,1
limit offer win offer cash free free win win limit guarante urgent limit win urgent click cash us unit girl thank surfac analysi item nice,1
select click cash win limit win cash free free click limit click limit cash action citi agreement trip area hope manag north cup billion one see,1
win big free free limit click cash offer cash limit cash limit limit guarante urgent cash seem throw think time daughter page late product woman bit,1
weekli report budget review believ simpli result differ religi respons cover detail discuss happi parent break back event avail woman west help,0
meet remind project updat administr home choic glass church add admit class three rise per polit door media,0
weekli report report particular blood full western southern histori success sure agre even meet decid,0
weekli report budget review research seem field sinc teacher meet trip famili past increas nation,0
project updat team sync section across court heart job box thu success along,0
weekli report project updat ten suddenli huge head region may free bed address budget minut open,0
schedul confirm budget review treatment lay reason trial repres seriou sever road hand war may charact sens kid third,0
select guarante urgent guarante click limit limit offer offer cash societi tree perform sever class rock later forward feel,1
win big click limit limit offer cash offer win posit key polici els citi drop produc carri enter question includ,1
select free limit cash guarante click win click poor coach question hear word natur mr,1
win big offer offer limit urgent cash win click cash win click click offer win urgent limit natur film drop law rise final profession issu think green,1
schedul confirm schedul respond explain citi possibl,0
project updat schedul seri glass person door exactli allow school religi oil,0
win big limit cash win urgent win free click click win win urgent free offer offer win toward happi foreign small must inform,1
urgent cliam prize cash guarante cash urgent win limit guarante cash cash offer urgent click click hospit congress everi newspap action especi,1
weekli report project updat mission name case forget cell leg five join everybodi tough experi artist,0
meet remind report know start agre half instead job outsid everyth young school whether visit,0
select guarante cash limit urgent free guarante guarante offer free cash click offer other secur subject differ artist born republican color contain,1
schedul confirm budget review care rang southern present look data abil beyond,0
limit offer urgent urgent limit limit offer cash click guarante militari howev eight thu invest sometim relat scienc,1
select win urgent guarante offer guarante free win offer click limit confer street middl commerci despit foot field food lay join resourc left,1
meet remind schedul sinc matter sit charact former,0
limit offer limit offer win free click urgent guarante urgent win abil girl major size babi whether past other cover year develop,1
schedul confirm budget review bit say paint partner believ test inde night similar fact suffer,0
weekli report meet strategi natur decad rest church treat month wife speech stage eye even speech practic,0
schedul confirm budget review physic goal world year effort test growth season local strategi red stage often bank,0
weekli report report design poor govern star bit real take billion statement despit countri box behind figur,0
meet remind meet school believ write centuri educ media coupl,0
schedul confirm schedul score poor anoth game marriag,0
limit offer cash urgent cash click cash win secur practic measur factor natur box us,1
project updat schedul describ particularli qualiti end offic hundr televis view skill alway alway,0
project updat project updat rate phone provid site could trial listen edg still tax year thing,0
select free click offer guarante win offer urgent offer cash urgent guarante nice statement let bed crime anyon writer visit better ahead,1
select limit win offer win offer guarante click win almost safe memori whose administr option worri,1
weekli report report floor meet ok research score blue,0
schedul confirm budget review protect argu eye threat husband low find guess,0
select cash free win click click offer offer click site theori go standard seriou hear,1
select offer limit offer win guarante limit win urgent click click guarante limit click back word standard beauti start subject,1
meet remind report movi may militari learn wonder tv view famili note save father speech task occur similar base father,0
project updat meet life worker continu find carri parent unit coach,0
schedul confirm meet whether suggest offic agreement natur hold forget pressur outsid poor safe guy like upon,0
meet remind report drive commerci wish compar lose project secur pretti continu read morn type bag step,0
select limit guarante free cash free offer win urgent urgent click win guarante certainli famili agre anim strategi case,1
schedul confirm report accord decid qualiti fact difficult environ later,0
limit offer free offer guarante cash click limit limit cash voic red name recent make stop earli day cup,1
win big win limit guarante win guarante win click click guarante free win free forc night big ball away realiti,1
meet remind team sync final societi sometim talk none countri rich trip one walk peac five,0
project updat schedul individu head network speech may appli though,0
project updat schedul fish light church wear imag space arriv republican young resourc,0
select limit free offer urgent limit probabl item within style appear arm sever ago street compar throughout,1
schedul confirm project updat statement forc bodi,0
meet remind schedul insid gener four mother walk chair studi choos sing cultur small decis establish toward militari build,0
meet remind project updat data polici young democrat born colleg sister,0
meet remind team sync occur great attent west modern receiv staff actual usual black focu despit head agreement eye movement cultur skin comput full past kind,0
weekli report schedul tabl hotel sport inde second thought idea thousand physic figur approach ye possibl sing let chair radio individu increas,0
weekli report project updat check method gener wear meet tabl point develop relationship,0
weekli report meet save blue list capit home busi size beat recent add husband member without sever recogn becom compar recogn room resourc probabl clear,0
schedul confirm project updat experi question charact nearli caus,0
meet remind meet wait often religi past half pass project six record daughter sens,0
select offer cash offer click win urgent cash guarante consid suggest form fight heart four adult sens marriag surfac threat,1
weekli report schedul environment import radio goal budget success leg actual,0
weekli report team sync accept win even stori effect gener fli second sure bank light financi tend event agre never human outsid messag young provid,0
meet remind schedul certainli direct money yard creat knowledg move theori chanc color polic professor minut,0
win big urgent click urgent win click free win click cash click offer guarante guarante click whether open listen late realiti tree polit box,1
urgent cliam prize click guarante click offer win urgent win guarante guarante urgent click click financi offici cold eight bad room spend focu spring film decad team,1
select limit cash click free guarante limit free limit especi hear thu lot action scene improv growth later shoulder,1
schedul confirm budget review live project environment behind,0
urgent cliam prize limit cash offer guarante guarante guarante guarante limit guarante limit click offer free limit civil imag fight event boy hour insid,1
weekli report project updat memori face unit sever professor dark coach treatment becom worri religi wait argu resourc movement mean station,0
weekli report schedul keep behavior stuff southern street sister evid send increas check resourc parent home network human,0
meet remind team sync see somebodi bit player,0
select limit cash urgent offer cash free suggest popular larg guy process blue rather child accord,1
project updat report exactli chang citi els hospit smile figur almost sound movement manag floor team grow book growth total summer,0
win big guarante cash limit click offer offer cash offer urgent urgent spend pay meet true never control learn son event,1
limit offer guarante free click guarante limit free urgent guarante cash win free seriou fish return almost occur much,1
weekli report team sync stage late former smile behind ago exactli adult per howev better tradit way build cup throw laugh soon mani question whatev candid eight two,0
urgent cliam prize offer win urgent urgent guarante hour creat current well race land run window,1
project updat team sync challeng final blood peac peopl game result even alway court full posit save plan possibl civil languag,0
weekli report budget review space new mouth life claim campaign girl expect read growth,0
project updat report may religi follow beauti travel consid word list direct among hospit certain cover dinner check lead,0
win big free cash free cash guarante offer cash offer win urgent offer bank air sign pay soon effort car say hit get,1
schedul confirm project updat sens main suffer stage describ sell mention,0
weekli report team sync career court center run mean network small mind us,0
weekli report project updat produc qualiti offic speech bring three enough risk card sound rise fli camera polit sign,0
win big click guarante limit guarante offer urgent limit free click urgent limit limit win limit click person line alreadi everi becom reason recent messag south,1
meet remind team sync fire differ campaign inform event level train risk educ stori travel peac histori,0
urgent cliam prize urgent offer guarante guarante cash free cash free guarante limit offer win sure mr attorney speak perhap moment use,1
project updat report kind see relationship wide secur type worker need let store,0
limit offer offer free urgent offer guarante limit urgent click click road product event mani box reduc keep elect research grow third,1
project updat project updat billion bag world major ask bag car teach world impact interest resourc look increas,0
schedul confirm schedul serv four talk nation usual,0
limit offer urgent click guarante limit win urgent cash urgent hair time qualiti cultur stand alreadi simpli act debat move,1
urgent cliam prize click urgent limit limit click offer offer click limit free guarante free staff pressur presid week safe rule town cup meet ahead forget elect adult,1
select win offer guarante guarante click click win guarante offer free limit free win offer studi check wind articl forget goal,1
win big free urgent cash win click guarante respons leav season posit develop avoid work possibl,1
weekli report meet assum marriag health north admit polit pretti glass organ place sens posit fight leg outsid growth medic western fact,0
select cash free limit offer cash click offer limit cash best million least offici specif sister soldier past valu easi,1
schedul confirm report cell environ short tell without perhap poor bit black paper,0
weekli report schedul societi tree behind worri chang process perform style happi serv move,0
schedul confirm meet six mr,0
urgent cliam prize offer offer offer limit guarante offer click guarante decad spend difficult truth realiti hand,1
urgent cliam prize offer guarante free offer offer offer limit guarante win urgent free cash station hundr local interest admit heart think cultur talk societi,1
project updat team sync confer common simpli order fine valu hospit decis build,0
limit offer win free guarante free guarante urgent offer win speech short teacher wide west player fire fund insid realiz languag,1
urgent cliam prize win cash win guarante urgent guarante offer urgent click guarante urgent offer cash offer inde often item light size walk minut side histori heart game race futur,1
weekli report meet laugh yard short thu final never chang,0
project updat project updat moment accord per tri find worker includ figur even media media car group area pictur,0
schedul confirm budget review poor insid deep often,0
meet remind team sync social respons health talk old doctor door discov three tough power expect paint impact upon,0
weekli report meet think sort respons store commerci current top yet first paint price forc offic concern rest,0
weekli report team sync arm particularli littl direct store drug,0
weekli report team sync educ pick design wear white join collect beat prevent hope,0
project updat team sync human serv commerci glass professor hous poor experi artist professor activ writer strong beyond pretti cost,0
schedul confirm budget review friend anim far reason anim help rule land confer drug assum concern major,0
weekli report budget review centuri coupl exist polici money shake book partner beyond knowledg street piec still teach long one rather chang style born order forward food drive player,0
select click guarante urgent free offer guarante click difficult leader show drug practic miss color,1
schedul confirm meet activ unit season present interest end busi behavior countri coupl realiti head leader,0
meet remind project updat first determin great ground tv movement research budget need teach democrat set mr creat subject capit exampl,0
weekli report team sync return born grow account white church organ like surfac inde deal gener leg seem listen lead actual memori tell head,0
meet remind team sync end ago howev charg mind world season oil imag school spend,0
urgent cliam prize win cash free free urgent cash guarante guarante urgent limit win method make team possibl design true special polic articl recent,1
project updat project updat effort easi energi,0
meet remind team sync cell air head time media score quit write leader woman draw,0
win big free urgent urgent guarante offer hard crime rich talk physic leav area,1
project updat report perhap thing respons live hot also admit door black memori writer manag price plan third,0
win big limit offer click click offer offer click offer free secur least feder movement histori sort star hospit new mouth,1
win big free free win urgent win limit whatev month card walk understand valu,1
weekli report meet forward least high alway list popular educ specif upon inde,0
urgent cliam prize limit guarante limit click guarante cash free certainli kid forc recent mr hope control fund pretti,1
schedul confirm team sync stand worker claim specif mind pass clearli factor simpl offic,0
urgent cliam prize offer click urgent win click limit cash cash offer click win click central chanc wear level night mouth hold studi,1
limit offer urgent guarante urgent click click enter plan father end letter might affect song could win,1
select click win free guarante click free offer click cash guarante guarante cash price analysi earli els leav fill bill structur,1
schedul confirm schedul part candid partner someth player season hospit figur exist floor room nation languag everyth two term relationship,0
project updat budget review recent peopl avoid chanc realiti particularli actual,0
meet remind team sync station suddenli task famili wall condit two free none month modern,0
limit offer urgent limit limit cash offer limit writer rich presid mention child huge,1
project updat project updat front give catch option presid invest hospit weight situat memori leg,0
weekli report schedul believ stop cup might view black energi game like foot,0
weekli report project updat occur plan movi includ music short hous world condit rise offic report decis colleg like,0
weekli report meet activ join record,0
meet remind project updat beat theori speech break answer board mani writer certain,0
meet remind meet idea machin bar commerci whether coupl region smile step,0
limit offer win guarante win offer offer win guarante manag probabl paint manag must small score,1
meet remind meet other major stay nearli wife allow program design middl around stage troubl sound line,0
weekli report report realiz understand event someon administr blue knowledg recogn risk case deep three say,0
meet remind budget review clear best professor question present focu understand rest especi white partner,0
project updat meet full shoulder next tri elect new half understand thu daughter mention grow cold attack game last,0
schedul confirm project updat year red institut thu memori across street student confer sport guy,0
schedul confirm meet center great citi price although go perform step yard tonight return claim full,0
project updat report posit season detail democrat color everyon,0
select cash offer click cash cash cash limit offer click free real presid cover morn eat camera go food analysi rather posit,1
win big urgent guarante win limit offer guarante limit read respons middl occur live voic beauti current event,1
weekli report project updat charg morn actual director produc statement pay provid machin ever station actual system ball,0
schedul confirm meet noth especi insid worri readi stori white travel reduc address hear make,0
select urgent free urgent urgent urgent three interview live anim inde west famili,1
meet remind schedul feder sort spend sens littl radio key enough hot fact mother stuff watch fight mean forc strategi behind next behind ten free form candid particular,0
select guarante win limit guarante urgent product phone teacher eight accept hair phone improv feder condit,1
win big offer limit cash guarante urgent daughter claim whether design us,1
project updat project updat right accord anyth includ sort father financi peopl,0
win big limit limit win guarante urgent offer limit free urgent click free free click urgent offer histori loss give probabl someon,1
schedul confirm budget review feder thu system first assum brother parent send station,0
schedul confirm project updat place put season lose respons owner form industri month lose clear standard throw think speak student player event better get,0
win big win free urgent offer limit limit urgent urgent free beyond babi physic environment none meet foreign low,1
project updat team sync produc much other send wall today among theori order wall institut,0
select cash click limit cash win limit guarante impact pull beat bed sit everyon difficult hotel level train perhap audienc,1
project updat report skin sometim onto collect reason choic child eight soon project quickli alon tell stand station reflect good howev,0
weekli report project updat continu seven wear exampl safe recent second kid know civil soon,0
project updat report let hour station whose think rich option includ well protect usual recogn discuss popular take,0
weekli report project updat cost key decis box second cut appli thing soon probabl realiz back,0
project updat schedul beauti air carri team system loss properti expert line rich worker,0
meet remind team sync understand realiti never loss imag standard charg believ alon gener,0
urgent cliam prize urgent click cash offer cash free cash win win guarante click win click respond speech similar career test list miss,1
select free win limit guarante guarante click cash guarante free among colleg run bodi staff coach plant abil crime say area,1
urgent cliam prize free limit free click click cash win limit click limit offer urgent free urgent free pressur differ also interest send special serv clear word hous view,1
select urgent urgent limit win guarante limit click click urgent free guarante cash offer almost land feder dark fact reflect sing address,1
project updat project updat measur trip reach area rule worri hear land approach compar rest worker take throw western,0
win big limit click click win click limit limit click free win click guarante cash guarante cash chanc need step includ foot blue,1
weekli report report exactli messag congress site everyth news repres page hit skill coupl sell part poor artist polit,0
schedul confirm project updat teacher reason build guess econom consum moment magazin seri ye clear,0
project updat team sync work compar smile citizen produc area sign expect,0
urgent cliam prize limit guarante limit win win win click bring brother time sign truth other bill deal eat,1
schedul confirm report law sever necessari offic togeth,0
weekli report meet event fund readi tough test red option mother career model half perhap,0
weekli report schedul rise commerci five record act listen worri case fact elect mr accord test state studi meet,0
urgent cliam prize click guarante free click limit cash offer win guarante click limit job get individu similar record,1
weekli report meet push surfac actual campaign fill machin film servic posit lead night,0
urgent cliam prize cash click win urgent free free offer urgent click movement admit call readi bank forget whose perform strategi ask teach,1
weekli report meet feel centuri creat forward team shoulder hand sever everyon behavior person level billion,0
select limit free cash click limit offer limit urgent eat indic abl ok side toward card keep car present throughout offic cup,1
project updat team sync skill clearli ago moment director appear,0
project updat report someon alon receiv agent,0
meet remind schedul movement guess keep chair sens dinner plan black chang bed caus,0
weekli report project updat arm capit polit compani import check becom ok minut field author father recogn head,0
win big free urgent urgent free win free whole interview light relationship send game,1
weekli report project updat appear similar central capit admit space present scene challeng student sound build someth less minut common nice,0
select offer limit guarante click offer cash win free click cash offer urgent posit wish high item two follow north appear put,1
weekli report meet lawyer pay away act wife elect candid move defens interest coach job,0
select cash free win urgent urgent guarante guarante limit cash click free away manag coupl movi benefit begin happen attorney properti push like control town job,1
limit offer urgent offer limit offer free win guarante guarante click offer win win urgent click urgent bodi effect good rule camera idea shake girl wrong window,1
limit offer click guarante cash win free win free guarante guarante limit urgent involv address chanc partner public standard system air movement determin window,1
limit offer click win offer urgent click cash win free free offer near hous blue second staff carri,1
schedul confirm report product risk polit compar famili kitchen hope import stori woman full beat save,0
select urgent limit win urgent click click free win offer half dark billion indic radio improv process nation meet hundr produc heavi,1
win big click offer urgent offer offer cash cash guarante urgent realli focu five surfac relat care,1
schedul confirm team sync product accept low sometim notic democrat enter deal group mr one morn bill,0
meet remind report name either director pressur present evid great brother third offici list,0
weekli report meet rise local senior clearli take market clear fund staff would polic environment commun seriou,0
limit offer urgent free urgent offer win offer win limit free win free offer wish polic understand major,1
project updat schedul avail thousand specif forget air seri bodi,0
urgent cliam prize win cash cash cash limit win cash guarante click free offer win whole home bar seven,1
win big cash click offer cash urgent free win cash win offer issu magazin congress hope better test hotel,1
meet remind schedul seriou girl popul reduc week behavior media stay relat,0
select click cash click click win offer free click cash offer guarante goal coupl media affect oper rememb,1
select urgent offer free offer free limit blue indic knowledg consid includ draw good white,1
weekli report project updat mention valu nearli sinc four weight happen like south beat yeah along news stage wish tonight avoid great comput health,0
limit offer cash cash click cash limit free click click cash base effect mention ok line realli us stuff benefit insid,1
meet remind budget review good crime week weight subject easi environ quit threat posit onto stage pm particular within,0
urgent cliam prize win guarante offer free cash win cash click south cultur money opportun tv recent true laugh,1
project updat report add ball word certainli think low sister campaign agre moment nation mayb develop discuss trade set third valu small,0
project updat meet abl view hard other wall bed qualiti particip clearli togeth carri militari enter,0
limit offer win guarante offer click urgent offer offer guarante offer free urgent urgent urgent free free size interview agreement radio feel plan choos campaign month across expert serv wife,1
meet remind report tax although eye often govern middl final anim name defens approach administr,0
weekli report report difficult vote reason similar success record,0
limit offer limit cash win offer win win season avail wear improv rate research next method natur often mr man give better,1
limit offer win cash free limit offer cash cash free offer urgent limit click cash rich whatev behind behavior cost among reach,1
urgent cliam prize win cash win guarante urgent click win tabl bring adult accord parti use lead happen bar,1
project updat project updat cultur form ago fine task buy wish,0
select limit click win free win click win guarante limit offer click cash activ stori custom senior difficult test onto dinner success price power voic,1
project updat budget review music walk north variou career attack pressur sort expert west green certain imag leg,0
weekli report project updat without color oil provid tend could board address imagin white imag nearli measur real,0
schedul confirm report stori arriv low list quit bed plant start requir agreement four clearli none structur thu continu,0
project updat report draw floor qualiti individu season trade sign nice,0
win big click win limit urgent cash offer click urgent cash win free free offer sport rich eight method recent relat vote term civil,1
schedul confirm budget review cultur commun littl away view huge easi use realiz exist place music administr sometim increas rise cost tax final south,0
win big win click win offer limit limit click win guarante win anoth put make mr amount import,1
schedul confirm schedul sure member secur total main sit short pm environ,0
select offer offer limit offer cash guarante guarante limit offer limit win skin set program onto avoid entir son,1
schedul confirm budget review grow sever read morn abl team author eye yet skill term key store debat rememb standard oper,0
project updat project updat partner teach choic produc confer student role,0
weekli report schedul posit sometim role rich appear onto put,0
win big cash click offer win click limit guarante cash click cash cash guarante drop voic quickli offic section add act statement project girl top stock,1
urgent cliam prize limit limit limit click offer click click limit offer technolog hard howev around newspap end among town miss charact citi,1
project updat report question person yeah teacher region decid everi wall around mission,0
select free free guarante offer free limit urgent cash ahead energi dream road prepar today get dog,1
limit offer cash click free win cash guarante guarante win cash limit step bring factor religi theori variou prevent hair,1
select win free cash free free seem abl even contain age door leader countri crime drive sort materi,1
meet remind meet focu still risk cut charact produc shake break rule control court,0
win big guarante urgent free cash urgent guarante click free cash sever parent break tell check chanc,1
urgent cliam prize free offer free limit urgent win win guarante urgent offer urgent free free urgent whole anyth rest give mention sometim beyond,1
project updat budget review differ avail reveal wife red follow tax design opportun shoulder form technolog take month word enter best good win adult adult valu recogn,0
weekli report project updat moment key measur factor area matter take seem success high,0
weekli report schedul lay manag rule mention marriag colleg repres nearli educ,0
meet remind schedul issu exampl end mother store attack bodi,0
project updat team sync attack indic first materi whatev remain presid larg travel trade like build first figur particip pick bag,0
project updat report note two seriou fish coach reach away final safe nearli,0
select offer guarante offer win free cash win free cash learn husband ok wrong rich heavi,1
weekli report project updat glass think modern contain final bank factor compar good region member reason focu heart,0
win big free click urgent urgent cash win leg intern admit offici guess score tough increas,1
weekli report budget review trip civil never,0
weekli report team sync child wait probabl free nation two dinner cut support rais list,0
schedul confirm team sync ten help despit physic total organ final thank seri person vote scientist station energi,0
weekli report schedul bag record short away wall hotel train servic use bodi yeah less religi audienc,0
limit offer limit win guarante limit cash treatment seriou enter claim,1
project updat team sync indic trip act break defens bar recent ga avoid,0
weekli report project updat lot spend measur guess remain walk,0
weekli report team sync war bad owner finish get ten discov law,0
select offer free cash offer guarante win limit win click cash click cash win rememb plan ground consid year time still eight,1
limit offer click offer offer urgent cash abl sea rich clearli ever occur floor,1
weekli report schedul better realiz wish maintain writer anoth thought,0
urgent cliam prize cash offer urgent offer win limit occur type tell town signific,1
select urgent click guarante offer click win limit cash win urgent offer specif govern common worri necessari administr messag letter,1
urgent cliam prize offer guarante click limit free guarante click free urgent free win cash click guarante oil million see yet fall despit build feel everyon town read,1
win big guarante win offer click cash guarante guarante free old second medic figur effort plan democrat wish turn ten great,1
project updat schedul ok member friend yard amount sell break mouth notic law,0
limit offer cash limit cash win urgent limit cash add billion manag subject chang size near rais account side best,1
project updat project updat teacher realli add seriou agenc offic catch occur cut past ever meet least firm two plan job,0
project updat report agre fill meet writer seriou provid close either store fire countri process servic studi profession like owner,0
schedul confirm report easi young room ten decis phone,0
project updat team sync rock includ respond insid alway south provid side trial somebodi area cut artist reach,0
meet remind team sync power capit would,0
win big cash limit free cash offer click win click urgent free offer offer urgent win win mouth pass throw buy floor agreement profession purpos,1
weekli report meet democrat offici face els reveal manag differ realiti,0
urgent cliam prize win offer guarante win click guarante guarante urgent win free urgent win limit sing moment manag environ certainli pay public ball page articl rock present,1
project updat report test republican hair commerci speech servic face list type sign present section approach data,0
schedul confirm report anim realiz machin upon alreadi score week medic experi polit still late choic check card,0
select offer offer cash offer free guarante win click limit urgent win click urgent know explain abl number polit area,1
weekli report schedul least individu head light race lead along seem cell also night far administr team bodi reveal,0
select guarante guarante urgent free win guarante speak begin church futur letter word state home world debat four arriv,1
select guarante guarante offer limit guarante limit click guarante urgent win win limit offer resourc figur western wonder song train break,1
select click limit guarante urgent guarante cash offer urgent urgent threat role small differ land return team grow role high,1
schedul confirm budget review hous might cold republican surfac land involv job,0
meet remind team sync even better other result tree budget suggest parti receiv pick friend check,0
project updat team sync properti materi sinc stop seek abl throughout variou manag,0
schedul confirm report imag draw head foot road high forget alway like alway natur develop reach lay walk,0
meet remind meet better build right govern intern sound histori long intern build,0
meet remind schedul hotel even learn mr note find lead offer child individu manag mani green wall centuri,0
schedul confirm report adult room box make read owner fear dog day inde media present,0
select limit guarante cash free guarante free click cash guarante win countri visit includ stage determin religi citizen note use pick indic arriv along build,1
limit offer win win guarante cash free click guarante click win cash urgent guarante win water huge caus histori sing firm mother chang,1
win big limit guarante guarante win cash free limit urgent click win free cash urgent nation professor wind protect avoid west much hope requir imagin,1
weekli report budget review posit especi former theori top front method languag probabl seri compani put write fund western skin effect futur,0
urgent cliam prize offer free urgent urgent offer urgent click win guarante limit guarante urgent guarante win cash abil night bring major,1
schedul confirm meet skin rememb everyth practic standard much econom owner guy close often old look studi day imag feel,0
win big guarante click click free guarante limit limit limit click cash cash limit limit limit life thought american minut hand view sport polit,1
urgent cliam prize click cash offer cash offer click guarante guarante miss learn crime show simpli natur scene score field howev realli learn wonder govern,1
weekli report project updat edg dog compani,0
urgent cliam prize guarante click free urgent cash win urgent free limit husband materi clear hot rate popular major current certain,1
win big cash urgent offer click win guarante free offer north age growth common medic bit maintain behavior seriou town,1
meet remind report tradit feder pressur gun probabl peopl none unit use view peac,0
win big guarante urgent cash free urgent click urgent offer limit cash urgent urgent say catch keep research toward room model born everyon,1
limit offer guarante free free offer offer cash urgent cash among leader better heavi money sound develop follow skin tri agenc bad claim,1
weekli report meet attack care arriv upon recent popular comput author debat writer keep may dream tri us sort,0
weekli report report anyon amount tri success arm door presid chang everyon later moment protect whole capit west,0
schedul confirm meet movement method skin letter manag power floor,0
project updat team sync approach interview cover compar seem war state control nation democrat continu,0
select guarante click win urgent urgent free free win limit guarante free signific human man film job candid receiv tabl statement,1
win big guarante free guarante urgent offer win cash cash win offer win offer click first board perform surfac manag class govern four remain lead drug,1
limit offer urgent free win guarante guarante cash ok across yard tend involv size suggest scientist someon,1
urgent cliam prize urgent guarante cash free win limit click guarante free offer offer urgent line special industri set anyth phone tax,1
weekli report project updat fact north address take side lawyer,0
urgent cliam prize guarante free urgent offer win employe stay determin actual sourc magazin dream colleg,1
weekli report report store either laugh never republican card research gener challeng town choic age tough societi effort,0
project updat schedul mouth nation pull cours alreadi individu choic alreadi remain cultur need ga allow ground,0
project updat project updat shake perform somebodi would go walk church wind like bank blood surfac republican popul bar,0
meet remind budget review year power letter state kitchen happen claim color ye card someon result sure prove sister know,0
meet remind schedul comput caus friend issu surfac pattern abl polit establish,0
schedul confirm schedul togeth qualiti,0
select free click offer win win win guarante offer win win howev seat first necessari debat hear,1
select click urgent limit cash click free guarante art central author popular posit govern sens start tabl even messag,1
weekli report schedul money tonight approach fall whole direct administr tend start parti,0
limit offer limit win click click urgent win urgent win cash offer free click urgent offer million break teacher never seat dinner particip let purpos score everyon sea citizen,1
weekli report report inde town grow thousand young peac subject,0
win big free free limit click limit cash free guarante click discov age mean beyond offic report commun center job,1
weekli report project updat ground draw live becom commun dream white quickli prepar job see result option bring,0
meet remind report account travel right head appear catch citi abl repres imagin natur chang major item go look result,0
weekli report project updat reach keep languag hour total surfac eye budget fund differ,0
weekli report schedul stuff billion low inform person determin report serv hot despit languag occur fine claim prevent littl news,0
limit offer free cash offer guarante win variou affect offer seven town execut,1
meet remind schedul wonder western account east anyon major score,0
meet remind report must short seriou signific piec growth centuri import peopl right inform modern caus certainli seem capit project,0
schedul confirm schedul store hair start box inform partner use,0
limit offer cash urgent click cash guarante sit father full second respond sea impact author pressur west glass oil situat,1
schedul confirm schedul deal plan draw opportun artist road late tax custom third inde stuff,0
win big offer offer limit offer win free urgent free urgent limit click limit win free everybodi girl sea quit oper strong man strategi mother seek,1
schedul confirm meet street audienc travel mr two may technolog perhap natur includ audienc third govern know parti,0
select click cash free urgent free free click limit free win urgent limit free camera wear make exist agenc threat account togeth invest interest republican futur,1
win big cash guarante guarante guarante offer offer cash win offer free limit click offer limit free station attack scene anoth relat kid,1
schedul confirm report countri book loss scientist,0
select urgent win urgent guarante urgent region owner train also question other,1
win big cash free guarante limit limit win click cash win limit studi mind heavi collect listen languag,1
schedul confirm team sync wait paper front debat arm air fight throughout custom near camera woman good probabl upon republican,0
meet remind budget review point answer pm safe machin father rate,0
project updat team sync use situat manag cover manag readi kid hear tabl team phone discuss central beyond natur hope import,0
select win free urgent cash limit guarante cash guarante guarante win cash free offer urgent cash bag mind decis back half futur enter,1
urgent cliam prize offer win free urgent urgent urgent offer limit win limit week power interest enjoy see paper team pressur signific,1
limit offer cash free guarante win free offer offer free environ tabl event key bill decid morn long,1
weekli report report talk five often account group invest system noth take,0
schedul confirm meet hour medic tree possibl notic call top break season everybodi along indic speech human enjoy deep blood tri throw purpos put law,0
limit offer win cash click limit limit urgent urgent click offer offer limit win offer offer oil less listen girl piec simpli popul,1
project updat budget review foreign join involv profession money tradit messag ball young friend lawyer seem cultur either edg provid network,0
select urgent limit win guarante limit guarante offer newspap five seven easi green anoth anyon despit task impact,1
select urgent guarante free limit limit click offer free click urgent believ never energi voic work water choic properti car,1
meet remind report specif alway caus agre despit individu stand director maintain bag day,0
meet remind schedul differ cup amount career seem polici ahead save data person moment ahead,0
weekli report schedul top import center around growth interview worri card note valu parent manag minut talk direct court prevent,0
select cash guarante win urgent click young help student step court,1
meet remind budget review six choic boy base blue particip call much spend case present hit space wall subject,0
urgent cliam prize win win click click win offer guarante click free cash stay seem among factor reach movement almost thought establish,1
select free limit free cash offer fact cut natur final stuff charact born watch fill million,1
project updat schedul rule sure cell part job white els other invest decis tri audienc number hit insid movement fli nation,0
limit offer offer urgent offer limit urgent limit offer limit follow full lawyer middl realiti cours subject hundr heavi smile six valu,1
win big urgent click free offer cash cash click cash limit cash win pattern billion alreadi respons howev rather,1
schedul confirm meet citizen late suggest behind cultur stage style idea analysi left air thing beat bit,0
weekli report team sync resourc sinc cup posit woman differ commerci push end bag goal rest price also field role democrat,0
schedul confirm schedul possibl lawyer seri left free leader hundr loss win compar contain window well seri employe requir risk oper differ,0
win big free limit limit click urgent guarante free free guarante necessari loss across step live treat write knowledg success near,1
weekli report budget review chair includ young abil hope agreement event book hit health perhap crime newspap,0
project updat project updat civil environ water skin hous author spend manag person perform field success second radio,0
select free click limit win free win win urgent click free win urgent free win win year entir note price variou laugh month certainli industri risk centuri,1
schedul confirm report away develop well inform way wish popular reach protect question physic glass understand pick feder,0
limit offer win offer free free free guarante urgent limit win free win win urgent free urgent includ group civil voic treatment,1
project updat report subject friend fine bring treatment box toward offer forget rule,0
select win offer offer limit win guarante limit free lot clearli peopl test major around care polit compar mission,1
win big offer guarante urgent guarante urgent cash cash win offer one campaign person point want director confer fish,1
limit offer limit urgent offer win limit free guarante win free cash win limit urgent limit free exist interest respons term word eat agenc record choos centuri treatment respond,1
win big free limit guarante guarante offer free guarante click urgent offer urgent cash free cash year earli leg citizen method tonight,1
urgent cliam prize limit guarante limit free cash guarante guarante fall bar partner paper face class certainli necessari better tend church heavi pay,1
win big win limit offer cash offer click free click offer offer urgent cash evid tell seem sign imag instead human local wait argu anyth,1
win big cash cash free urgent guarante urgent win free guarante free urgent urgent free offer lose tonight charact intern necessari class idea firm parent,1
weekli report report skin charact realli project card anim mani comput pattern gener box move detail money,0
urgent cliam prize guarante limit free click guarante guarante guarante click click cash guarante click win click save allow administr page glass call,1
schedul confirm project updat loss rememb seven famili rest feel cours choic inform,0
weekli report schedul mouth plan fast kind guy woman crime avail life expert despit visit go,0
limit offer click cash limit guarante click guarante win limit urgent urgent budget red social return media beauti,1
select guarante win click offer limit free alway avoid polit project around good record accord even allow,1
schedul confirm budget review sens thank way leader read half month,0
meet remind project updat seri whether confer manag speak long number,0
weekli report meet singl bring execut cours allow ground fast articl design father front size present special wish place human order insid build,0
project updat schedul anoth speak hot work mouth anim american prove determin goal train clear buy talk film attack,0
schedul confirm budget review difficult popular energi case believ seek valu pay order valu televis yet none like scientist,0
meet remind meet short art situat choic southern oil everyon togeth site name inform,0
urgent cliam prize free free win guarante free win free cash urgent offer guarante sever long compani morn campaign appli put cours sit accord,1
meet remind schedul place singl prevent word seven left commerci system behind hotel full,0
schedul confirm report imagin ago variou societi situat use manag mr system consid tax chang hard interview despit certainli,0
project updat meet open whole compani perform hour challeng thing congress wonder behavior second,0
weekli report schedul focu worri view effort know hous east decad outsid friend ye garden televis toward scientist blue contain,0
urgent cliam prize cash urgent offer free offer limit offer outsid often big lawyer edg green,1
win big guarante guarante cash win offer guarante click click offer guarante urgent guarante urgent win impact understand paint magazin special fight clearli choic million materi could poor,1
meet remind report simpl much artist benefit anyon trial,0
schedul confirm schedul import land blue behind song writer writer everyon answer,0
urgent cliam prize cash click urgent free limit cash cash easi democrat bed behind action,1
select guarante limit guarante cash click free limit urgent limit win click offer urgent forget seven matter mouth scienc morn budget day guy,1
meet remind budget review insid open rather lead consid author person,0
project updat meet item buy former seriou student countri treat anyth eight left treatment opportun,0
meet remind budget review alway shoulder ball presid end oper becom spring employe lot,0
project updat project updat hous person remain hand hold natur process intern rather look report clearli wall approach,0
limit offer click urgent limit urgent limit click click author indic fund offic room game especi join,1
win big cash urgent offer click offer limit cash recent sound wide execut either word son whose invest wish,1
select cash cash urgent urgent guarante win guarante cash free limit offer cash record middl challeng modern magazin sourc charg full eye,1
win big limit free urgent free free urgent guarante click limit cash urgent guarante free sing worri time confer theori lead campaign,1
meet remind team sync paint last local pick hear suddenli unit clearli call citizen democrat live case insid decid charg,0
urgent cliam prize urgent click cash click urgent win click click urgent free rock cup movi practic resourc religi person,1
schedul confirm meet build white beyond back author invest must live learn,0
urgent cliam prize urgent limit urgent offer offer limit urgent win guarante click offer road seat teacher imagin station worker add prepar build decad,1
win big limit free cash urgent free free offer limit director ga without actual like fund half worker sever join articl,1
limit offer limit offer guarante free click guarante guarante guarante town fall direct decad centuri soon draw rich trip serv,1
meet remind report four man strategi less mr better cost year help within collect green sound north war,0
project updat schedul often enjoy teacher elect rather use sister peac ball church shoulder accept crime tree fish govern,0
urgent cliam prize click free click cash guarante guarante free limit urgent offer discuss world three sourc buy media differ,1
project updat schedul peac imag develop yeah run low school high cover sign ye say stuff suggest creat blood,0
limit offer offer cash urgent free win click instead major see although technolog explain rest avoid decis,1
project updat project updat easi particular trial rais drug organ relationship ask subject rang,0
weekli report project updat like tell provid particularli team total futur must fear choic trip,0
project updat schedul say key size daughter item cours littl minut call system exactli place,0
limit offer urgent click cash free free click limit offer law best effect cover final back bit languag professor enter leader,1
select offer win free free win win histori walk anim,1
weekli report team sync spring vote end send artist friend languag play research everybodi capit mean hand bill intern name,0
urgent cliam prize free cash win limit guarante win limit urgent guarante click administr cours listen statement nation goal game concern determin stop,1
project updat meet great behavior bad busi els decid sound whatev agenc toward manag standard behavior model part,0
urgent cliam prize offer cash limit urgent cash free cash click cash offer urgent offer limit fill special third human event whether educ focu,1
schedul confirm meet certain hair growth approach race present,0
schedul confirm schedul similar consid line west ago close messag power four answer babi avoid soldier record thousand young,0
schedul confirm team sync appear half poor condit work remain learn among total parent,0
project updat schedul hope box space charg movement tri meet season decid hous way figur popul popul return bank tell treatment last,0
project updat report method materi collect stay yet wide,0
weekli report report direct develop appear comput forc water question lose societi,0
win big click offer guarante click offer urgent limit limit offer limit free civil medic hospit challeng financi bring consum respons singl food,1
urgent cliam prize urgent cash win free offer win free limit free limit design dog two seem close least return compani,1
project updat report step debat tonight rate speak purpos still hand beat seat opportun societi common whose gener,0
schedul confirm schedul also coupl result knowledg wait happen democrat kid drive recent soon lead noth popular war develop price edg price compani,0
select click free urgent win guarante win win cash cash guarante media us oper manag consid newspap drop director other deep,1
urgent cliam prize click urgent guarante guarante urgent click billion least owner door leg chanc light professor maintain truth ever,1
weekli report report identifi explain score colleg still task lose sit scienc sport huge drive,0
project updat team sync throw alon matter requir understand rest interest suddenli process real whether qualiti thu upon budget individu yeah man involv,0
win big win free limit urgent click free right rock improv truth despit sure product meet,1
win big free urgent limit win urgent free free click free win parti wonder unit turn soldier probabl like activ recogn although sport,1
meet remind team sync attent beauti citizen thank game indic leg particularli accord see hair almost place father alreadi,0
schedul confirm budget review compani agre first resourc player,0
schedul confirm team sync rise term war maintain fine develop protect qualiti econom process size father win,0
schedul confirm budget review big consid item measur pretti plan less tend activ money teacher parti,0
weekli report project updat share candid loss cover exist miss babi sister second sourc polic,0
win big offer click limit guarante offer cash urgent free win free result decis ten better particular anoth team,1
weekli report meet star follow girl home accept oper star lead hotel goal result free issu health drive small beauti charact,0
win big win limit guarante click win lay live least call determin type statement southern pretti main,1
project updat team sync fact much process mr whether kid well differ differ writer write possibl noth network sinc almost employe newspap accept yeah see,0
select offer limit guarante urgent free free free guarante click win win free limit among hand grow media land ball feel either effort discuss fish,1
schedul confirm schedul per accept happi major seem step physic determin page tend,0
schedul confirm meet low civil store usual individu technolog chang effect clear success sens,0
select free win offer click limit urgent win offer stop somebodi individu receiv staff medic might poor worri test presid,1
meet remind report artist anim owner teach blue final moment thank order condit quickli movi els polici agenc author,0
project updat budget review impact deep garden tradit across someon sens sever someon provid song singl treat floor bad quit next employe mr bodi keep half,0
win big click click win limit limit win offer limit guarante guarante win guarante limit meet threat repres decad ten near firm ask carri upon els,1
schedul confirm meet tree attent teacher troubl environ true media room magazin action us foreign tabl although,0
schedul confirm meet condit box might town littl camera public side owner begin,0
schedul confirm schedul popular littl look establish inform entir,0
project updat team sync open sort life note room food box explain high point question act,0
limit offer free cash limit click cash guarante offer guarante guarante urgent limit win click imagin young hour charact want author,1
urgent cliam prize offer free urgent cash limit click free urgent limit limit urgent free guarante interview fast respond plan three style check ask institut compar senior,1
meet remind report western develop respons eat word pull hold perhap appear bodi foreign enter structur worker top necessari consid seek,0
urgent cliam prize guarante cash cash offer limit click limit million teacher art stuff train type success top though seek sea find,1
schedul confirm budget review whatev smile reason seem realiti ever paint practic requir lawyer rise size organ still page treat later,0
weekli report schedul ball discuss call accord throughout year need prepar back vote watch expect,0
select click guarante win win free limit win click click urgent win teacher ye probabl floor appear draw,1
meet remind meet purpos hot short tend relat must sure environ,0
urgent cliam prize urgent guarante urgent click urgent free guarante urgent free offer stock yard would wife rate number,1
project updat project updat condit secur focu writer bank thought tri way seem mention stage water discuss,0
select guarante offer urgent win win free free free win urgent win limit trip standard strategi bar scientist fine,1
win big limit urgent urgent cash offer click limit cash chair race imagin pattern outsid forward case,1
select offer offer urgent cash urgent standard singl dog without usual hope case upon wind,1
weekli report project updat servic pull opportun suggest final lawyer window sens cut reduc throughout individu home organ,0
weekli report project updat economi outsid defens five marriag door use individu choos caus oil agent claim whose,0
schedul confirm schedul lawyer impact comput like bag differ whole,0
urgent cliam prize free offer click limit free cash finish produc american spend skill cell job today factor,1
win big limit offer guarante cash free cash click cash cash urgent guarante cash click click free readi bodi doctor per run yard rise realiti,1
select free guarante offer click free board exactli sit common develop develop born across tell,1
schedul confirm project updat like cold laugh soon show protect pictur build educ low,0
select limit free urgent free win urgent cash limit urgent click limit win guarante click urgent place inform agent film maintain event,1
project updat project updat figur along decis later whole air figur short pick qualiti particip space develop debat forget sport,0
urgent cliam prize guarante urgent guarante free offer urgent limit win cash limit guarante click free limit offer half common none mean institut travel open concern enjoy anyth feel,1
meet remind team sync act admit profession special stand daughter yard week comput posit compani late perhap today,0
win big win click free limit offer cash urgent free win free get treat special low relationship respons weight group,1
limit offer click limit win free offer cash free win guarante click offer click free kid realli particular case meet board phone phone keep call someth languag,1
limit offer win win cash click click click free guarante click urgent win cash offer win idea hot leg figur major affect serv quit,1
select limit guarante urgent urgent guarante free offer free heavi mouth educ caus talk book health church white,1
weekli report report one gun chair pay home question thousand teacher coach factor option charact,0
urgent cliam prize offer offer free offer limit limit cash cash offer guarante offer guarante click must manag benefit spend everybodi admit,1
win big win free cash click win cash hope nation analysi meet requir middl develop signific,1
win big win limit click guarante click presid book show way second imag improv colleg subject prove,1
select offer guarante guarante win urgent cash urgent free urgent urgent win limit limit guarante limit compar huge law hope full two second,1
limit offer guarante free limit guarante free urgent click approach probabl system game rock expert light major drop defens,1
urgent cliam prize cash limit offer limit urgent offer limit win urgent turn nice major littl year item buy fear rate put sort,1
select guarante click guarante offer win address dream south histori world variou build avoid say modern time foot factor,1
limit offer urgent free offer urgent guarante practic produc scientist look glass letter page,1
schedul confirm meet thought product wide describ inform wear sister road seat polici current,0
project updat budget review final walk individu meet administr ask respond hous music teacher polit happi child along ball detail inform,0
weekli report meet push clear plant pass right health agre scientist caus success glass part,0
select cash limit win click urgent cash free limit real whether magazin daughter creat argu south citi rais worker job,1
meet remind report church modern list inde mean whole determin agre decis blood point third bad short radio,0
schedul confirm schedul sever alon player main econom differ reason person ground unit sinc,0
meet remind meet central black claim help gun friend expert cover machin,0
select guarante cash guarante offer click click free click guarante discov respons babi seven start messag sinc power,1
weekli report report citi weight relat spring card,0
meet remind team sync final us mean end fill els ok includ understand environ,0
weekli report team sync might drop page talk church polic break dog level assum institut,0
urgent cliam prize limit cash guarante urgent click win click urgent urgent free busi adult exist alway direct read around eat data drive deep check,1
urgent cliam prize win limit free cash limit offer offer limit cash free click expert prevent success high whose notic necessari repres often season run,1
schedul confirm project updat finish improv democrat wonder seek expect ask,0
project updat project updat learn beauti experi market director join word reflect despit fall compar late civil reach dog work agenc affect,0
select guarante click free cash offer guarante offer limit cash offer offic head enjoy bodi help view cost voic,1
project updat schedul bodi start properti bag move tree theori,0
select offer win free offer urgent perform sever cold mani particip compar ye major,1
select free guarante guarante urgent guarante urgent offer free limit urgent click free guarante share invest way risk talk,1
urgent cliam prize guarante urgent win limit click win cash urgent free free win other care author take save want relationship allow civil,1
meet remind report low call base none public life radio properti assum polici enough form occur land girl theori recent,0
urgent cliam prize win cash guarante win free free offer win free sport top answer seat eat start health low troubl,1
schedul confirm schedul lawyer walk soldier,0
meet remind report near pm south continu improv perform countri alway onto class call histori suggest newspap size head,0
urgent cliam prize offer free urgent free urgent click offer cash click window choos week rule window employe famili behavior wait,1
urgent cliam prize win cash limit guarante guarante limit offer cash urgent win win free limit click urgent enough field back toward sister news window thank author insid provid drop,1
limit offer offer offer click guarante urgent cash guarante click click click click limit click guarante valu anyon quickli invest without popular nearli state,1
project updat budget review recent easi leg necessari involv stuff cover mean never,0
project updat schedul finish includ sinc final program colleg theori stock popular air thing consid left surfac,0
schedul confirm project updat yet fund fill sourc prove rang quit evid smile learn question worker major husband boy add whatev,0
project updat budget review sea elect bar without countri reason section establish feel hear staff,0
project updat schedul card fine effect father sing way hotel someth cup main sourc,0
schedul confirm meet develop candid degre four price polit behavior seri home tv sing nation reach side often music mouth issu alreadi,0
urgent cliam prize urgent guarante guarante free offer guarante free offer urgent guarante urgent limit offer turn note stand space law,1
win big win cash click free offer limit win cash urgent wait profession inform third find enough keep common leav magazin hot design,1
weekli report budget review pattern though describ soon valu behind sort probabl,0
urgent cliam prize offer free offer urgent free cash cash free win win offer limit click guarante societi prove respons foot result rest air second,1
limit offer guarante guarante win limit limit guarante free free click cash win urgent cours middl democrat especi invest eye,1
urgent cliam prize offer click guarante cash free urgent limit offer limit guarante cash cash could hour radio old abil probabl room girl includ,1
schedul confirm schedul page window team use event us age machin recent leader safe data institut everyth,0
win big urgent free offer cash win offer cash guarante win guarante cash limit cash offer need center color best sinc west along wish stage current open,1
select offer cash guarante cash cash free free limit offer win guarante limit urgent offer guarante call final one agreement tradit mind similar account good billion day caus,1
meet remind schedul pick new risk open street line design across effect earli third seven win polit,0
limit offer offer win guarante cash win limit win limit offer land economi manag produc pick water everybodi miss,1
weekli report budget review ye collect door prove idea sport group,0
weekli report schedul true reveal modern reach buy worri prevent drug tough financi sometim assum send especi discuss,0
project updat budget review mr never arriv guess name reason find light church summer seek fear colleg languag everi data,0
limit offer cash free limit offer offer click win free guarante urgent free limit offer win cash hundr player art center citizen push adult,1
meet remind budget review item standard mr futur person sing oper term establish guy field situat low win movi natur,0
limit offer offer guarante limit offer urgent guarante free click urgent click limit cash free urgent properti church famili cut alreadi class catch appear anyth messag democrat paper,1
weekli report report togeth sport green hospit list book posit time thousand physic,0
limit offer offer cash urgent win win win free free cash ye alway troubl manag stori resourc eye,1
schedul confirm project updat stay item yet concern expert inde anyth middl throughout wish action boy student test break signific,0
meet remind meet enter card recogn suddenli man modern area time mouth answer reduc trade month,0
meet remind budget review hold materi mother countri know red realiz els offici ten explain skin,0
meet remind team sync name signific give read wish job somebodi perform candid stock recogn make mouth,0
project updat meet sound noth sister concern three audienc hous,0
project updat budget review week five high develop want rang local director draw futur administr sign relat feder air see four,0
win big guarante offer offer guarante click current pull last short also prevent final voic food throw member never,1
weekli report report societi polic network director decid similar success,0
schedul confirm team sync serv organ main chanc even worker beauti rate move,0
schedul confirm schedul control campaign wind religi easi feder laugh strategi man almost quit,0
meet remind team sync cours cold affect,0
meet remind schedul sit mention interest push within car almost stage produc qualiti messag life certain put side avoid,0
project updat budget review floor sourc key later talk push sea amount head major scene consum sing spend front arriv colleg get would never age,0
meet remind report without happi system item offic draw back remain growth parent new hotel never foot,0
weekli report budget review choic worker qualiti near singl develop option foreign happen partner least forward particip move,0
select free urgent cash click offer guarante urgent free cash guarante urgent manag alreadi person full even daughter growth program,1
project updat budget review turn discuss hundr attack stop almost none offic evid effort standard peac along maintain probabl late respons,0
urgent cliam prize limit offer click urgent win cash offer win guarante offer hous shake letter contain central interest drive polit,1
meet remind report us seri improv west second seem sound month major polit threat moment,0
win big win free urgent cash free offer win cash limit win structur decad would tradit near enter,1
meet remind meet win skin listen centuri term charg whatev sometim foreign south,0
schedul confirm schedul simpl walk outsid view along accept game spring avail feel partner sea,0
project updat budget review support owner wonder manag born histori intern thought list receiv interest hundr kid throw ground door citizen law feder,0
select guarante guarante click offer offer urgent offer free offer cash effort school intern citi activ posit feel,1
urgent cliam prize click free guarante click offer guarante free click cash drop pattern step analysi cut creat,1
urgent cliam prize click cash free guarante guarante guarante offer limit win type bank offer region one build week poor send,1
urgent cliam prize win limit cash win urgent offer click heart offer everyon star sit thing organ,1
urgent cliam prize cash guarante click limit limit cash offer cash urgent free develop mission quit whether move back success real pick,1
project updat schedul mention account pass explain forget stori fish voic commun sport white possibl edg lot earli may way also better push fact present,0
meet remind project updat accord scienc four babi offic thousand forget report say recogn million seven wait save especi,0
meet remind schedul occur discuss suffer interview professor food result certainli cours ball boy staff quit key indic model billion energi view case,0
schedul confirm meet decid build sure realli idea born administr maintain exist ten us truth sound child leg,0
weekli report project updat film see stuff agenc level section name forward alway actual confer choos polici bill,0
win big offer guarante cash click limit offer urgent limit win win arm studi bar exampl ball act best polic forc,1
urgent cliam prize click cash free win limit cash guarante cash click click loss mayb part though anoth matter person total,1
weekli report budget review wrong good senior,0
meet remind report well oil colleg manag network year firm size chair outsid mean chanc school water signific could less tend commun creat pictur,0
select free cash guarante click guarante win limit win win free urgent free free click guarante call leader invest answer mr gun wait,1
weekli report schedul support minut son appear piec address describ,0
limit offer urgent win limit click cash win free town commun properti benefit spring tree speak larg,1
weekli report team sync true elect actual togeth respond home anoth director,0
limit offer click cash limit click win click guarante cash husband red although exactli theori matter clearli soldier,1
win big cash urgent urgent guarante limit urgent offer win free win free offer cash agent hit budget resourc deal evid card media black noth,1
win big offer free urgent urgent guarante free free offer offer guarante urgent offer click bill summer voic continu share say agre,1
project updat schedul southern develop behind red differ result life cell idea bank simpli miss art partner front first remain determin plant minut,0
meet remind meet along stage inde growth rather ye note capit establish everybodi four western today day whether behind modern explain paper treatment star,0
weekli report meet admit read develop wind law write leg thing store strong forc opportun readi soon,0
project updat budget review amount shoulder husband two peopl wear guess receiv friend,0
schedul confirm schedul seem away memori citizen say noth town differ play remain lawyer polit sinc,0
meet remind meet environ militari leader page direct hair onto speech lead offic,0
meet remind report catch singl agent knowledg field pull special,0
project updat team sync kitchen exist mission offer score push spring space wear night would polici test servic threat,0
project updat meet today howev trade meet tough report congress happen,0
meet remind project updat argu power would suggest last parent right tough tri provid collect light,0
project updat team sync happen peac sea report affect expect age hot economi dog least bag analysi,0
schedul confirm budget review tonight whatev presid sort,0
limit offer limit free cash free click limit limit limit free win limit offer cash fast cultur court left trade unit,1
project updat budget review consum discuss next free eat watch test somebodi use prepar best whole histori repres stop window alreadi employe,0
schedul confirm meet environment certain term comput dinner meet commun,0
limit offer guarante cash limit win free offer win cash cash reflect sport offic travel wind kind,1
project updat project updat challeng per brother yet join argu side method factor defens high yeah style thought program take mention,0
urgent cliam prize free urgent guarante offer cash guarante limit urgent cash limit win offer offer limit offer identifi differ west role respons race earli,1
meet remind report accord threat someth type growth easi card avoid arriv door candid end,0
meet remind team sync seri check edg certain tabl produc organ environment,0
urgent cliam prize click cash cash urgent urgent click guarante limit trip test last along prepar near person profession,1
schedul confirm report religi someth forward simpli upon other realli left,0
schedul confirm schedul fall mr soldier stand charg sit attack cell everyon time impact current parti cell confer pick appli,0
schedul confirm schedul tree member larg mayb polic someth approach ye central,0
weekli report meet unit militari beauti specif insid line field sens break,0
select free urgent guarante offer cash free win let articl someon join chair region ten,1
meet remind meet fast yard week confer kid entir result believ lot cover explain discuss american servic whatev republican stop cell loss,0
meet remind meet low focu act close major foreign quickli finish though western,0
schedul confirm project updat understand catch develop option natur true condit floor event win old becom respond execut section whole key,0
win big urgent guarante win urgent win free cash matter talk station let avoid check camera,1
win big urgent win cash click cash urgent free win cash limit offer cash click person pay medic tabl economi either laugh,1
schedul confirm project updat front wind thought accept either colleg fire bag idea far type,0
meet remind meet wall six art accord tonight financi system,0
weekli report project updat spring build point data pm perform tell time final heart respond believ much polit,0
limit offer cash cash cash offer click music medic improv fear eye seek bar later place imagin,1
win big win guarante click win urgent imag recent stuff sell four mother impact,1
meet remind budget review recogn pass wonder allow forc past cultur individu war interview inde state,0
win big urgent limit offer win offer offer modern feder level student throw home develop,1
schedul confirm report man concern import polic say wrong comput agreement order tax prepar believ home,0
urgent cliam prize urgent offer urgent limit urgent limit urgent win guarante limit urgent guarante note skill health step thank store five,1
weekli report project updat compani charg mean rais technolog,0
select win limit win win limit limit urgent treatment less despit individu,1
project updat report everybodi street inde feel abl throw take staff current ball boy beat north feel,0
urgent cliam prize urgent offer guarante limit limit guarante free truth mean form memori educ close small campaign nearli,1
weekli report project updat use left claim servic good worri economi toward let wait fli,0
weekli report report player decad tv like talk meet citi start trade person profession cut mouth,0
project updat meet tabl court size either whole understand among simpli quickli improv countri compani posit major mr somebodi,0
meet remind report signific peopl challeng seat next build republican,0
meet remind schedul teach lose machin practic one one agenc act store alon camera,0
project updat meet success easi treatment probabl break play sign red forc,0
schedul confirm team sync player effort hope fear subject worker anoth go littl beyond seven democrat may,0
weekli report schedul help wind magazin two question degre break late larg chanc,0
schedul confirm budget review charact possibl modern day page capit reveal discuss key street amount low social,0
urgent cliam prize win guarante cash cash cash guarante click click win free play languag singl half centuri statement everybodi could,1
schedul confirm team sync set help answer factor decad thought life away ye reveal democrat smile surfac growth happen tabl face,0
win big urgent limit urgent click click guarante limit allow break religi method least person top wear medic loss,1
win big click free guarante guarante guarante urgent limit free click urgent guarante urgent smile suffer famili natur brother receiv nearli econom research,1
limit offer click free offer urgent win free free offer win urgent cash cash free free occur human today head wife star four great pretti,1
weekli report project updat action happen question whatev congress throw throw report throughout togeth though admit skill onto,0
limit offer limit urgent limit cash limit limit reflect somebodi avoid issu suggest think tri truth meet notic look,1
schedul confirm project updat differ whatev quit happen fact quickli industri never stay,0
weekli report schedul colleg staff cultur thousand mind behavior field get site name,0
urgent cliam prize guarante urgent urgent offer urgent offer urgent cash offer cash urgent travel group white leader spend,1
project updat team sync imagin town pull pick ball compar rest center approach size million wonder glass shake trial,0
urgent cliam prize limit click click cash click limit urgent offer cash creat court bad decid true pictur offic would particularli expect,1
urgent cliam prize cash offer urgent limit win offer limit urgent limit free free urgent free budget sure scienc consid born end financi,1
select limit limit cash click offer click urgent cash free save matter south tonight set bad whether avoid beyond data recogn,1
weekli report report final difficult mother bed woman skill exist invest view draw seek pick,0
weekli report budget review special model hot strong scienc individu chair approach author hous throw,0
meet remind report troubl physic new quickli interest left soldier stori ten law say,0
win big win guarante click offer urgent cash cash win click guarante cash offer win movement protect peopl rememb deal resourc person babi,1
urgent cliam prize free offer cash click urgent win win offer cash free man exampl centuri right goal back,1
meet remind team sync sometim kid studi citizen pull great month defens color focu game event act happi includ million,0
project updat budget review news line feder chanc region indic pictur loss man oper suddenli describ popul effort relat ye,0
urgent cliam prize click win limit limit click guarante loss togeth oper exist power figur,1
meet remind budget review citi money list foreign outsid scienc avoid reason differ,0
urgent cliam prize click win click urgent guarante limit free win urgent click free win cash free offer fine fli simpl southern becom,1
project updat meet singl light time seat product hear father see job tax treatment identifi mind polit final garden size lead resourc garden lay husband father skill,0
schedul confirm budget review writer sport might question pictur rock physic everyon natur ball paint energi,0
limit offer win limit cash urgent limit free free free click urgent limit urgent cash behind evid suffer catch seem probabl peopl educ trial standard creat fire,1
schedul confirm meet know score sometim like drug sister game thu concern ye detail central region door,0
schedul confirm report continu relat whatev physic quickli radio system north hotel ok secur offic summer someth method improv,0
project updat budget review noth gener ten mouth last four control final seriou remain gener style magazin,0
project updat team sync beat guess decad foreign agenc throughout noth field tonight fire ground mission section,0
win big limit win win offer free limit offer offer free guarante win win win serv clear hair inform describ,1
project updat report key sourc issu agent street anoth condit perform comput repres major,0
meet remind team sync mission crime type import worker car strategi nearli wish thank,0
weekli report project updat discov offic weight charact thousand paint east grow bed right summer week,0
project updat schedul maintain ok clearli term catch result pick particular,0
meet remind meet son room final peopl shoulder posit last practic simpli line pull,0
schedul confirm schedul happi work abil fight man perhap truth news add late hous phone world scene break,0
meet remind team sync happen probabl throughout full benefit sinc price signific glass market,0
limit offer offer limit free guarante guarante free may camera elect leader ten messag present account happen,1
weekli report meet husband father card lawyer get,0
meet remind schedul firm decid outsid hair lawyer choic fall mention even fish us box includ wear decad mr,0
weekli report project updat rest artist caus ga know littl difficult form enjoy central,0
meet remind report includ futur fill mission class custom someon experi manag,0
project updat budget review wide lead speak interview valu music person town bank life road stand network littl economi alon earli pull work owner,0
project updat report reason ok audienc leav film sing hospit manag section,0
limit offer win limit free urgent win win offer spend pattern push tree say door rate thought part artist,1
win big win cash offer free win limit free click free limit offer urgent guarante manag order signific look author,1
project updat report research famili without,0
schedul confirm report start describ loss fine camera billion dark field listen growth movi histori live creat,0
win big cash cash win cash free click free limit guarante offer win free guarante offer click heart money million doctor theori school,1
schedul confirm report rise case success abil give maintain team across method requir cell class fast data issu make,0
win big guarante win cash limit cash win win cash click free click far polic deal contain soon may abil feel job artist tri,1
schedul confirm report campaign wait weight drop degre receiv resourc onto room,0
limit offer urgent urgent offer free free cash urgent limit win guarante urgent health noth bring collect scene product first,1
meet remind team sync claim detail nice develop inform fund career return visit church manag,0
meet remind budget review mani law hold respond away anim focu five,0
weekli report schedul compani item low tree doctor past product,0
limit offer free cash offer guarante guarante click win guarante financi main cut speak begin natur discuss design first second theori organ,1
weekli report schedul father address sever talk point within door process career attack south read choic natur smile model,0
project updat budget review scene option remain describ democrat travel everi away exampl score page summer east,0
limit offer win click limit urgent click offer guarante age noth drive center knowledg mouth safe educ whatev,1
win big offer win guarante urgent limit cash cash free push imag act believ alreadi tabl import fall chanc charact,1
meet remind budget review day young sound sens colleg,0
project updat team sync issu alway debat step enjoy attent soon new see top record world read,0
urgent cliam prize guarante guarante free click cash allow war tradit morn fill polit,1
select urgent guarante free offer limit limit cash nation evid outsid chair still contain specif travel polici,1
project updat budget review hard better suffer method onto materi main tonight dream offic main creat staff yeah citi,0
meet remind meet polit name peac rock among prove strategi actual might differ region action,0
project updat schedul scientist space heart growth town site final forc lead strong speech ok number alway notic special southern littl feel attack race,0
meet remind budget review plan find fight space war much drive south respons bill qualiti popul hold,0
win big click urgent click cash win offer win click show religi everi debat,1
weekli report meet almost analysi wish age form,0
meet remind report gener identifi theori network anyth singl finish detail camera firm eight consid believ deal fact religi custom skill system,0
win big offer urgent guarante cash click event wide foot measur north coach kind fight,1
limit offer urgent guarante limit guarante urgent limit offer win pay poor answer bed write,1
win big offer limit cash win urgent free urgent offer win cash offer cash win free els street red seriou enter,1
limit offer limit guarante free free offer guarante limit urgent click win cash urgent limit cash offer anyon manag put import possibl concern,1
project updat meet trade differ central citizen thought movi parent shake walk languag establish challeng top repres like safe manag,0
win big free win cash win guarante urgent free win limit free limit right near chang close mr hospit posit defens also seri pick,1
meet remind schedul share stori artist laugh attent elect return tradit democrat custom establish attack,0
meet remind report war town issu season approach author main thought throughout,0
schedul confirm meet particip onto matter car stock,0
win big click offer cash win urgent urgent cash win offer urgent limit win click team televis realiz game long everi ago,1
schedul confirm team sync profession reflect much next room futur establish dark final must weight board item serv artist model shake anyon agreement sever second,0
weekli report schedul black beauti success eat consum current major thu lead,0
urgent cliam prize cash limit cash limit cash free click offer win free learn still option mind woman model newspap explain,1
limit offer free limit guarante urgent cash urgent limit urgent cash win guarante click urgent limit cash design look caus along assum ball signific church late,1
limit offer offer cash offer limit click urgent guarante offer urgent offer middl whose feel add theori red number ball tell catch,1
limit offer free cash guarante guarante free cash limit blood area situat three nice major season deep economi lead,1
win big win free guarante click urgent limit talk agenc kid well pattern recent rememb sit,1
win big win offer guarante urgent urgent guarante cash offer limit guarante limit click offer sit shoulder allow five suggest discuss threat cut cultur everi,1
urgent cliam prize win win guarante cash guarante win guarante urgent cash click limit onto prevent quit tabl realli total suggest,1
schedul confirm schedul degre laugh reason religi talk,0
win big click free click win offer offer guarante ten chang alreadi run,1
weekli report meet call current event democrat report involv clear student next speech area artist,0
limit offer cash guarante cash win guarante offer free win free win win manag execut exist program record decad,1
meet remind schedul thousand busi variou polici nation,0
project updat budget review skill southern final bar polit intern soon exampl,0
win big urgent cash offer urgent urgent urgent urgent limit limit win free key kid babi professor market let memori effect keep ball,1
meet remind team sync benefit keep decad similar field becom sever collect describ decad realiz institut variou,0
urgent cliam prize free guarante win click limit free offer win win cash limit free guarante scene share owner son four success next,1
weekli report meet market chair reach threat seven rest main interview,0
project updat meet control artist manag buy account consid republican,0
meet remind report word light whole research far test sometim form seri,0
select urgent cash cash free guarante guarante guarante win win head far repres mr onto paper soldier religi wide social make probabl,1
limit offer win guarante urgent guarante win offer guarante cash cash cash win cash figur speak call woman yet,1
urgent cliam prize cash urgent limit guarante guarante want poor minut subject page mean staff,1
project updat meet movi entir eat take person move singl section qualiti system bit els collect popular develop thank,0
project updat budget review interview intern age agre suggest,0
schedul confirm meet letter need gun forget foot set outsid check machin militari realiti kind,0
meet remind meet attent wear kitchen type thank also shake product develop,0
limit offer win click click urgent click win guarante cash limit win win cash cash fund degre draw comput group spend serv sing repres set fact school collect,1
urgent cliam prize click cash guarante limit click offer urgent cash offer guarante cash spend statement wrong term discov,1
urgent cliam prize offer limit limit guarante limit click urgent cash affect sign foreign size reduc practic process pictur accept western,1
urgent cliam prize guarante win urgent guarante win guarante win free offer offer guarante whatev knowledg compani war door action necessari break beauti hear,1
schedul confirm schedul whole behavior recent commun alon morn five mention radio behind great turn thing tax much,0
project updat schedul avail court person hear institut give group real charg goal understand languag compani stay tradit student threat readi earli school indic imagin elect,0
schedul confirm schedul four young democrat clearli peac ten good way win five,0
win big win win limit click click area hospit old certain hot dark strong anyth street,1
win big limit offer guarante win urgent urgent free urgent click limit click pm sea effect defens condit second fall item,1
limit offer click limit offer win offer click guarante urgent board summer could life partner next whether protect rather parent must entir,1
schedul confirm report finish meet gener ga differ american care student form news confer consum peac first street,0
weekli report project updat project dinner almost ten special late need see staff product agreement anim away,0
meet remind report health use better reduc famili manag cost statement measur,0
meet remind report rememb wish music easi forward specif,0
limit offer urgent cash cash win click offer seat lot sister current soon becom bill rock,1
weekli report schedul televis board radio peac concern recogn doctor build hour pm public guess let,0
urgent cliam prize limit click win offer cash institut later ga properti heavi,1
weekli report budget review eat rule action bank case project mouth cultur seat price summer student wind month bit resourc oil,0
urgent cliam prize urgent guarante urgent win urgent cash urgent free cash cash free cash win guarante offer technolog need cell much space view eight report,1
meet remind budget review soon leg friend report box race lose station,0
project updat schedul capit social manag use full trip protect still mouth world case vote everyth talk half realiz size,0
weekli report meet interest seem reflect social colleg design articl role appear enjoy magazin eye,0
meet remind schedul line modern truth offici talk moment republican receiv check answer case member spend materi answer woman ten boy audienc describ best,0
weekli report schedul street member campaign agreement site tri within feel properti identifi cours letter serv turn hour simpl father product someon air ball east earli,0
schedul confirm project updat actual republican bring part green trip whole believ least pm fact indic,0
win big offer free limit cash win free limit urgent free click total ask clear wear short later insid,1
limit offer click cash offer urgent win limit limit front dinner like note benefit,1
urgent cliam prize offer cash cash limit limit fast interest rise medic exist sometim execut cultur window hope,1
meet remind schedul safe friend entir includ ever reach goal surfac,0
project updat schedul true great market shoulder third run practic sport sell anim offic bit presid section voic phone,0
schedul confirm meet make dinner offici,0
weekli report meet three use newspap note event ball black account dinner fight door,0
urgent cliam prize win click win free cash popular throughout seri less away difficult item effort soldier quickli,1
meet remind team sync cell consid famili nearli late vote fill note news action set final tough scientist stage,0
limit offer free cash offer free offer deal western goal per profession day adult,1
win big urgent guarante guarante offer cash offer offer cash free list everyth paint fight north statement easi low well none,1
meet remind meet sit other though man capit alway outsid factor,0
schedul confirm team sync fli suddenli choic seem along citizen train suddenli account size visit respons among protect natur modern,0
select urgent limit guarante urgent urgent click free click guarante limit win click sister major carri girl major share invest throughout left,1
meet remind budget review send posit idea focu servic address invest worker instead pattern,0
select cash urgent free urgent offer urgent guarante limit win offer click click free debat stay structur accept perform arriv,1
select click free win click limit click offer offer cash offer free limit limit bill parent shoulder manag economi follow analysi argu,1
project updat team sync modern ground mind mayb subject whose respond perform build partner sever land dream repres law pick fish,0
weekli report report fall valu student dinner note support beyond usual eight,0
schedul confirm meet billion find properti none pick administr view thu citi commerci,0
schedul confirm schedul rise pretti light stock work togeth base seven properti republican us,0
select guarante cash offer free cash offer free click say suggest teacher develop box call wait,1
project updat budget review know job attack shoulder claim next leader individu public coupl fli inform great speak pass possibl meet,0
meet remind budget review game leg resourc bag debat writer tax sometim note perhap daughter read moment bodi certain sister energi actual foreign,0
meet remind report charg second certain million attent quickli scene effort happen,0
meet remind project updat long imagin languag player back page sever abl sing thousand fast author kind collect rememb,0
limit offer guarante click cash offer free free urgent win offer limit offer differ cost soldier camera young area money black invest,1
weekli report report data set beat relationship cell busi insid plan valu,0
schedul confirm project updat thu drug everyon drop offer simpl total caus take pm industri control,0
project updat schedul accept music fine window special real requir,0
urgent cliam prize urgent guarante cash offer guarante win cash free win free brother world execut worri lawyer despit threat allow first other black,1
meet remind schedul pull rais movement expect stori morn cost case servic cell although full,0
project updat report name seriou reduc rock major road daughter book light campaign readi practic medic young director north audienc,0
select win cash win guarante offer guarante win win abil presid skill tree finish yard show abil speak kid upon,1
select guarante guarante click click win cash click cash free offer click urgent urgent cash click interest somebodi societi expert lay church miss central station peopl,1
weekli report project updat show simpl task two differ seat free loss food laugh board offic,0
win big limit offer limit offer urgent limit offer guarante cash offer win win limit question seat agreement hand messag question suggest,1
project updat report order control inde determin bring check movi hair sport,0
select limit free click win guarante guarante win click cash huge citi rather ahead feel partner properti instead term,1
schedul confirm team sync human interest futur career room imagin posit special paint sport degre togeth,0
schedul confirm project updat gener great weight thing charact certain well region face particular smile hard reduc quit budget,0
meet remind project updat compar coach five human product bag religi talk wait,0
schedul confirm meet author dinner notic answer learn suddenli vote hold class individu,0
meet remind team sync drug song guy either describ understand admit top last explain,0
meet remind team sync standard much center church region ago must best morn short,0
win big win win guarante click limit gener world trial experi meet score,1
limit offer free urgent win free win urgent offer offer click click win urgent limit board tv spring provid affect often third wife,1
win big guarante win win win limit urgent offer limit cash guarante free win guarante limit click team sinc social common among activ ga,1
limit offer offer win offer limit offer urgent click scientist fact govern rise worker head walk stock suddenli pretti,1
schedul confirm project updat sourc late worri loss test manag,0
meet remind budget review red seriou interview yet natur parti nation almost term employe save despit somebodi,0
schedul confirm report model newspap execut yeah rememb job pull pretti join,0
select limit cash urgent win offer guarante win guarante guarante guarante limit urgent tri high wide return final collect articl,1
select free click win urgent offer guarante win cash guarante click limit limit win interest drop heavi presid report road peac section standard,1
win big offer win cash free urgent free limit click urgent guarante limit urgent televis protect tabl job fight hous receiv human figur natur offici key agre dog,1
select win urgent free win urgent bag late right trade artist sell form talk,1
urgent cliam prize win guarante offer urgent win guarante free limit limit marriag exist carri posit republican opportun mission,1
weekli report project updat road agent usual capit wonder,0
schedul confirm schedul rais year mr turn tri gener whose build natur current north second factor public like,0
schedul confirm meet sound note dinner remain note land class posit return one check,0
weekli report project updat least inde throw necessari interest person wait someth move involv nice four three produc forc invest drive practic oil risk,0
schedul confirm budget review suggest pay leg million interview financi half effort citizen american best bring fall page situat turn sport,0
select guarante cash win cash cash limit free offer win win worker hotel contain medic go stage elect teach,1
limit offer limit win win cash limit limit limit win guarante click limit click click cash offer late reason ahead north remain pick new hard lose white,1
project updat meet democrat democrat prevent special threat account pretti anoth tabl,0
weekli report schedul near simpli agre north civil red skill administr quit daughter still ga husband,0
project updat budget review tabl central author worri standard compar indic industri simpl bank give common boy public wife,0
weekli report report next worri organ may stuff offic read everybodi set support impact analysi expert effort open think social,0
project updat project updat someth studi discuss lot fear public stuff white wait fast often case use necessari determin truth invest exactli maintain edg turn,0
meet remind project updat true anyth miss fall hotel agenc school guess poor manag line part return sort institut around ground attack toward senior thousand,0
schedul confirm team sync activ none signific middl way despit,0
urgent cliam prize cash limit free offer win big grow presid ok,1
schedul confirm report famili even capit sing maintain rememb laugh product tree like coupl sourc polic,0
project updat schedul first even know suddenli center new ga receiv includ key coach space garden imagin white special,0
win big free click urgent win cash offer offer win guarante offer urgent limit cash win singl may use lot one minut art,1
meet remind project updat democrat final servic strong author assum coach game quickli central histori either fall other opportun,0
weekli report schedul success side full issu front western stop word near paper vote rule attorney front valu,0
schedul confirm meet medic learn outsid though rang mr score improv presid magazin,0
weekli report schedul behavior life wrong spring system act lay memori,0
select guarante cash click click urgent contain guy four want pick give decid,1
schedul confirm budget review begin onto paper present current heavi individu recogn piec catch fall rule box order,0
urgent cliam prize win offer free urgent limit win offer either man enjoy enough instead cover around polici blood stock,1
meet remind budget review civil scientist hit wall age town key cours green,0
schedul confirm project updat bring rich meet manag remain hand machin,0
select urgent free limit click limit guarante free profession particularli reason particular section prevent realiz look well histori note,1
schedul confirm report similar sign stage,0
meet remind meet alon religi reduc wish product close,0
meet remind meet avail eye intern improv true never brother prevent presid share somebodi live size man edg industri,0
urgent cliam prize cash offer limit guarante guarante click win guarante urgent free wide plan els evid reason commerci well role wind,1
schedul confirm meet wear commerci woman even media age campaign call,0
urgent cliam prize cash offer offer urgent cash urgent click structur order elect rememb consum old heavi whose million remain,1
weekli report project updat degre beyond like woman receiv necessari type,0
project updat team sync other coupl includ trial compar spend six fear whether tax cultur price cut gun join social hair line languag address court,0
weekli report report last offer field common paper whose howev recogn think respons treatment better six best,0
project updat report right compar court rais pull exampl ahead certainli challeng letter two option prepar usual last ok letter,0
urgent cliam prize cash guarante offer win limit win free guarante urgent cash win first build trial soldier suddenli gener,1
urgent cliam prize cash win cash win limit urgent urgent limit offer far though note life station door,1
select click offer win offer urgent guarante free urgent limit limit urgent win staff natur becom could box member deep take child parent fish,1
project updat budget review movi direct market speak activ sourc build thousand support student custom,0
limit offer cash urgent offer limit offer cash guarante break group catch increas decad particularli expert impact mother,1
select guarante urgent limit offer cash cash free offer win cash free free arm choos militari structur want professor,1
schedul confirm meet suggest decis mr indic tell foot tough show hope,0
schedul confirm meet congress race field industri smile requir allow,0
select win offer click guarante click offer cash free offer click guarante cash get societi child fast tend,1
weekli report team sync reflect clearli improv son servic treatment rais coach section high dog creat,0
urgent cliam prize free free limit cash win click limit win cash offer offer limit urgent offer click pass ever foot save middl expert pm common maintain materi,1
urgent cliam prize offer cash urgent click offer free limit click limit limit click win central wish scienc countri consid weight hospit issu region run popular,1
schedul confirm team sync offic abl site show whether crime inform crime ten drug blue truth stock product yet charg,0
select urgent limit cash free click guarante free click limit urgent cover success radio everi creat line,1
project updat report enough page star employe troubl fli reach scienc colleg feder show truth kid,0
meet remind meet air hand relationship reach fine score wonder project enter whatev,0
schedul confirm meet movi state order natur treat clear share week without song home stock,0
win big limit win guarante urgent urgent guarante guarante click limit free offer urgent limit student exampl impact difficult knowledg offici ground million,1
urgent cliam prize click free offer win limit cash click limit offer offer cash free win none hair professor cost pull good confer gener consum,1
schedul confirm meet long cover law give rais consum kid fli,0
limit offer urgent limit free win click guarante click limit urgent offer free seek mind noth countri read opportun religi would improv pressur field worri,1
urgent cliam prize guarante urgent offer guarante offer guarante guarante trial section firm possibl polici,1
win big guarante win click cash win limit urgent offer urgent click urgent urgent win cash urgent wind individu break third perform alway,1
meet remind meet ever seri player claim clearli pick year teacher ahead recogn respons,0
urgent cliam prize cash free limit guarante cash quickli babi pull forget method leader west,1
project updat report comput magazin debat step economi tough dream beat offer address,0
schedul confirm budget review leav field describ owner certain person bag,0
project updat project updat differ popular small institut easi relat team door thought person attorney anim term,0
weekli report schedul affect us say suggest exampl eight employe mind turn option stage level instead arm wrong movi polici sing onto,0
schedul confirm report brother custom network law law visit process land scienc light blue last civil high sinc offici,0
urgent cliam prize cash cash urgent guarante click exactli entir admit ga center despit quickli despit front,1
urgent cliam prize limit cash urgent cash limit click cash guarante allow feel tv presid beauti tend past discuss seem station test staff,1
weekli report project updat reflect white guy share hold market reflect director,0
meet remind project updat billion world perform sell tradit record forward news car level,0
urgent cliam prize win urgent urgent offer offer win click guarante woman instead best concern toward anoth among sure contain,1
weekli report report train paint town worker minut mother play differ wear exist rise teacher break pressur american wind spend speak explain wall social,0
select limit click free guarante offer win guarante limit cash win win click urgent win everyth staff sign reduc offic subject seri sure loss employe,1
urgent cliam prize urgent urgent win cash offer free foreign organ pattern right tell singl decid,1
schedul confirm team sync particip troubl medic structur risk bar sure moment militari call floor cultur cut fli suggest whole expert,0
meet remind team sync mani sing choic prevent lay affect direct exampl statement last land help recogn view four deep book nation radio,0
project updat team sync impact necessari good polit cost senior repres bit,0
win big click guarante click click click cash limit guarante stop anim oper game listen necessari candid,1
win big urgent urgent cash click limit limit limit urgent cash limit media blue song page lay school market,1
meet remind project updat moment nation usual grow case last us throw forc rather,0
meet remind schedul train middl region goal accept wonder mention simpli box writer radio discuss yet task,0
schedul confirm project updat success modern seem explain secur beat open arm seri test institut firm,0
win big offer limit offer win limit valu even tell enough pattern natur boy see resourc tv,1
limit offer win click free cash offer urgent guy girl stori surfac mother bill mayb similar noth everi still,1
schedul confirm budget review eat feel develop truth break describ clearli word cours develop fund open determin without,0
select offer offer limit free guarante cash urgent guarante limit click small amount parti realiz lead natur wonder name discuss kitchen hospit,1
meet remind report research spend eat also author make adult republican,0
limit offer click free cash click click click free click urgent limit limit cash cash rest late amount line idea wife stay fill fli perform,1
schedul confirm project updat import area offer risk outsid understand author easi heavi wall morn,0
win big urgent free free cash urgent click offer cash limit cover firm behind car report born rise bill tradit ten eight sourc,1
urgent cliam prize guarante urgent guarante offer cash offer win click urgent click urgent free click win guarante tri tell stand member join money profession,1
meet remind budget review seri well nation could lot anoth truth parti wife challeng start citizen,0
win big guarante limit win limit cash win click win click describ enjoy true alway pictur,1
schedul confirm schedul polic child play hit congress drug paint civil hot custom yard south place scene technolog,0
select cash cash urgent free free click free ye unit rais tonight method perform less colleg rememb wife valu appli,1
select win cash click guarante win click win click free sound ten process suffer list doctor main,1
win big free limit free cash cash free cash head anoth per serv bodi work,1
schedul confirm meet take ground effect sell three shake ground student window decad,0
project updat report rais figur brother confer deep behind human concern order need societi,0
urgent cliam prize urgent win click click limit local particip peopl place join fast,1
select win offer free free urgent click cash limit free cash urgent guarante cash win guarante wife blood student hit treatment risk thank onto govern,1
meet remind project updat presid right role trip far senior hand yard religi modern,0
weekli report budget review sea court commun season risk happi ground analysi expert camera prepar size film word make loss meet eight member purpos,0
schedul confirm schedul fast month stock ask recent degre shake,0
limit offer offer win click free urgent cash effort summer network address enter memori relat challeng improv book,1
win big win urgent offer free guarante cash free offer guarante eight compani head wall join success camera pick term away keep,1
weekli report budget review western expect fine paper beauti statement,0
weekli report team sync job strategi respond set rais larg learn energi method direct day son network boy natur,0
project updat meet seven improv take store rock mother hit televis hour let owner interview vote popul design see month section would dinner color goal great opportun,0
weekli report meet job state educ kid fact keep player draw,0
select urgent cash offer guarante guarante urgent alreadi close differ strategi return tough peac polic might prevent,1
project updat team sync visit present add whose produc wish ball star pick ye per part bad presid hot around,0
limit offer click win free cash urgent click win click click limit arm ever seat natur total daughter glass signific street today,1
urgent cliam prize win free limit offer click cash urgent offer free win guarante limit offer win click would glass commerci two eye husband defens film decid avoid,1
select limit urgent free guarante urgent free click offer rang wear event focu person drop reach compani write,1
meet remind team sync moment unit leg compani player babi born seriou move,0
weekli report report author form professor strategi agent knowledg charact,0
project updat schedul analysi lawyer report short sometim rule includ offici whose attent physic garden spring attack weight natur,0
weekli report meet brother modern train trip note recogn histori last usual confer activ right spring provid wait environment offici strategi,0
meet remind schedul speak team price meet scene land let goal inform stand sens hand commun cut point tv film cup collect execut put game friend report,0
weekli report schedul drop door idea feel rich collect,0
win big urgent urgent guarante click guarante limit win avoid present plan popul inform street attack recent,1
schedul confirm project updat dog move plant prevent strategi face rang compani film upon lead import human economi,0
weekli report meet train polici director gener three scientist centuri,0
limit offer urgent guarante click win urgent win limit kitchen meet late write field,1
weekli report report soon posit consid lay improv attack coach paper answer pattern prepar fire half perform need secur market leav big appear,0
schedul confirm budget review section difficult seven great measur trade recent strategi right manag,0
schedul confirm project updat realiz growth red special wind begin treat less produc militari,0
meet remind report respons remain scientist specif parti kid everyon drive hold bodi well futur take station win environ skill sell execut item,0
select limit click offer urgent limit guarante win click win free offer pattern major knowledg order fire design accept water,1
meet remind meet posit experi languag right futur detail tell identifi rang leg technolog return agre,0
limit offer offer offer urgent offer win offer free hotel black ground group rather detail five local especi physic audienc,1
limit offer cash cash limit click urgent urgent cash free offer win free cash limit ball like second minut valu health second presid tend,1
weekli report project updat speech pressur histori standard leader charg perhap paint land get sound stuff repres analysi music concern meet discuss,0
win big cash offer cash cash guarante urgent win cash offer cash win offer result five best fight station surfac bad huge,1
meet remind report hope major friend organ finish garden focu account reach sinc art best work bit land hand edg behind,0
select guarante guarante guarante cash urgent offer click win limit increas arriv keep area free onto effect draw bring put decad decis,1
schedul confirm schedul region begin american contain suffer suggest develop inde import valu,0
schedul confirm meet mr agre babi differ teach look author feder main focu loss challeng tell measur second,0
schedul confirm project updat end financi child somebodi toward machin admit specif recent suddenli report game hear research upon happen member everyon,0
project updat schedul anyon measur report happen seri wife top realiti oil left congress ask daughter eight ga,0
schedul confirm report nearli final pressur less model friend stand news,0
meet remind budget review wonder pictur insid sometim protect support heavi question,0
meet remind budget review network qualiti go stop person last,0
project updat schedul tend us mani tough live rais marriag bit beat new cup modern purpos follow long food ground shake increas sign profession,0
meet remind report reveal past find subject air suggest senior green almost abil build health number,0
meet remind schedul meet build comput foreign face school occur game,0
schedul confirm schedul social month paper must perhap involv particular also,0
win big urgent free limit urgent cash guarante urgent guarante offer guarante hair fire movement amount bank draw cover,1
weekli report meet plant job address send card half group bill green clear someth exist fast environment visit,0
project updat project updat alon better call join dark posit listen energi requir elect view fund coach,0
win big guarante cash click click offer urgent guarante win win offer offer street follow break sever note rock speech carri,1
schedul confirm report concern creat realli financi recent carri nation five somebodi nation dinner drug job quickli hour wear reveal world bodi friend local run attack,0
schedul confirm report million reveal model sister,0
schedul confirm team sync piec laugh,0
schedul confirm schedul book medic democrat figur green kitchen may piec style begin idea hit employe polici quit consum,0
select offer win cash win click urgent free urgent guarante guarante win sing speech research describ student seek,1
select free offer cash guarante offer behavior woman readi expert charact cold trade race impact interest,1
win big limit free guarante cash cash young see enough late blood present someon anyth,1
schedul confirm team sync east econom miss read mayb manag howev choic establish finish,0
urgent cliam prize limit win click cash click level audienc stand improv eye claim build activ half,1
project updat report kitchen two note,0
schedul confirm report larg pictur strong peac similar check protect televis born piec,0
schedul confirm report network artist might care wait still phone ever sell style major whatev rate train,0
meet remind report job market half pay tough social bank civil thank stop network,0
schedul confirm budget review listen week number financi simpl anyon tax,0
select free limit free win win limit offer win pictur away visit war tend school attack shake,1
meet remind meet determin central hear almost best still recent,0
limit offer limit win click win limit free urgent urgent urgent woman heart dog whole firm western least nearli,1
meet remind meet author particip process shoulder candid read measur give congress surfac well task,0
schedul confirm schedul argu increas design occur brother close structur treat analysi,0
schedul confirm project updat presid respons fear tonight way give almost servic factor let reveal smile mention,0
project updat budget review effort fill fall name difficult one particip form forward thought admit centuri,0
project updat project updat behavior notic station serv cultur think back state train special food floor last almost condit control thousand skill,0
schedul confirm project updat anyth import attent avail heavi old food ago,0
limit offer free limit click win urgent click cash cash click free guarante doctor buy blue stop reveal west,1
weekli report meet class never instead window person particularli allow signific could,0
project updat budget review voic similar studi clearli near seri method argu sourc six simpl summer wear,0
meet remind meet art mr cost ask bag chang might,0
schedul confirm budget review govern threat song sea huge million,0
project updat project updat success play like economi white would abl ground show song secur,0
select offer offer free limit win win cash member art player hold confer build new feder,1
select urgent win limit offer win cash guarante win win free limit guarante guarante offer urgent abil offici analysi effort fact physic top cold govern,1
project updat report receiv commun agreement candid,0
meet remind report bodi answer continu,0
select win free click limit win urgent collect break could american manag,1
meet remind project updat usual eight land easi meet notic rather chair bit identifi major civil artist,0
select offer offer guarante win guarante free process especi sure televis soldier happen score white game,1
weekli report team sync suggest sit writer differ happen region letter realiti custom nice discuss tough cut although day throw seem,0
project updat schedul parent spring woman style care realiti whose night close valu although send six guess team main build collect maintain newspap writer page author hand,0
meet remind budget review pressur huge later best time stage father prove militari visit busi rais,0
meet remind project updat eat tradit american know environ protect leader fire moment big professor side execut financi attack cup abl parti camera,0
limit offer cash offer limit guarante cash free guarante offer everyon month thu usual scienc air star must tree hold,1
select offer limit free cash guarante free free offer urgent click offer cash click especi custom left success fast compar player earli health firm strong,1
meet remind budget review shoulder per news strong lot although send west includ begin past,0
schedul confirm meet whatev person draw result scene thu wrong rememb languag sign letter attorney rise bit wrong prepar true effort democrat four,0
project updat schedul window attack describ alreadi thousand seriou remain oil either cultur high onto polit,0
select urgent click offer free free offer click front easi relat gener friend room practic agreement past job let,1
limit offer offer urgent free guarante limit free limit free offer urgent cash hear mean mother imag later local human caus network life,1
project updat team sync station impact describ civil author hit specif pull task structur realiz radio sing,0
select win cash limit free offer offer thousand without husband interest allow,1
weekli report project updat boy key see real piec mayb would amount return use differ total,0
select cash click win click offer click writer local environ campaign famili plan medic hair,1
weekli report meet seat scientist room address surfac send sea end admit magazin wife art continu poor bit intern,0
win big click offer cash limit limit offer urgent win click limit senior door requir colleg leav natur western chang,1
meet remind budget review commun histori leader dark fast base goal great quickli oper appli sell current ye thought close question sever shake shake,0
schedul confirm report anyth record modern charact girl time polit person hear region protect end inform,0
project updat schedul centuri offic reflect,0
schedul confirm meet writer whatev even end cultur movi prevent provid leader seem,0
win big limit urgent limit guarante offer limit manag well brother fall assum outsid style,1
schedul confirm report true histori alway reveal clear build everi everi worker impact face medic meet base prove attorney,0
schedul confirm meet famili opportun unit capit peac discuss nation import coupl four sometim,0
weekli report schedul strategi exactli exampl run whatev know differ particular least land last candid drug finish condit set sister,0
meet remind report chair everyon maintain speech deep oil civil prove radio,0
urgent cliam prize click win offer offer cash limit click limit cash urgent free base pay govern wrong heavi hit even anyon,1
meet remind report close middl languag best author ga smile store pick usual republican theori walk religi food oil time black,0
limit offer offer free win offer offer free click cash offer click limit guarante offer free urgent day million hair pictur line draw chair feel floor futur,1
select win offer limit cash urgent offer big discov enjoy design small network rise tax deal join,1
weekli report report sinc especi collect throw send noth guess action languag see,0
win big offer free limit cash offer cash offer civil mission court deep loss scientist need first ago lead citi materi,1
limit offer urgent limit free offer click win offer free free click click free guarante offer urgent alway protect common noth cold hour improv bar success,1
schedul confirm meet set spring coupl call site report pattern may valu page natur buy provid experi main reduc ask,0
win big win guarante click offer urgent guarante offer guarante guarante cash urgent offer ground bodi region gener anyon public alreadi enjoy popular walk theori,1
meet remind budget review magazin free everybodi involv possibl support writer lay garden individu famili,0
urgent cliam prize limit click offer cash win page law free affect song dream green polic author goal establish,1
win big limit win limit free offer cash urgent properti exist one threat free goal profession hundr environment near hair inde,1
project updat schedul notic arm leav exactli deep popul watch rather indic reason,0
meet remind budget review team cell line particip along tri beat control cost set green alway administr movement usual,0
weekli report report fight minut analysi find offic type perform intern term show ahead maintain drug music get pull week kid enter mr els,0
select cash click cash free cash offer talk although protect histori thousand econom memori thank occur congress cours,1
select win offer urgent urgent free win free guarante free win peac kitchen popular experi easi,1
meet remind report step member leav somebodi thing total catch prevent perform senior worri hold chair,0
project updat schedul high structur artist behavior skill discuss report happi son person identifi marriag differ thank blood,0
schedul confirm team sync insid fall quickli goal middl member drug father collect man,0
project updat report happen decad drug avoid creat least fish hous offer radio big,0
win big offer urgent limit urgent guarante urgent guarante win guarante guarante free guarante guarante spring start part offic practic chanc tough draw increas,1
select free cash urgent offer offer win urgent urgent term power still fight great magazin somebodi church materi per protect,1
meet remind meet challeng build option still agre quickli offic abl local six mention,0
limit offer guarante urgent offer click click urgent free free click guarante click free limit offer offer moment task life newspap travel rule serv stuff hard,1
urgent cliam prize urgent guarante free urgent urgent click guarante offer guarante urgent offer democrat certain presid court share care sound main certainli,1
project updat budget review market discuss term drive word,0
urgent cliam prize urgent urgent offer guarante urgent win guarante win free limit win guarante listen sourc power cultur troubl stuff contain,1
limit offer win free guarante click cash win offer guarante urgent cash nation languag voic interview woman wind centuri member alway,1
select free win free guarante click urgent free win click offer win click limit accept event care piec research offici ball difficult,1
weekli report schedul onto time chair turn noth head develop elect hard offic rate send,0
urgent cliam prize guarante win urgent win offer urgent free cash offer sometim babi food bodi show room behind,1
urgent cliam prize win win urgent free offer offer offer guarante limit limit real seri economi term citizen agre art visit popular lay relationship,1
meet remind team sync american commun colleg form particip coach choic would begin whether citizen deal custom,0
meet remind report health sell scene singl ye leav east though eye writer indic,0
schedul confirm project updat foot interest region treatment staff whatev standard measur catch concern economi writer color save kitchen despit plan,0
schedul confirm schedul deal ga ye amount larg network hear star polic idea sound approach girl make,0
project updat budget review fall offici camera race save red result expert nation next son lay beat card like candid,0
schedul confirm meet instead base especi detail ahead measur time cell us manag,0
project updat budget review section five bill citizen red part system commun admit control challeng develop truth view,0
win big offer guarante limit click click win guarante urgent cash offer offer win click perhap research signific lay major late,1
urgent cliam prize win win click click urgent win click click limit free win cash cash guarante free analysi grow court full agent ahead servic central,1
schedul confirm report throw necessari western program determin hard half trip use miss ball agreement,0
project updat budget review film air result ever marriag decid strategi famili way role alway valu usual sit suggest world feel focu return make fear,0
schedul confirm meet five learn imag skill manag mr heavi ahead,0
win big win offer free guarante offer limit click cash guarante offer limit click everybodi respons daughter intern polic thank,1
meet remind budget review skin citi six develop car head later opportun custom hold yard particularli success like bring leg,0
select urgent guarante win cash guarante urgent win free offer cash win offer win cash book child futur put speak theori,1
weekli report team sync togeth thing also front want cup head sometim far support campaign financi rich simpl special part,0
project updat report peac attent art polic tax administr wrong former posit form either militari,0
schedul confirm schedul gener smile sure futur much increas guess sing join,0
project updat team sync data religi figur agre data occur usual sometim,0
select click click free free win guarante win free guarante win guarante offer click win free someth far wide last amount,1
weekli report report agent hotel ok natur rang project like lead realli act mother accept voic produc voic war,0
select urgent guarante free urgent urgent win part involv employe polici wide feder cost listen window perform,1
limit offer urgent click urgent free offer offer urgent win win urgent limit urgent beauti realiz congress everybodi religi final variou church,1
select urgent win urgent limit cash guarante win guarante win cash limit win win rather kid finish new season organ,1
select urgent win limit urgent guarante guarante free click limit free free click free offer indic serv trade true moment old secur,1
select offer cash cash limit urgent guarante click limit win offer best someon never servic upon per note religi expect subject play,1
urgent cliam prize click guarante win offer guarante cash limit easi job last describ father trip mention singl adult,1
select win limit click cash click urgent offer free guarante centuri total short alway sure capit sens play star,1
win big guarante limit click cash offer win win win free limit cash cash ever accord record page throw much popul analysi recent offic,1
weekli report team sync run program water read abil cultur wait civil cours other leav site break hard moment sing,0
meet remind team sync govern simpli issu colleg impact final respons magazin ahead floor entir sign posit person suddenli,0
win big free guarante urgent click offer agreement tv late certain also build take peopl somebodi,1
limit offer click urgent offer limit offer cash offer click guarante click click offer tax accord produc cover side ago develop busi design like,1
weekli report project updat three head five polici singl get begin presid lead charact side pictur movi dark insid interest catch,0
select urgent urgent guarante win guarante cash guarante wall process hundr import futur could respond pictur number,1
win big click free win win guarante guarante click earli speech somebodi find dinner individu author,1
win big cash limit urgent win offer republican everi number mind simpli,1
project updat budget review manag east receiv agent put boy defens process world point seriou,0
urgent cliam prize urgent offer click urgent free win guarante guarante click guarante guarante great walk becom son certain within sinc fli,1
project updat team sync seat class evid share act increas third truth chair busi languag clear experi televis night individu foot space major,0
project updat report case must analysi suggest senior air machin summer claim poor somebodi seriou feel pay set win seri,0
limit offer offer free offer click free offer win free offer click win free inde medic pm three foot sign fact commun director late major explain,1
select urgent limit win click offer limit environ oper provid wall,1
urgent cliam prize win offer click cash cash click free free urgent urgent guarante free plan surfac board resourc posit shoulder name citizen yeah,1
project updat report suddenli final move real reflect wall sens almost,0
project updat team sync laugh check student pattern anim money present imagin surfac back,0
schedul confirm meet prove prove person oil manag without success administr thought agreement stop,0
schedul confirm report profession produc around abil contain street teach,0
urgent cliam prize offer click urgent free free cash offer job usual best pay meet approach plant control process memori southern,1
weekli report meet hot edg feel although great unit certain cultur colleg social environment enough town confer whole door,0
schedul confirm schedul car radio whole someth whole rather network make presid much manag talk organ,0
urgent cliam prize urgent guarante limit guarante free click urgent urgent person join onto easi develop goal tell actual glass thought think,1
win big limit guarante win offer win guarante offer offer cash limit limit free black air theori decid mention color result store,1
meet remind budget review write recogn guy messag thing much though play focu day difficult matter case requir direct,0
win big offer free free click offer offer cash click free urgent click opportun happi bodi anyth sister togeth citi floor everi enough,1
select win limit win win cash click cash limit win click limit limit urgent guarante care lose econom add program paint scientist agre intern suffer,1
select cash offer win click cash win expert despit father light media mean appli,1
schedul confirm budget review want feel administr perform home cultur put whose stori common abl item road heart,0
schedul confirm meet situat paint east littl leg differ ga statement plant employe add coach task size,0
project updat budget review deal exactli decad debat parti indic perform capit,0
meet remind schedul econom guy writer act polici bit view imag anoth author record region yet lose nation standard son red,0
weekli report report face consum administr page upon financi turn goal worker,0
project updat schedul born style less futur two form month report bank health attorney night feel reach land church take market discov paint creat dream professor best tough citi,0
select limit win limit win free click offer cash win offer offer guarante offer urgent key treatment move point without never fight centuri repres prove space,1
weekli report meet right opportun star evid admit pictur suggest challeng could game,0
win big limit urgent cash guarante guarante urgent might black issu power area enjoy real everyon,1
weekli report project updat chanc effect technolog posit speak show might ground camera intern pick hold anyth cold expert hit,0
weekli report schedul color rest power,0
meet remind schedul central guy close financi window father today meet question notic worri clearli run laugh side,0
weekli report team sync rate stock hot effect board across decis even walk,0
win big limit guarante win limit win guarante free limit fast ever process hit hous final pick indic market languag relat,1
urgent cliam prize win urgent cash guarante cash offer offer limit free click cash statement mother sens beat newspap also morn,1
win big cash limit guarante limit guarante offer free free cash win guarante urgent free base night speech week produc prove,1
limit offer cash cash offer limit free offer urgent win urgent offer click limit click urgent guarante actual whether product garden republican want us creat boy mean leav,1
win big win cash free click click southern earli specif work air larg noth execut certainli,1
weekli report budget review record consid season want travel manag despit board recogn,0
weekli report meet thought cours hand paint drop give histori least attent ask seat singl repres leader,0
meet remind team sync charg make affect old street market babi republican action cours,0
weekli report budget review offic play cours better section describ green indic,0
limit offer urgent urgent limit free click guarante guarante voic nation chang structur despit guess congress red best sure use abil,1
select offer cash free offer click urgent alreadi speech charg issu turn open,1
schedul confirm meet discuss heavi,0
limit offer free urgent click click offer limit win guarante accord long sport insid role run prove option movi part instead,1
schedul confirm schedul end creat movi understand push citizen throughout laugh manag anim statement nice star,0
weekli report project updat part eat fund realiz thought nation other art last,0
weekli report team sync point second peac practic smile secur vote sing mayb local yet draw past husband coupl think send detail employe food month voic,0
project updat budget review enough pressur peopl,0
select urgent win click offer free click offer limit guarante guarante cash three industri road seriou posit measur,1
schedul confirm report manag languag trial work exist exampl friend cup american tri stand organ although mission howev left,0
win big click offer guarante urgent free urgent cash guarante fire profession wife differ noth comput line model,1
meet remind schedul old alway everyon water model mr everyth,0
meet remind team sync church low hope cours garden repres day campaign lead quickli stori stand return fill upon,0
schedul confirm team sync realli toward identifi three main life like establish wear even requir sell wife practic,0
weekli report report star suddenli variou appli loss clearli rock catch earli end year agent piec far task,0
meet remind project updat southern drug think memori posit eight director hit set matter,0
meet remind team sync someon qualiti beyond either write fill parti mother perform room beauti gener,0
project updat meet outsid hair everyth six even countri law opportun serv case old sign room cup man stock soon,0
urgent cliam prize urgent offer offer urgent guarante click urgent limit free cash offer offer ball adult certainli owner provid pass forc respond professor grow,1
win big win limit urgent win guarante urgent limit cash win free free time eye skill fall parent state current person,1
win big guarante click free limit guarante win cash guarante urgent cash click guarante urgent guarante suggest give among respons art properti properti hotel hot return,1
urgent cliam prize free win free urgent offer guarante cash free urgent cash guarante limit offer cash thought shake less happi bar star market suddenli fight organ describ earli,1
win big click limit win offer cash click urgent free site skill buy partner imag,1
schedul confirm report threat class share approach car whole build rise woman prevent requir,0
schedul confirm team sync later specif make threat inform nation later goal cultur write busi situat former black produc,0
schedul confirm meet throughout laugh sound direct lead garden alon water activ late doctor staff sens wall bank school,0
schedul confirm team sync treatment live shake sure suggest miss teacher alon,0
meet remind project updat option democrat us matter identifi place want gener wonder,0
limit offer guarante click urgent guarante click guarante limit limit cash offer offer limit click focu offic world assum notic scientist method put test,1
urgent cliam prize offer click cash free guarante father eat abl howev senior,1
schedul confirm report less learn modern mr night south,0
select win offer click urgent limit limit cash recent bad idea expect pictur economi must carri,1
weekli report meet newspap offer organ second beat travel ten religi hospit knowledg call heavi effort low wrong kid drive,0
schedul confirm team sync improv discuss intern forget memori wear mention fish scienc moment impact citizen color hand enjoy appli set look provid receiv drive common sort,0
win big win offer offer urgent urgent guarante cash win urgent present manag consum detail decis,1
win big win free urgent urgent free win guarante urgent free click free urgent limit free thing add number summer troubl factor happen sort great,1
schedul confirm project updat camera particularli necessari top low friend challeng ye subject take dream mean mother fish societi south around,0
schedul confirm schedul sport talk question believ build includ call physic happen feel summer reach knowledg attent avoid profession person figur happi,0
weekli report schedul staff rest thu seek year audienc beauti road messag white,0
urgent cliam prize click limit offer limit offer cash click limit three air region imag feder worri,1
schedul confirm budget review day measur alon decad account get left church sourc,0
win big urgent guarante free click click live trip second push american appear type six administr also,1
win big guarante urgent guarante guarante guarante urgent offer properti author card fund manag dog tax clear,1
select win cash offer win free limit win limit guarante cash cash cash everybodi comput countri piec reflect sometim soon bar institut,1
weekli report budget review central develop dinner respons hospit shoulder agre worker despit behavior father,0
meet remind meet public past key data see materi let line well color bad boy,0
project updat schedul year reach success new even wear loss spend sometim mean commerci,0
project updat report environment cultur issu job upon recent hear seri home keep,0
meet remind meet subject world offici guy interview custom look focu style job color polici technolog send,0
meet remind project updat get understand measur sing floor hard news activ admit number time,0
meet remind budget review late bit thousand friend southern goal readi manag studi morn human oil person high goal sinc model increas stay,0
win big limit offer limit offer urgent free guarante free urgent limit better season troubl differ determin could join instead discov expert,1
project updat schedul small staff detail fight plant hair trade deal rais front,0
schedul confirm budget review new evid seriou soon materi budget offici factor race kitchen major beauti concern million stage look use includ,0
weekli report report imagin fire environ box treat risk structur,0
select urgent limit guarante win urgent free free limit guarante guarante win free urgent cash win war nation rise success establish natur mr wonder ga natur articl,1
weekli report budget review white western live simpl hour concern debat enter second adult dinner goal caus machin realiti,0
meet remind project updat practic everybodi among well wonder open prove subject process loss card light tax,0
schedul confirm team sync even feder whole claim want tabl shake interest church place set,0
weekli report meet product camera behind man western score thu,0
project updat budget review answer think leader,0
weekli report team sync famili market seriou much song respons color necessari morn govern,0
select win offer free limit urgent click limit win limit limit guarante guarante offer notic enough growth like coach comput variou,1
schedul confirm budget review whether easi weight teacher station option campaign think chang moment home discuss foreign three even fast,0
meet remind team sync threat sing instead audienc green expect although easi cut place countri reflect war noth offic purpos,0
weekli report budget review hand compani natur anyon everyth light truth color want languag pick suddenli new,0
project updat team sync left break stuff leav within compar professor bit elect elect easi field expect skin mother alon fast music,0
weekli report team sync anim environment black like rate fund perform main variou rule agent item grow within song middl,0
project updat meet wrong speech put matter today former forward comput futur night,0
meet remind team sync show make televis laugh would seriou common face ten lead girl,0
select win offer limit urgent click limit click air poor thought impact put busi,1
schedul confirm report away hear sens place find pretti anyth southern success,0
limit offer click free limit urgent cash cash win urgent guarante cash click analysi parti movement door former chanc drive foreign box instead,1
win big guarante limit win free urgent free offer win guarante win guarante limit free urgent limit differ player model weight televis set busi alreadi power,1
weekli report team sync total note ask friend consid employe quickli present amount tree serv whose,0
win big win cash click win win wish one thousand wind becom employe practic dinner thing understand central camera think,1
win big cash win cash offer cash guarante offer natur though media alreadi exactli articl trade save law role,1
win big urgent offer win offer guarante cash click technolog institut recogn church hous actual top pm easi billion seriou born,1
win big free free free guarante win offer nation pass factor get parti consum offic statement,1
urgent cliam prize offer offer urgent offer guarante open human provid realli catch good thing focu grow audienc trial program trial,1
schedul confirm team sync per threat term local know establish issu daughter relat war yard particip cold civil respons white sure chair,0
schedul confirm report worri price hair presid never sens probabl skill consum fill republican,0
win big win click offer cash free cash click cash urgent put reflect network network song everybodi,1
project updat budget review final across across statement marriag manag pattern,0
weekli report project updat laugh produc like anyon room perform success model thought republican suddenli true prove amount radio argu american read land centuri eight,0
schedul confirm schedul citi must base part hot protect space room head day dark trip enter relat,0
limit offer win limit click cash urgent offer win click free cash guarante free limit win free continu charg matter mean tradit hear doctor everyon six,1
schedul confirm meet kitchen includ reason busi year sister inform two govern campaign pick trip bring left space,0
urgent cliam prize win free win guarante click free urgent free free click offer limit free offer understand interest pm difficult past strong form within summer miss,1
urgent cliam prize click click guarante urgent free guarante limit guarante urgent limit within garden hand notic laugh affect analysi similar candid leav,1
weekli report meet scienc profession effect bed larg way human,0
schedul confirm budget review compar page particularli differ economi side properti voic charg water capit father need exactli,0
schedul confirm budget review project seven knowledg train drug face base avoid benefit face war player final insid exactli requir item abil,0
weekli report meet anyth top type know sure happen product posit south may benefit second writer late,0
project updat meet realiz break imagin stock good,0
limit offer win win guarante urgent limit effort increas signific million design bit night form resourc,1
schedul confirm report prevent south contain front car american rich exactli studi see,0
project updat report financi go partner price first,0
meet remind budget review window larg appear forget imag memori execut town tough agreement,0
weekli report project updat town deal heavi light nation simpl major know upon career us,0
schedul confirm schedul inform build store build although foot charact cultur thousand,0
schedul confirm budget review arriv last nice help expect outsid much tree go record,0
limit offer free guarante limit guarante limit offer urgent cash free guarante deal parent mr republican hold decad present,1
schedul confirm report late teach week seven road heart profession condit avail experi avoid letter half region approach leav dog give happen religi board tax also,0
win big win click cash guarante offer free urgent stop realli ago learn mani issu billion,1
limit offer free offer cash guarante win click guarante head technolog behind noth pull,1
weekli report meet day near avail sens walk loss feel southern social avail along expect kitchen capit sea remain blue,0
project updat budget review environ total guess land relationship eat concern hope left focu sign grow writer factor carri adult,0
project updat report find statement throw act decis deep beauti morn way town public,0
limit offer click guarante win win guarante offer cash cash guarante urgent offer free charg collect person truth piec either oper court educ,1
meet remind report three could save ask five relationship feel ga affect prepar tradit parent unit loss behind soon meet station threat,0
win big limit cash urgent click free free offer offer guarante limit mention charg expect intern rather,1
limit offer cash limit offer limit offer win guarante cash urgent urgent win make kitchen feel suffer someon home machin chanc,1
project updat schedul establish husband end natur certain bill month put product blue town,0
project updat report histori natur site confer forc player foot beauti great,0
project updat meet beyond cultur rule believ happen keep billion possibl stand southern tv back,0
urgent cliam prize click offer click guarante limit offer urgent action head popular charg may water,1
meet remind budget review affect order suffer heavi togeth lose hard everyth center yard environment like cultur state possibl,0
weekli report meet care medic earli support kid certain nearli check read visit pretti,0
project updat report probabl hear hair leader good enough,0
meet remind report color offer media wide score hotel central specif,0
limit offer guarante win cash click cash offer click offer offer guarante guarante free white style memori yard seek capit,1
project updat report whose perform care author data look avoid abl nation measur old yard,0
meet remind team sync accord sister site argu today machin includ requir success bag set full word live,0
win big cash urgent urgent click limit free win urgent cash guarante click limit urgent cash cash discuss success realiti turn current continu buy go,1
weekli report budget review lose media candid approach answer toward close wrong guy hair hope expert spend prepar speech late scientist decis,0
schedul confirm meet list surfac impact finish alreadi report,0
win big click limit urgent guarante guarante urgent free guarante section unit simpli cultur issu exactli best leav strategi color voic,1
limit offer cash guarante guarante guarante win urgent free scientist opportun someon learn ga polit everyth particular friend,1
schedul confirm schedul remain art interview fear child anyth sign build realli truth hair help maintain prove sure,0
meet remind project updat opportun commerci skin outsid event call enter militari civil execut sell data job move relationship past spring prevent later poor whose ok insid child send school town,0
meet remind team sync end specif child high hair system man top air catch far better,0
limit offer free cash limit limit guarante free cash limit limit win urgent abil push feel manag tough front think instead agreement repres class pay star,1
schedul confirm project updat polic compar countri answer,0
weekli report report save alreadi miss put way,0
select free cash guarante guarante limit guarante click cash win free cash urgent urgent win coach chair peac pick voic final fli stay,1
limit offer offer offer win guarante click win win limit win limit click urgent quickli form happi other expect avail relationship turn polit rather,1
project updat schedul around money prevent chair design goal floor econom unit rais far get,0
meet remind team sync full approach give confer light past network person mention,0
select guarante guarante click urgent guarante cash click click offer urgent guarante click attent two argu shake tri big tri nation budget style,1
urgent cliam prize cash click guarante limit click gun role exampl defens sign sort music build,1
schedul confirm team sync grow make lay agreement decad trial student find decid babi keep best,0
project updat schedul meet wind look toward hour miss civil task pretti media father collect stay variou secur,0
weekli report budget review line religi skill stuff identifi leg score one less move treatment inform today,0
meet remind team sync hospit young cultur,0
weekli report schedul econom least reveal view alon decad describ practic leg cup method servic alreadi,0
urgent cliam prize free win click guarante limit urgent free cash guarante click click free offer quickli citizen agent new statement,1
urgent cliam prize cash offer offer offer click cash win free urgent offer limit click free sever cours senior fish camera enough allow soon strong,1
meet remind budget review agenc develop million commun reveal piec leg probabl pick evid around manag servic nation,0
schedul confirm schedul collect east skin need machin manag trial articl door bit discov,0
schedul confirm project updat leav administr technolog author hope particularli throughout sure,0
win big urgent free guarante offer click offer offer guarante offer cash urgent win offer limit urgent profession either weight wear yard appear place,1
limit offer offer offer urgent free cash click urgent offer limit urgent win offer guarante bring materi move soldier social agenc seriou glass hous,1
weekli report report would citi hair cover everyth last fli play machin trade,0
select click click urgent offer guarante win cash urgent offer win win limit offer click sister recogn pay area newspap one role,1
weekli report meet tabl explain movi light commerci protect appli avail govern educ middl societi suggest,0
weekli report meet differ manag speak behind candid everi execut ago hair want care well brother,0
weekli report meet total expert feel land agreement project upon phone matter cultur help discov parti,0
project updat report profession place reason fish activ name certainli interest militari area exampl polit kitchen,0
win big click click win limit urgent urgent limit offer cash cash offer offer free statement air charg score skill wonder noth call fine offer,1
schedul confirm meet throughout good religi measur man join laugh citi reason door better room behavior insid high tonight send someon,0
urgent cliam prize free urgent free win cash term song need cover educ network white skill,1
schedul confirm team sync audienc toward score expect,0
project updat report bag three public special exactli decad recent less parent notic wish especi,0
win big offer click offer cash guarante limit limit offer free among togeth offer could figur special certain scientist,1
schedul confirm budget review modern abil decid moment quit form defens data use somebodi interest offer network suffer leader go expect speak,0
project updat team sync money hard mind grow famili level much campaign materi someth recent feel per task produc daughter answer window final third,0
project updat team sync enter skin program loss success reach thought strong address simpl cup train resourc,0
project updat report industri financi seriou next measur rule sea magazin present respons land market forc care,0
select guarante cash guarante click cash limit free win guarante free win cash central travel bag reveal court growth time feder bring televis,1
select click guarante limit win click offer offer win guarante guarante free guarante abl director intern son pay usual kitchen,1
meet remind schedul certainli home thank call job base candid yet travel short rememb money,0
limit offer guarante guarante guarante guarante limit win limit realli lot market intern differ memori order knowledg thu understand strong,1
select free free limit guarante click urgent free urgent send star four student real relat,1
project updat team sync happi even ye nice air allow attorney common,0
limit offer guarante free click offer limit limit urgent win offer free limit discov consid entir number much result materi unit full new dog,1
schedul confirm meet mission elect sinc garden news two wrong pressur camera caus scene,0
weekli report report senior sign set space posit rememb wrong deep clear state imagin glass onto thank open subject similar matter total season,0
weekli report project updat finish street coupl compar first form requir cover,0
limit offer guarante urgent cash win offer guarante cash free across song event effect determin five alway clearli plan bad woman,1
schedul confirm report statement troubl interview either food tend blue man democrat address soon system fish cultur success pictur,0
select urgent urgent offer urgent limit offer urgent daughter import hair mayb step song street late probabl,1
weekli report schedul space everyon scene good knowledg eight name end seri recogn write along respond camera style bring,0
schedul confirm project updat probabl eat would mention cut fact recent televis arriv plan bad box,0
weekli report report instead west consid go poor role tabl visit oil big time,0
project updat schedul agent media section foot someth cultur senior four ever scienc fear long,0
meet remind team sync even trip sound economi risk clear particularli factor nation differ consid act practic least across follow check,0
project updat project updat less natur comput low research amount wall differ catch prevent protect start along travel comput give month protect heart,0
win big cash cash click click urgent win urgent win win offer cash urgent click event kid week food agent north view teach televis servic age,1
meet remind project updat requir draw today,0
schedul confirm report safe abl well teacher pull bar busi us scienc fall matter cover treatment coach yet might hundr congress role centuri trade five area,0
project updat team sync profession soon question leader although time maintain allow,0
project updat meet citizen pick alway take effect,0
limit offer urgent free cash free win guarante issu realiti servic wish serv stuff,1
win big cash free offer cash urgent win guarante offer guarante urgent offer offer idea gener valu point play quit manag environment militari skill everyon hold histori,1
win big cash offer cash urgent guarante guarante free guarante guarante piec lose person continu success experi thu,1
select free offer click click guarante free guarante urgent offer report care store arriv feder affect enjoy,1
urgent cliam prize win offer cash cash limit win urgent win moment seat wind around girl song rais guy,1
weekli report report includ treat adult parti write miss network head concern peopl fast former leav invest,0
limit offer limit click urgent click urgent free offer guarante urgent offer cash condit sister day prove lot wait perform exactli sever,1
urgent cliam prize free guarante urgent limit click win offer click cash guarante offer win limit limit stop foreign tradit soldier girl languag,1
weekli report report invest order decad onto staff singl instead former yard commerci miss mr senior scientist kind morn radio,0
weekli report report huge alon differ author collect well differ score away commerci break type concern republican discuss religi forc,0
project updat schedul young site anyon manag member inform thought area head audienc film interest els,0
limit offer win offer urgent win offer free cash click begin get get quickli anoth mouth differ ok list,1
meet remind meet modern includ manag night though democrat health everyth,0
win big urgent click offer offer free offer free energi outsid coach remain continu consum memori memori center,1
select win win win offer win pass servic even might chang includ forc candid ga build like somebodi husband,1
schedul confirm schedul abl recent add person hotel ga could anyon leader letter rich employe shake throughout organ matter number togeth,0
schedul confirm schedul forc effort class top seven simpl natur hundr team nation,0
weekli report budget review goal indic onto quickli detail road collect father eight war certainli start,0
schedul confirm project updat born last product book exactli laugh front view wind drop cover great pay seek,0
select click win limit click win free particularli wait design class born home possibl,1
schedul confirm report fast idea home box vote,0
meet remind budget review els involv lose understand hand continu health state question remain agre crime suggest polit,0
urgent cliam prize click offer cash offer offer click cash limit offer win increas thing rememb spend class way,1
weekli report schedul use middl visit whose law bed spring home media inform educ els strategi shake hard,0
meet remind budget review suggest mother fli know hand forget pick head sound away chanc pay firm pm brother machin,0
weekli report budget review line allow hear accord answer fact husband,0
weekli report team sync soldier budget see skill chang card,0
limit offer free urgent free free win limit cash click edg task attorney term perform want rise medic,1
meet remind project updat day nation finish discuss similar detail stage sure,0
weekli report team sync campaign visit per left factor includ everybodi wide oper commerci word room board televis build,0
weekli report report coach tonight toward bit lead name offic edg respons claim staff within data countri certain creat economi exist,0
schedul confirm schedul leader affect card anyth interest seem want tend truth drop democrat interest avail though,0
limit offer limit win limit urgent click click limit free offer offer guarante offer free win relationship forc partner enter invest account,1
project updat team sync real tonight drive ball author drop check wear kid,0
weekli report report social man trip result learn impact space feel share confer word concern surfac year catch,0
urgent cliam prize urgent click urgent free cash third month record court nation societi parti radio polici,1
win big guarante click guarante guarante win discuss price meet troubl paper often argu,1
project updat project updat hard peac true sing determin realli forc democrat wish,0
weekli report report anim sure huge anim seven everyon strong face close challeng site money detail left film,0
select guarante limit win win cash cash win win limit cash urgent oil effect easi second outsid heart area agreement,1
limit offer free limit offer urgent win win nearli accord nation line resourc money oper ask break within decad,1
schedul confirm project updat forget support sell third build left movement sort new,0
weekli report report polit mani son whose includ wall chair upon art import mani nice media professor,0
urgent cliam prize win click cash offer click offer realli five may might case school light sort,1
schedul confirm team sync trade yet pay move keep drop usual anyon visit despit commerci real small bed interest caus wind full,0
urgent cliam prize offer guarante win free offer offer free limit guarante win win offer cash limit togeth career activ although consum prepar,1
weekli report budget review set begin truth situat,0
schedul confirm meet specif home wonder bring power put call provid number song job area program song,0
limit offer cash cash click guarante cash click limit man age action still elect clearli benefit direct despit far answer,1
limit offer free limit offer offer limit urgent cash free limit limit click cash guarante cash young quit mouth assum feel firm read sound need respond,1
select limit offer cash limit free guarante urgent limit offer win click guarante guarante cash limit interview usual manag air eat organ goal follow,1
project updat budget review tell product black citizen common even avoid sing trial expert militari past cold,0
project updat meet decad student man ok among either thing budget happi pick,0
schedul confirm schedul cost hospit industri meet major compar also newspap true situat caus whole serv turn figur rather,0
win big offer offer limit guarante cash urgent cash limit cash offer click guarante news year road leg realiti stop art learn attack stop,1
win big click guarante urgent cash click click free cash limit cash click limit free urgent tend five test compani help colleg human teach recogn,1
weekli report budget review continu clear standard husband mind long beat around ago seriou,0
weekli report report parti guess though subject name region listen candid turn art far garden fire cours doctor model,0
schedul confirm report commerci may decis show rule concern insid mother partner simpli floor troubl anyth set,0
select guarante guarante win urgent guarante free limit click urgent click free click win win cash show thank alway common voic want old light note,1
select win click guarante urgent offer offer cash win urgent cash urgent free win urgent guarante countri low expert play among form state,1
project updat team sync window seat must old polici five particular person tax lawyer person author,0
project updat project updat compani modern tonight right discuss within head keep answer sens hard rate much father focu,0
urgent cliam prize urgent urgent offer limit win offer simpli gener care writer result rate stage,1
schedul confirm budget review wrong plan case short commerci trial fund histori go late defens mention wall point,0
urgent cliam prize urgent guarante offer offer free free win limit click wonder right televis adult wait religi noth industri foreign recogn secur hot,1
limit offer limit urgent free limit urgent offer offer urgent click accord support singl true sing project respond,1
select urgent free offer click guarante win click offer free click guarante offer offer urgent beat theori project abil enter food nation environment crime,1
weekli report meet head enter reduc less describ posit list though marriag white govern loss time late discov citizen,0
win big cash free limit free guarante guarante thousand door model process determin second reveal foreign analysi main,1
project updat schedul letter admit tradit benefit present edg issu,0
win big urgent win click urgent cash free offer urgent cash free urgent import claim lose southern risk third movi drive simpli,1
limit offer guarante cash urgent offer limit win win cash free cash guarante limit free quickli major exist receiv quickli action instead seri make manag though someon,1
limit offer offer click limit limit click cash offer click limit chair fast difficult stop relationship idea fill noth,1
win big win offer guarante cash win win offer click radio away within natur state may good way,1
schedul confirm schedul differ boy togeth discuss beauti recogn bed write star yeah,0
weekli report meet hold voic continu board person whole throw caus surfac firm strategi,0
weekli report meet option medic would owner imagin reach thought new teach alreadi point commun,0
project updat team sync invest sell ahead chair race sport drug reason ahead piec west say futur perform leader wind,0
weekli report budget review fall adult troubl ever tell candid tonight fire way pretti theori crime color interview find,0
meet remind budget review way card repres west worri among central theori materi protect four week surfac produc receiv wait,0
meet remind schedul els well push industri set close beyond scene paint servic arriv woman care interview,0
weekli report report necessari focu abil wait recogn posit number number respond profession,0
meet remind team sync level say tend caus fund direct spend seek edg visit mission great much,0
project updat project updat list believ citi cell item radio bar recent howev past support bank let bring repres wrong surfac,0
schedul confirm meet suggest reveal presid,0
select cash guarante limit win click urgent cash futur structur bring art stock catch beat role research receiv relationship close,1
meet remind schedul professor commun us,0
meet remind project updat surfac debat whose gener oil compar front economi countri ago,0
weekli report budget review bill media recent affect includ give professor close occur especi,0
urgent cliam prize limit free win offer free offer cash limit offer reflect real common site key year includ avoid presid pattern bar,1
limit offer guarante offer cash offer click win offer cash urgent guarante free cash guarante work good signific mention reduc drop exactli properti field,1
urgent cliam prize urgent urgent urgent urgent click guarante click click free free click presid use level improv church earli strong,1
urgent cliam prize guarante guarante free urgent free urgent offer cash free guarante cash urgent free brother figur particip today truth american draw human treat care,1
project updat schedul act owner decad measur unit beauti,0
project updat project updat return go capit imagin forget report econom develop side beyond activ hour,0
urgent cliam prize urgent offer win cash free urgent win click offer click throw blue ye relat land properti american young effort station start south,1
project updat report movi even cut standard strong establish job matter whatev bill project relat guy wrong listen scene medic differ,0
urgent cliam prize win urgent free urgent offer click free test sister strategi possibl site visit remain common deal,1
urgent cliam prize guarante urgent urgent cash offer free cash urgent limit free click free click guess deep challeng alway dog close second far,1
meet remind budget review bodi tough differ wall debat ahead light avail presid enter hand fill know,0
schedul confirm team sync beauti fight radio throw sound sort mention money player man colleg page black career feel financi night hold game ye effort,0
weekli report budget review never senior pay requir past bill star watch troubl push threat,0
meet remind team sync rather certain hair polic radio across particularli coach wear step thing instead wrong lawyer artist hundr plan report garden page common,0
urgent cliam prize urgent win guarante limit offer guarante click free free click cash limit limit urgent cash teach heavi heart scienc democrat similar kitchen budget,1
weekli report report even interest husband collect piec reduc paint road parent approach sever keep magazin thu tree,0
meet remind project updat inform shoulder line factor medic ever cultur total piec room opportun,0
win big cash click urgent click free limit guarante offer guarante limit limit instead candid rang ahead,1
select cash limit urgent offer free cash free offer click free guarante free win moment readi place relationship world want design stage,1
weekli report report seek feder area method nearli fire throw feel babi cover program back togeth account far player yet capit,0
select guarante cash win win win click free offer free focu win modern sing avoid woman market,1
project updat schedul street appli store standard deal natur note serv week,0
project updat report weight check new age less reveal becom,0
schedul confirm team sync get tradit structur catch way prevent order road custom talk,0
select urgent free guarante win offer cash urgent win click click win visit court paper certain letter comput fight peopl protect happen sinc view,1
win big win guarante cash guarante guarante offer free main front nearli sister lose discuss boy might thing garden hit believ,1
urgent cliam prize cash urgent click guarante offer cash guarante limit pattern goal stage bank church despit back go parent even,1
project updat team sync properti special center polit dark pull mr far admit magazin push ten finish style,0
meet remind report relat rather peac black like rich variou structur natur,0
schedul confirm project updat would stay phone foreign avail fear democrat,0
select free offer offer limit limit offer brother claim abl final window surfac certain method serv fli,1
win big offer free offer free guarante offer limit cash free stop agre citi cut good street requir real half happen cover,1
urgent cliam prize urgent guarante offer limit offer guarante urgent guarante urgent free offer free click guarante day fall true paper today card notic sit word hope,1
limit offer urgent click win free cash limit urgent free click click urgent urgent arriv appli late exist decis sell two,1
weekli report team sync edg easi practic rise reflect even campaign six situat inde religi present,0
project updat budget review properti recogn doctor alreadi follow space help second amount upon behind account physic three speech new brother fish worker big campaign,0
urgent cliam prize guarante win free free click limit cash win cash win major focu law rest fli edg rich human,1
select guarante limit click win free urgent urgent offer guarante urgent offer free cash click mind ye lawyer rather thing perform,1
limit offer free guarante click limit cash urgent urgent guarante talk tough account dream someon professor,1
project updat budget review question get comput seem major garden simpl moment american purpos plan commerci sort person month,0
schedul confirm meet posit form second floor perform next type imagin piec edg anyon major,0
schedul confirm schedul improv agent quit articl check us add recent,0
weekli report project updat billion coupl whether plant strong gener commerci agent like nation serv,0
weekli report meet alon abl bank togeth firm expert key properti green hold might educ,0
urgent cliam prize guarante offer offer win free limit click click click win limit near commerci democrat confer look receiv watch north million good import,1
meet remind report relat special stuff key film major polit lead would tend would peac opportun choos want,0
limit offer cash free click urgent urgent urgent cash offer guarante guarante free win free alway former identifi eat finish career,1
meet remind report educ note candid food low hand son stop show citi pick follow race signific man area polit local,0
schedul confirm meet cup signific claim man popular project small countri valu project size choos dream none lose,0
weekli report schedul short wait situat trade tree better road mouth technolog occur almost statement,0
weekli report team sync larg stuff part truth boy reason everybodi around girl learn,0
select urgent cash offer limit urgent limit urgent click click limit offer click offer guarante free like role around includ idea reflect,1
win big click offer urgent free guarante click urgent limit click cash guarante offer click though like state cell kitchen none firm total forc crime everybodi,1
urgent cliam prize urgent offer free win cash guarante click individu anyth econom modern thu citizen level alon thank,1
limit offer limit urgent guarante click limit offer win today cultur green republican boy ball green nation top,1
select free free win guarante free posit daughter school manag environ goal receiv knowledg step chanc,1
meet remind budget review strategi work rest energi season board keep,0
weekli report report sister daughter push land alway soon busi lose begin piec citizen,0
limit offer free cash click free offer urgent free offer limit limit guarante guarante speak close five expect coupl full buy admit collect issu movi,1
weekli report meet american present establish station ga enough enough support born protect relationship need later movi time garden,0
project updat budget review alon product turn forc short price present,0
project updat budget review admit us,0
schedul confirm budget review offic custom understand enter success wear first second pretti window howev make rather environ form mother word garden,0
limit offer click free urgent click limit limit offer offer win offer offer offer cash win wide far mani fli board includ knowledg kid,1
meet remind schedul light magazin fact trip season citi sign cell environ,0
meet remind report nice music state instead middl bag simpli life import hundr requir activ,0
schedul confirm meet energi skin garden treatment game phone student air individu parti book evid,0
weekli report team sync tree leader power find may process thank comput edg,0
schedul confirm schedul happi recent other product rock safe economi real get offic decad respond stage bring practic kitchen sens,0
weekli report meet wind amount speech born road want whatev two find player pick invest smile expect,0
meet remind schedul small place parent reveal structur author time creat memori sinc season term side,0
select click limit offer click guarante win concern score fast check secur man method music current red,1
schedul confirm budget review memori sing gener benefit old see ago sport,0
limit offer cash win guarante win cash urgent free end may consid never fund,1
limit offer limit click limit urgent urgent click urgent guarante cash guarante caus beauti forc left meet take finish,1
project updat team sync professor consum stand wife energi open congress caus late behavior color,0
meet remind meet number abil suffer research chair meet allow role page white dream product respond bed son,0
weekli report team sync voic give speak light sport hope miss elect beyond card,0
weekli report budget review major east writer win middl social event although age cost offer often us inform start per minut govern almost,0
weekli report project updat total cover explain wrong offic say,0
meet remind meet beauti beyond industri look world dog walk find central turn offer,0
schedul confirm project updat invest major manag truth much reveal wonder lay resourc move cultur clearli young abl yet wrong,0
win big win limit offer cash click plan appear prove believ produc option attack plant law,1
meet remind budget review play better close us student leader catch us debat similar technolog growth station nation,0
schedul confirm team sync stand approach behavior final speech abl product build everybodi song outsid list import rather threat polit medic compar end quickli month,0
urgent cliam prize guarante guarante guarante click win win cash cash urgent offer offer limit guarante offer human evid piec let station anim polit left,1
schedul confirm schedul speech theori bring watch ok base meet appear build central room recent wide,0
weekli report meet insid receiv togeth use model think hour partner collect respond countri easi import offic discuss pick,0
weekli report project updat billion protect whole clear societi shoulder drug contain manag check pay work attack statement,0
weekli report schedul rise difficult job wind film modern like elect provid,0
weekli report budget review occur chang moment threat enter fish memori alway,0
meet remind budget review floor marriag media imag lose forc decid trade cost lot centuri travel resourc bring three space industri surfac,0
meet remind team sync rememb million live physic measur whole live realiz sure catch shoulder cut,0
win big free cash click guarante cash guarante click card presid agenc whose wife,1
project updat budget review ten issu radio administr fight intern actual,0
limit offer guarante limit free win guarante guarante limit window next profession beauti push knowledg manag month current,1
limit offer offer guarante click limit urgent urgent click urgent cash third long think clearli industri simpl,1
schedul confirm meet space team wonder station car center fli build custom morn parent mind give region cup daughter speak,0
select guarante limit free free urgent free limit front find human event polit run famili,1
urgent cliam prize urgent guarante limit guarante win hour partner radio hospit difficult part kind,1
meet remind report tri attorney particip later appli need hair seem help world claim chang imag invest figur ye send firm ball note major around stop region process drop,0
weekli report meet month one scene card militari simpli import third skin simpl stock old,0
select win click guarante limit offer limit urgent free guarante cash cash cash urgent guarante urgent sign employe main recent servic ten rise particularli tree,1
schedul confirm project updat chair toward sourc huge run decis develop word five specif field argu method charact attack individu democrat environment although rang,0
limit offer free guarante free limit limit technolog rock natur eye stay result physic south sing,1
schedul confirm project updat black truth network alway ask televis daughter lose attack offic realiz,0
win big cash click win guarante offer cash appli former sister strong,1
urgent cliam prize guarante urgent offer guarante urgent limit click click click click offer necessari low everybodi rememb especi import,1
win big cash win win guarante guarante offer oper must militari success road either dog,1
weekli report project updat build environment receiv congress health howev beyond alway save ask thu face structur,0
weekli report meet whose collect fear parti american bill sit real inform valu process near fear,0
meet remind budget review foreign seek learn brother sit item eight type truth race,0
select guarante cash guarante cash cash free cash cash click offer cash limit urgent guarante medic part reduc paper along issu quickli wife nearli reduc account,1
schedul confirm schedul area valu east properti,0
urgent cliam prize limit guarante offer limit offer limit pattern center popular understand may south execut thought week stuff surfac edg hold,1
win big click click limit win limit guarante limit win guarante limit free click win win win new tree night top cultur right lead want pay capit new polit,1
urgent cliam prize limit guarante urgent free offer click limit limit guarante offer guarante reveal centuri age market peac forward,1
schedul confirm project updat occur share data believ ok manag teach time clearli good shoulder charg,0
schedul confirm budget review husband medic relationship author also noth agent blood go,0
project updat report follow admit recent meet,0
weekli report schedul cut fast dark accept involv field congress improv,0
win big urgent guarante click win offer urgent cash win free offer offer offer control industri minut say crime chang loss,1
schedul confirm schedul admit could research much pay relationship put effect ever camera,0
select limit limit guarante win win offer free cash offer urgent offer free purpos least maintain chanc defens parti meet involv smile relationship,1
select limit win urgent limit limit guarante offer win urgent click win limit guarante limit limit trip skin prepar program pretti often scene catch discuss,1
limit offer limit guarante win cash free cash click limit win urgent free click guarante shake deal littl approach perhap say thousand,1
limit offer free limit cash limit cash urgent win urgent offer offer urgent offer offer sea like share along leav white grow unit water draw board us,1
weekli report report dinner particular debat defens look rang concern believ product like result,0
schedul confirm budget review job shake yeah current whole process southern knowledg radio fight debat eight,0
weekli report meet wrong hospit car state speech near card deep tradit fund child offer bar hair network clearli congress,0
win big urgent limit limit click guarante win urgent urgent click urgent take speak purpos sit cultur interest guess lose shoulder green even,1
weekli report schedul set effect site pass foreign next,0
win big free click offer offer cash win guarante urgent cash win win guarante cash win rest polic cup marriag particip enjoy way tabl stop,1
select guarante guarante urgent guarante guarante click win click begin doctor technolog million becom check recogn rise spring fear,1
schedul confirm meet rise rang brother think huge american nice laugh fish current thing bad none,0
project updat report night simpli analysi stop hair direct repres qualiti imagin fast,0
select free win offer cash guarante urgent offer guarante cash let gener bed hair attent medic collect finish oper pressur mouth energi,1
win big click cash cash offer offer cash cash guarante guarante show wall fast ye success machin custom,1
project updat schedul variou drug paper record drug budget gener,0
meet remind meet bill organ polit partner religi next fli care physic littl old sit relationship whether,0
schedul confirm project updat activ ground part field trial staff certainli word deal scientist tend edg plant pay wall final charg detail well put,0
project updat meet part hospit similar attent rest environment miss director cover never section fire yard,0
limit offer click cash win urgent cash guarante urgent guarante urgent free natur year decis degre reason wear west nice societi,1
urgent cliam prize guarante limit win win cash guarante click limit click cash click urgent onto support song word ten discov let visit rate,1
weekli report project updat financi ago rang push upon final secur presid seem assum situat involv car kind part hour call accord,0
weekli report report comput alreadi center beat skin health mind candid,0
weekli report project updat number intern state famili rate view charact budget ga argu money decid hospit rather begin,0
urgent cliam prize offer guarante win win urgent laugh second research grow central meet reflect,1
urgent cliam prize win offer limit guarante cash guarante player sport pull degre get bill,1
project updat budget review vote possibl show role stori anoth simpli fish morn sport way although world foot practic nice,0
project updat project updat scienc interest west four court fact prepar wrong father poor,0
weekli report budget review drive reach wall despit seven prove receiv perform accord,0
project updat schedul seriou seem leg truth littl film involv approach fall,0
meet remind project updat tough fire new somebodi say group,0
project updat schedul prepar signific difficult would leav similar land pass democrat design decis similar get kind particip continu base affect,0
weekli report project updat thousand institut meet method other prevent variou servic first like dream famili,0
limit offer guarante limit free limit offer cash offer guarante limit urgent line difficult key stage north truth charg abil hot woman bed,1
weekli report report play coach includ shoulder partner price,0
weekli report project updat vote purpos realiz grow toward parent final,0
weekli report report deal partner thousand ago court move court tradit hear earli staff sign properti perform prove,0
select limit cash guarante click guarante sever stay man money low meet finish method improv common posit,1
limit offer win win win limit limit win cash click free cash click urgent cash guarante offer societi recent avoid sure like central risk receiv radio,1
project updat team sync husband stock sever fast gener heavi happen deep hospit properti provid miss peopl,0
urgent cliam prize click urgent guarante click win guarante limit limit guarante win click cash peopl set suggest citi suddenli includ littl issu effort,1
project updat schedul save rule summer oil state partner kitchen section,0
select click free urgent free win guarante guarante win free read draw two style success execut,1
select cash click limit urgent cash offer imag requir run degre like forward control within,1
meet remind team sync hour wife seek base three readi age futur differ financi challeng room group player offici fall,0
schedul confirm meet arm boy argu paper,0
meet remind schedul rang wife author head mouth seat street wide product,0
win big offer free urgent win free win free cash guarante involv occur attent hotel debat site provid,1
schedul confirm meet valu respond street site commun across bit relat open first,0
schedul confirm report relationship knowledg ever whole foreign mouth assum appear rather,0
urgent cliam prize offer cash guarante win offer cash win offer urgent free free imagin watch want govern pictur evid paper specif western figur job,1
select click click win limit click cash click win limit realiz govern trial north southern weight season see chang,1
weekli report team sync environ import,0
select limit guarante win cash urgent cash offer free task trade measur beat coach side goal insid focu qualiti,1
schedul confirm project updat film child bag push particularli believ interest yet purpos arriv final tough head role finish necessari speak understand,0
urgent cliam prize click limit offer offer click cash click urgent free win past pattern bodi get turn,1
win big free free win cash offer win limit click offer urgent offer offer click guarante go grow expert girl beyond writer debat condit arm appear hold,1
project updat meet charact energi stage job miss compar someth,0
schedul confirm report short properti brother book toward oil issu job els four across,0
select cash offer offer urgent limit urgent urgent win guarante win guarante limit free person fire sourc leader music arriv rang,1
project updat report life well like decad season seri cultur debat caus religi poor notic,0
meet remind budget review age agre race employe bit continu floor young leg week abil much,0
weekli report team sync us ask everyon lot doctor action gener soon travel manag ball mention attorney institut,0
project updat project updat true medic media expert law mind cultur billion democrat would prove exactli,0
weekli report team sync project number two inde catch grow four common may health child,0
urgent cliam prize offer limit guarante limit limit click free offer free offer budget sign attent local insid court,1
urgent cliam prize offer win limit urgent offer win offer urgent profession famili gener stay bank budget,1
weekli report schedul ask build eight throughout war brother citi especi brother point simpli,0
project updat meet build save base feel inform director focu easi help modern join accord happi physic head consid model,0
weekli report project updat wear soon yet staff end return trial buy show window relat local final must,0
schedul confirm budget review properti share rather movement situat cover region pm american argu chanc student suffer inde,0
urgent cliam prize offer urgent offer offer cash offer free win treat happen join kitchen modern nation ga behavior,1
weekli report meet standard film call employe share close despit els show suffer avoid drive serv,0
urgent cliam prize click urgent win offer click win guarante click offer cash limit urgent buy popul execut ahead stop part democrat republican,1
meet remind team sync method program check avoid hit materi garden long per time,0
project updat team sync cover onto rais anim admit cultur yeah,0
weekli report team sync sea wonder act career sign million product ahead signific yet religi us prepar,0
project updat meet attorney order form short detail whatev tv bodi,0
schedul confirm schedul inform send million growth campaign time north feder line add oper choos,0
meet remind report star wait mayb intern rememb technolog agenc process life wrong want,0
meet remind report trial identifi land partner million wife number less read whether kitchen train alon team improv,0
select guarante urgent free limit guarante cut night son suddenli seri three make bit particip rate sea,1
project updat meet sens head news account product variou imagin wide money travel show bank hotel rest,0
weekli report meet better answer capit inform defens food,0
project updat project updat knowledg tradit pictur specif miss region messag profession sign major rememb,0
meet remind budget review manag current profession make foot beauti citi walk turn young away method state real citizen leg variou,0
project updat team sync wide north bar contain clearli sens approach control enough church get reflect final,0
limit offer cash limit guarante click free limit limit cash free click guarante free urgent offer win appli fine process rise instead station everyon,1
weekli report report red coupl amount seriou figur window ye littl exampl execut,0
limit offer guarante offer click free offer urgent offer click guarante cash urgent guarante turn includ play share system alon environ rich trip organ type,1
meet remind meet futur situat town simpl teacher congress guy maintain staff black drop republican,0
limit offer guarante offer urgent offer click offer limit urgent click click offer offer click win success situat set fear learn degre idea school find cold hand,1
win big limit guarante urgent limit limit limit cash free free urgent bag bring court impact play materi moment,1
select guarante guarante limit guarante click offer click guarante limit remain abl standard direct four affect court book variou north,1
select cash cash win free offer offer cash click win free limit win limit win fall drug pictur scienc drop plan brother,1
urgent cliam prize free cash offer offer offer click includ choic loss white staff everyon present troubl music bag requir,1
schedul confirm project updat medic standard clear share fill author court maintain would west realiti stori develop,0
weekli report meet accept send bad enter north pass thought still firm agre pressur someon second begin hospit,0
meet remind team sync oil think continu confer past issu score laugh per admit bar father train begin tree lose els help say score camera,0
project updat team sync walk tell attorney land take program institut event never approach land affect record respons discov sound decis report keep interest adult reflect growth,0
schedul confirm budget review blue someth consid polici religi posit creat floor feel agenc alon american art high eye smile name,0
select win limit click urgent cash free offer cash knowledg mr live give guess know almost safe occur admit win cost week,1
select limit limit cash limit cash offer guarante limit win offer click social concern base almost game busi town size develop relationship notic coach polici,1
weekli report report five husband despit rise set polit human low rise court forget increas see call,0
limit offer win free limit offer win urgent click limit offer requir pay law support standard road site least term chanc data,1
meet remind meet suddenli present discuss level shoulder repres american societi night return prove,0
win big guarante free cash offer cash limit offer free offer win urgent guarante click direct arm inde tough includ four tell push recent,1
project updat report per form talk town becom degre scienc goal nation condit everyon,0
limit offer limit limit win free click limit free free limit cash urgent limit guarante togeth late letter receiv spring part must tend top,1
project updat budget review everyon vote street great age decid event order former data south produc window new sister place least coach visit natur,0
schedul confirm project updat member alreadi choos qualiti educ life,0
weekli report budget review teacher local laugh measur presid site attack manag end soon million,0
limit offer offer guarante click click win win water child area contain other execut situat part shoulder,1
weekli report schedul happi describ nice servic energi morn artist local,0
select limit cash cash win guarante win heart machin interest score attorney test,1
project updat team sync usual better discuss almost southern child around size food game field bar star kind heavi one price sport book ball hand miss allow,0
win big free offer win guarante free free memori audienc product town agre decid,1
project updat meet allow talk recogn seem us home anyon water argu pull area crime,0
urgent cliam prize win limit click click win win cash click free cash guarante guarante win win limit choos tradit want polic soon heavi along,1
weekli report project updat contain reach custom situat ok requir meet signific increas thing million becom open necessari,0
schedul confirm team sync matter worri ga direct million agre purpos product special differ,0
limit offer cash win cash guarante limit win offer limit offer win limit win limit mani scene matter final sound offici point involv wind may,1
meet remind team sync film fear head thought organ stop larg region front data goal read opportun remain number,0
select guarante cash free limit free win limit urgent cash plan heart signific machin prove whole air fli whole,1
limit offer guarante click limit limit cash free cash guarante free click guarante let door film campaign hospit forward sinc,1
urgent cliam prize urgent click urgent offer click click offer anoth presid first thing guy develop pull view weight,1
weekli report team sync moment care exampl describ bit,0
meet remind project updat sea heavi colleg treatment servic sing born citi station writer center cultur south determin,0
limit offer click limit guarante guarante limit offer win tend magazin lead none identifi articl,1
weekli report team sync box polic section tv back light modern expect secur call sometim easi,0
weekli report budget review guy rememb away someth,0
schedul confirm budget review decad wife learn bit,0
project updat schedul final product million notic colleg soon night compani without carri type buy light mani prepar affect subject old,0
schedul confirm team sync page beauti singl special doctor sinc mind understand surfac hot catch peopl face,0
schedul confirm schedul number yard build decad someon guy respons differ,0
meet remind report train cultur plan clear hard second paper rais huge resourc great feel lay,0
schedul confirm report entir miss marriag major enter treat easi page form air hear want outsid democrat stage,0
limit offer guarante click offer cash free agenc fall record deep doctor suffer site need common interest,1
win big guarante offer limit free click click urgent limit guarante win guarante click guarante studi relationship total sell finish senior congress person,1
win big win urgent urgent win limit win cash guarante win win offer guarante click click protect strong join mention posit middl,1
project updat team sync save receiv treatment loss deep center drive town item ga sens requir effect wall site,0
urgent cliam prize win free guarante offer free free offer cash free guarante polic understand democrat wear futur action bill wrong,1
schedul confirm schedul feder anyon nation cup,0
schedul confirm team sync use administr near say begin small govern,0
meet remind team sync watch rate produc,0
meet remind budget review soon congress help servic sing,0
project updat budget review actual write gun put news wrong discuss mission,0
limit offer click free win limit limit keep year suddenli long success toward,1
meet remind team sync camera strategi network show factor coach pictur respond catch south catch yet four materi discuss stage southern door like ga movi decid,0
select cash urgent offer click offer cash guarante win limit offer limit cash click win cash hit mouth rich summer year sea option,1
win big limit guarante limit click free limit limit win free type find serv understand thousand life way north assum decis cover past,1
win big cash limit limit offer cash truth wife partner magazin pretti south stori base offici hour arriv,1
schedul confirm budget review eight fall east creat foreign parti american arm short accord think cut,0
weekli report budget review everi pay everybodi,0
select click limit limit guarante free offer click urgent cash offer limit limit section explain sea age five one measur,1
schedul confirm schedul assum group hair system son walk base send base leader true thing,0
schedul confirm project updat law candid learn charact last senior upon theori,0
project updat budget review dream govern knowledg growth stori take pictur seven,0
schedul confirm project updat former lawyer option like environ also season north form school offic polici wall,0
schedul confirm team sync drive father experi home pretti low larg seriou democrat garden structur much mr democrat store three contain major red even ball term support particip,0
schedul confirm meet clearli militari drug pick trade imagin carri subject anyon rather quickli reduc miss entir possibl author especi floor,0
weekli report team sync onto song radio short lot writer check increas agreement creat,0
urgent cliam prize win win offer free guarante free nice take class rather may realiz attack cours first unit plan movement,1
win big offer offer guarante win free would surfac guess usual thank hot test,1
urgent cliam prize limit limit limit cash free offer cash urgent accept win safe final begin back sell toward break sinc race,1
win big free click click limit offer limit guarante offer limit cash offer sit away clearli still anyth other prepar six interest foreign fish four,1
win big limit limit win guarante win urgent free urgent specif art affect pressur open skin major per,1
meet remind team sync sign sever direct big common foreign concern parent popular,0
meet remind schedul necessari draw poor energi offic answer consid,0
limit offer limit free free guarante click limit win bar true current finish seek move organ point money,1
win big limit urgent guarante limit urgent win offer win limit cash free american seri dog theori speech find tonight,1
meet remind budget review polit establish later talk difficult player often test cours make continu presid industri bed half perform teacher,0
win big win free cash offer win limit urgent urgent limit cash cash urgent cash offer cash sell wife pm everi difficult risk new star pm never,1
meet remind budget review plant follow leav debat paper avail lose court relat,0
urgent cliam prize limit win offer guarante click blue dark environment famili partner light everybodi charg newspap face deep,1
weekli report report wide movi front light pressur knowledg tend probabl low,0
urgent cliam prize win cash cash offer win click click limit limit click peac environ black sort reason drive program everyon happen,1
meet remind budget review resourc interest note point singl although educ wish return,0
project updat schedul tradit staff today age finish agent simpl imag,0
win big limit limit win free cash limit offer cash click limit win free limit win break much littl presid better bill anyth industri author form,1
win big limit free urgent offer offer click win cash final still imagin everyon thank beyond,1
weekli report project updat cultur run cup,0
select cash limit cash cash limit limit cash cash movi throw name ball method window bring although invest,1
select limit urgent offer urgent win urgent urgent win click cash guarante free free click guarante happi green season mr state line famili program,1
project updat meet catch mention measur trade like perform difficult usual late return news,0
select urgent limit limit free free cash cash offer click offer limit click cash limit hot larg collect almost hot quit scene,1
meet remind project updat though claim rememb never everybodi tv enter earli major street ever avoid middl perhap idea,0
project updat schedul man anim leg increas billion import particularli wish home technolog avail growth,0
project updat budget review someth make stock chanc econom almost difficult central buy factor past,0
win big win urgent win limit urgent offer free free offer key sound tonight seriou vote colleg budget back sister court system gener,1
meet remind schedul particular within sure import build deep charg realli look particularli develop half push,0
urgent cliam prize click win urgent win win offer win guarante win win free offer urgent dark tend trial million store low unit parti confer surfac,1
weekli report meet less central glass question probabl network cold use,0
weekli report team sync send ok remain type professor tradit govern tree friend,0
weekli report schedul materi toward nearli camera seat word reflect western garden buy audienc everyth film,0
meet remind report sinc bodi author friend rememb word good energi cultur,0
limit offer win cash urgent offer win guarante limit win urgent offer tv increas billion medic enjoy mind store quit wish,1
weekli report team sync group thousand fact import mouth,0
meet remind team sync system station car seek reduc current stock oper three green share recogn sever eat adult,0
meet remind project updat low growth visit win els child american side two fact age heavi west noth,0
weekli report meet sport structur invest smile marriag attorney hundr life consid nice artist,0
meet remind team sync ago intern heart popul seem player use reduc back,0
weekli report team sync type grow dog poor card perform messag educ coupl religi readi prevent,0
project updat report caus mouth forc red commun senior,0
project updat meet despit tough weight agreement hotel lay singl better exampl stock draw becom,0
select cash limit urgent offer win cash cash cash click limit offer cash win section wish land away lead kid reduc degre recogn let imag fact,1
schedul confirm meet half street church exampl action wife fish pull live stay draw second behavior deal agent tradit card abil design,0
limit offer cash win cash cash cash win guarante free free cash guarante guarante click difficult accept level pick spend strategi page focu littl notic,1
meet remind budget review prepar execut lead true short spring man pass ask invest stop prove worri simpl,0
urgent cliam prize click win free click free cash offer win urgent urgent urgent limit free hundr form model night consid term billion ground join factor,1
meet remind team sync tv import repres key citi mother prove indic design religi high lose attack,0
select guarante click urgent cash cash limit urgent click limit urgent win wrong bar see guess social good prove career wife,1
limit offer offer free win click urgent win cash situat moment continu protect simpl govern church may rock treatment,1
meet remind meet imagin song first tri market side full factor success factor institut imag real former peac babi,0
limit offer free guarante offer urgent click guarante limit offer cash click limit free urgent free rock take tell half law writer box particularli matter,1
project updat schedul seriou hour easi present decis ye contain exactli yeah oil onto site inde activ follow,0
urgent cliam prize urgent urgent win offer limit least whole radio card court rest simpli past sever,1
limit offer offer click limit win limit limit guarante offer cash win win offer guarante cash field whose campaign yet child purpos televis,1
weekli report schedul effect speech summer either first nation civil pressur ga challeng research tradit factor catch begin,0
meet remind project updat action anyth car market interview cup art miss,0
weekli report team sync risk game would rais pick sinc account dinner call fli stuff,0
schedul confirm report throw head presid choos thought low summer other know,0
meet remind schedul fall world sing person,0
weekli report project updat pay research explain record citi first see action economi race,0
limit offer guarante guarante click limit urgent offer win cash cash cash difficult far law ask subject car,1
weekli report budget review develop coupl still medic environ campaign writer stage sea student,0
limit offer offer limit limit free limit win role simpli buy medic countri best rais station go manag,1
select click win limit win guarante cash limit guarante exampl like color togeth colleg visit famili,1
schedul confirm project updat sort skin step centuri move easi edg detail world star recent weight eat alreadi,0
meet remind budget review sister must begin feder travel movi deal dark partner consid around level budget,0
weekli report budget review recogn alreadi game learn,0
meet remind project updat expert law fund moment person test camera tax four pull,0
weekli report budget review els quickli yet firm although listen howev realiz howev exist,0
select win click limit guarante win team mention writer modern kid stori,1
urgent cliam prize free urgent click free win cash guarante urgent win win win limit win urgent guarante fall side item nation among sometim,1
meet remind project updat low former tax add appear activ success interview everybodi statement hair west paper method husband,0
schedul confirm schedul whether oper full around weight experi ball music fund wide set congress feel execut control catch arm abil ask eye sever,0
win big free guarante click limit offer cash guarante cash cash free limit guarante urgent win click run explain parti realli noth approach level local reveal anyth leav,1
win big urgent limit free limit offer free guarante limit offer offer technolog scienc similar signific term action would,1
weekli report meet difficult main allow american administr compani product choic ago western financi sort parti simpli bed reveal,0
project updat budget review inform build room seven shake someth whether read point also receiv educ,0
limit offer click offer limit urgent click cash free elect total drop decis stock practic blood draw school comput cup former,1
win big limit cash guarante guarante limit urgent guarante click free free limit guarante offer win billion need usual citizen,1
schedul confirm budget review forward although talk gener busi still check next money stori take leg race,0
meet remind budget review program custom line mention dog part door charg,0
weekli report project updat bill seriou old wrong,0
schedul confirm team sync young sourc western polit style rememb cup son question sourc move choic,0
select offer click urgent limit offer limit click click cash urgent limit guarante almost vote soon cell,1
weekli report meet impact involv focu manag heavi littl total clear goal great upon staff price question situat,0
schedul confirm report recogn two charact middl,0
schedul confirm team sync real result head difficult,0
limit offer urgent cash cash cash free win guarante free offer offer win win urgent visit posit type possibl rest music full,1
weekli report project updat boy sometim huge return must seri,0
weekli report report site area everyon show region whole certainli weight road pull resourc author race support,0
weekli report meet languag profession sever spend day happen daughter current requir case plant home hit inde technolog countri indic,0
meet remind meet stuff among happi better anyon messag surfac,0
project updat project updat model suffer rich serv hous technolog decad car build big current articl public,0
weekli report project updat militari near seek feel finish natur happen avail lot end subject section page exampl prepar hour,0
select limit offer urgent urgent offer limit cash urgent free urgent free urgent differ appear year senior set explain long sens ask,1
urgent cliam prize win offer win offer free cash free guarante cash win click someon messag eye alway someth democrat bed,1
limit offer guarante click offer click limit cash urgent click urgent cash urgent citizen probabl control plant deal servic let look special assum man news,1
project updat team sync capit carri whose tri receiv american expert list train televis continu surfac,0
select urgent offer urgent limit click limit urgent limit guarante urgent free citizen group mean interview need minut task less languag west,1
meet remind schedul bank creat phone invest agenc exist,0
select limit click limit guarante cash seven drug bring term us institut art wife intern never confer,1
weekli report team sync materi begin idea brother begin take understand polici play militari modern social worri eight drug abl near walk concern road,0
project updat team sync left seri quickli decis near put fact realli anoth year say differ simpl hour tax long,0
project updat budget review skin front evid hit detail sort discuss whose ten busi group,0
select click offer guarante click offer card later coupl open moment someth,1
project updat meet lawyer process better add repres beat test work someth subject join forget far mr thought offic type establish actual decid,0
schedul confirm team sync red defens first occur still ahead contain drug somebodi look campaign,0
project updat schedul top budget group shoulder movi model provid congress dinner list adult power artist though someon reach pictur economi,0
weekli report project updat machin ok war sourc paint qualiti yard social intern film somebodi head current move,0
schedul confirm team sync paper major analysi,0
weekli report schedul way method skill must wrong walk alon capit common mr key sing,0
schedul confirm project updat economi watch affect research sea pay degre newspap act caus director later creat secur,0
select offer win offer free free often cours water valu help woman beyond condit leav sort miss,1
schedul confirm schedul necessari upon major write learn resourc travel includ place prepar,0
weekli report meet detail abil intern protect perform wife train child colleg lead gener hand dinner,0
meet remind schedul win total key thu toward fli comput produc far,0
meet remind meet agenc feder best perform debat leader defens middl either even busi read color yard chang six would long togeth,0
project updat project updat agent add look past key laugh voic civil although understand network either tradit,0
project updat report chang busi along sport tri govern smile wall presid drop situat approach method rich,0
limit offer cash urgent cash guarante urgent free cash win win free cash guarante guarante guarante click ten hospit capit activ success system prove,1
project updat project updat coupl right agre paint news low turn realiti carri money enter happen eight,0
win big click free click cash free win cash click offer guarante free perform feel certain describ beauti,1
project updat team sync seat tree serv star profession choic instead take summer,0
weekli report budget review teacher tell scene year rememb effort much probabl word side form upon among agreement hot attack,0
meet remind schedul campaign join entir side oil prepar establish ga green requir surfac,0
schedul confirm team sync final toward wide north anoth busi everyth find hand,0
urgent cliam prize guarante click urgent urgent free free explain parent eat teacher begin player,1
weekli report budget review articl word exactli door occur least fill black manag recent troubl prepar fine degre,0
urgent cliam prize urgent cash free free limit offer click imagin debat must somebodi concern purpos answer,1
urgent cliam prize cash win click urgent click limit win limit offer cash win offer cash guarante interview purpos decid realiz materi firm,1
meet remind report focu system effort like improv often babi hard offic far health wind think modern live,0
schedul confirm meet high suddenli send risk languag still reflect includ scientist four sport heart capit realiti west woman,0
urgent cliam prize win limit click free click win limit offer urgent limit offer citi sure check allow choos tri worker admit trade,1
select win win free click click click guarante guarante cash urgent guarante trade earli could lawyer space form group hope activ imagin,1
weekli report meet requir alway field treatment research upon believ elect method reason nation tradit brother commun decad receiv son,0
win big click cash free offer offer limit win offer limit offer cash differ five rather us billion eight yet model polit,1
project updat meet run throughout dream manag leav agre human standard face citizen listen radio soldier,0
limit offer cash limit guarante free click urgent offer free offer click use secur sign rememb charg probabl,1
schedul confirm report soon affect bad organ pull stay degre foot get good dinner person growth rock offer pay one number mani educ current,0
win big click cash offer click cash win win free win cash free urgent involv bill democrat field song exist visit success heavi sport event,1
meet remind budget review gener site around onto idea matter manag one sever thank,0
select free cash urgent limit win limit win offer cash cash guarante seriou old common everybodi trial individu explain,1
weekli report schedul consid section station form among congress professor easi,0
weekli report budget review full budget join film posit readi elect author sing five wear cut trial,0
project updat team sync mother commun pass level rememb whole water magazin manag realiz line sever sea walk,0
meet remind report activ product resourc player nice system give offici coach join hear understand space theori,0
urgent cliam prize cash win urgent urgent offer free limit limit offer free guarante free free free walk employe open bank pressur rais song church,1
weekli report team sync dream someth econom visit enough news safe old democrat environment messag alreadi suffer explain high,0
project updat project updat institut gener build sign small state larg ga name chanc,0
win big cash limit free free free guarante free win offer cash click limit yeah behavior militari author space identifi happen girl agreement,1
limit offer offer cash win cash free limit win win click guarante win guarante morn receiv white tonight agenc dinner studi current dinner,1
urgent cliam prize offer cash limit click win free urgent urgent cash suddenli modern owner decid offici sport chanc inform,1
weekli report project updat coach seem person challeng bill work seri race activ total,0
win big win limit guarante urgent free abl meet clearli student red right babi trial vote polici,1
schedul confirm meet babi effort valu teach factor south music exist anyth factor,0
project updat report voic messag polici chanc true program cut get oil relat upon pay paint share avoid free ok remain,0
weekli report report pm wrong soon rise girl bed rich item sever valu six blue behind,0
limit offer urgent urgent offer urgent limit urgent guarante click cash cash win click section right bill interview car site entir local,1
weekli report project updat discov court differ mind import media model western inform audienc kid present though televis,0
schedul confirm budget review pick exist howev wide woman import detail record sea main fish view without maintain,0
meet remind team sync wrong model choic reason recent ahead woman argu short audienc live elect phone skill win door today never son includ allow poor situat,0
project updat project updat choos peopl amount goal seri chanc,0
weekli report budget review home whole foreign servic spend enjoy second,0
limit offer urgent cash click offer limit free click cash offer urgent free urgent free win analysi strong coupl busi sister anyon,1
schedul confirm schedul coach ahead star campaign impact challeng actual,0
project updat meet give near side blue grow present teacher pull week mind materi,0
limit offer urgent free win win win limit guarante cash urgent click guarante urgent limit win win administr think teacher real build coach project sinc,1
urgent cliam prize free offer offer offer cash click cash urgent free urgent win guarante guarante limit limit evid success look everi put usual page issu stuff health right perform model,1
project updat team sync agreement learn artist voic peopl whether requir seriou signific,0
meet remind schedul note half mean specif let includ financi nice kid song,0
select win limit cash free guarante guarante click click cash win urgent offer guarante trip mission record head pattern lawyer close custom thousand child,1
schedul confirm meet run price skill larg oil word area section run yeah ground,0
weekli report schedul guy husband respond soon even mean method appli among month song feel trial author,0
meet remind budget review beauti decid address technolog beat realiz region huge opportun offic institut feder,0
weekli report team sync time build person man son long deal note religi continu team media rock,0
schedul confirm team sync quickli recogn like citizen anyth better focu meet big meet dinner dark,0
limit offer guarante click urgent offer offer win urgent offer want care old becom polici success live loss poor actual,1
select win urgent limit win offer free win urgent cash urgent click click free cash limit mention toward station color care militari easi similar top wear,1
win big win free win guarante offer free cash anoth safe need onto hotel pictur seem sinc,1
meet remind team sync part actual even power assum realiz call tell six blue especi tv,0
project updat schedul pictur trip within person money concern far professor enjoy whole small know oper colleg second bank field reach,0
schedul confirm schedul job train anim bill tradit live travel futur polit develop main insid draw polit beauti wish partner feel,0
limit offer free offer limit guarante cash beyond arm occur exampl teach reduc secur respons huge,1
select cash limit cash limit limit urgent decid nation polici save still elect result draw go woman million,1
select offer cash win win limit win click click cash urgent free click free offer money militari analysi top across occur visit four parti catch girl,1
urgent cliam prize cash offer guarante limit limit click cash click limit offer urgent click line late cup rang sourc market statement,1
project updat meet import condit success hous record almost accept economi cover process parent kitchen,0
project updat budget review event necessari race tree consid exactli though visit,0
win big offer win guarante free offer urgent urgent central avail materi author plan choos model,1
schedul confirm report today road requir laugh heavi style build month comput imagin maintain fine tv anoth,0
meet remind project updat argu figur challeng futur reflect firm father cultur edg age sourc physic plan,0
limit offer free limit offer win offer click limit offer click offer urgent urgent click cash offer reveal father variou ga short manag light road,1
urgent cliam prize win click urgent limit free urgent intern relationship reason realiti long difficult outsid seri foreign,1
project updat meet serv produc paint fall,0
project updat team sync physic tv howev develop sourc exampl ground feder age year whole artist moment,0
weekli report team sync argu evid necessari outsid employe ahead tree must letter soon high woman presid part level right,0
urgent cliam prize guarante limit guarante urgent click offer offer coach rememb set cost well center sever,1
meet remind budget review newspap identifi option western site foreign,0
win big cash offer click click urgent urgent free limit win limit limit click offer limit click act whose throughout tax use film mani,1
urgent cliam prize cash guarante win cash win click limit guarante cash click guarante urgent offer offer stuff remain like seat suffer respond marriag toward director market product differ,1
schedul confirm schedul prepar money onto film send director hand trade polic box,0
win big urgent offer limit guarante limit offer guarante offer free limit win free babi audienc accord quickli phone includ seat concern,1
weekli report budget review quit return deal black claim,0
win big free win guarante free free offer urgent limit click cash offer guarante win limit win decid next assum music coach understand repres whatev tradit third,1
limit offer limit click cash click cash cash free alreadi energi often weight everi medic daughter list famili ball,1
urgent cliam prize click guarante limit urgent limit win item physic cell ten impact side record,1
weekli report budget review call new data open star pictur fast stock develop whether execut,0
schedul confirm team sync manag particip difficult even professor rememb specif produc prepar staff surfac success next occur standard sister particip,0
meet remind team sync compar game half shake account base feel ok tonight word check countri husband organ firm,0
win big cash win win offer limit offer cash win offer urgent win cash exist us hope field type like messag present bar book huge reveal movi,1
urgent cliam prize cash limit guarante free win win urgent win offer guarante urgent click cash click cash cost learn pick leader left room board challeng chang begin wear better,1
win big click win click click limit limit cash offer urgent free offer cash click guarante sing measur bit fall win fall way bodi write skin,1
project updat schedul north child forc wife stock start much past respons,0
win big cash click cash click limit click limit limit limit free urgent urgent win win far student soldier establish standard eye,1
weekli report meet profession reveal price begin face word,0
project updat report win elect choic data differ rest yeah begin trip treat pressur natur meet,0
urgent cliam prize click cash guarante limit guarante guarante strong pull money book bill room,1
schedul confirm project updat region work add street mani manag join bring son paint speak,0
project updat budget review six sinc plan right laugh purpos treatment deal back design better agreement readi tough,0
weekli report budget review describ deep charg rise rate decis tax occur strategi campaign final glass bar word remain five,0
urgent cliam prize click offer free click cash win drug speech probabl necessari contain foreign,1
schedul confirm meet product item may tough necessari matter middl three fund least bank approach success former trade,0
schedul confirm schedul base presid state republican hour accord summer develop seat truth,0
win big win click free guarante offer win offer limit click urgent win free free urgent cash imag continu increas sound bit plan sourc player listen south thank,1
win big cash guarante win guarante offer guarante area student appear avoid sing full,1
project updat project updat differ howev smile pm sell stage sever ahead tv expect,0
win big urgent click free click guarante offer guarante free method pick short page southern econom week safe,1
project updat meet mani feder seek possibl polic anyth mission tell clear,0
meet remind team sync affect hard network anyth determin treat differ set senior,0
weekli report project updat yard collect despit space well strategi view worri avoid action good live execut program enough,0
select limit free offer click limit cash offer win urgent limit manag see hard rich window race chang issu offic town,1
select urgent cash guarante guarante click urgent guarante limit click click limit click limit limit station ye probabl whole movement today bad friend,1
schedul confirm team sync far almost accept hous glass perhap exampl level answer strategi arriv star relationship maintain throughout sport imagin attorney take,0
project updat meet singl tv compar difficult work meet hospit hundr throw decid middl coupl,0
limit offer win limit limit win free offer guarante offer guarante develop reason confer identifi white board cultur practic identifi,1
project updat budget review help entir either light fine interest focu chanc inform soon shoulder along assum number main decad,0
meet remind schedul suggest argu variou choos face project kind finish deal visit oper consum opportun expert food contain,0
weekli report report point begin ground heavi far read degre stage standard draw want work insid nation,0
meet remind meet scienc brother bring peac grow happi box woman scientist choic hot last,0
limit offer cash limit guarante free click win free offer use feder govern born reason method score popular ye increas purpos writer,1
select cash win free free free offer offer click cash win win free among book type could whatev intern think near quickli free travel defens perform,1
limit offer urgent urgent free urgent free click win click differ cultur expect door collect back,1
urgent cliam prize urgent win cash free cash cash cash offer market vote tough blue produc wear eight break perhap offer,1
schedul confirm report pull look process ok natur catch often spend half eat sort compar join littl perform,0
weekli report project updat staff fact let view individu choos think tri space view ball purpos,0
limit offer guarante guarante free click win guarante especi southern suggest attent industri collect rang posit larg,1
urgent cliam prize limit cash free limit cash click click click win cash cash offer win guarante offer educ countri candid success class bag see side pretti lot true,1
win big limit limit click urgent offer win limit click guarante cash urgent free offer free simpl sound agre import rate home game campaign attack week,1
urgent cliam prize limit win win guarante offer guarante cash urgent free member posit tradit establish get like choic world,1
weekli report schedul explain product part real relat member trip state share hour daughter ok two inform abil focu final media key,0
weekli report budget review account issu forget properti middl around area hospit compani final build,0
project updat team sync blue train everybodi choic close cell increas hour artist lose cultur comput,0
weekli report report tonight across follow much rise along adult,0
win big click cash click limit click free limit free limit offer urgent guarante cash limit guarante charact stori town play physic hotel,1
urgent cliam prize cash offer urgent urgent limit urgent free urgent explain requir alreadi name respond,1
urgent cliam prize urgent offer free offer free dream listen forget purpos east parent certainli half custom ball event tradit,1
limit offer free guarante click urgent cash offer offer guarante doctor fact across good,1
project updat schedul civil item compar finish use want town caus product senior peopl eight whose televis cut littl,0
meet remind report red instead stuff make wish public polic may answer coach small loss,0
urgent cliam prize guarante click win limit free click free urgent click kitchen question particularli guy major team talk avail develop,1
win big click win offer urgent win urgent win guarante free win urgent research coach messag charact quickli abl ago reflect environ continu western insid,1
meet remind budget review letter system current small use draw mind minut babi meet key ten speech,0
weekli report report let nation ever number wind white less six find prove street technolog sign network rich,0
urgent cliam prize free offer offer free limit click cash cash cash girl thing leader step polit window concern interest,1
weekli report schedul mr trip troubl among view interest,0
schedul confirm project updat oper necessari parti especi agre measur rais artist,0
limit offer offer free limit urgent cash win guarante win might stop sell catch travel,1
weekli report schedul protect account serv glass statement elect contain comput least receiv debat qualiti pretti product,0
select cash click urgent win offer free urgent cash win win click offer click free free five task sinc polit resourc major skill show weight,1
urgent cliam prize free guarante win win guarante offer cash limit guarante offer guarante cost old thank sever tree total school,1
weekli report project updat throw power near trial arm hospit gener countri window crime simpl,0
schedul confirm team sync ok capit seem brother seri speak tonight perform particip dinner custom along arm let want,0
select win guarante guarante guarante free start measur deep care other comput true abil speech player away word,1
urgent cliam prize win free limit limit win guarante win offer pull war top long air fish remain sens save coach result,1
urgent cliam prize offer offer click guarante urgent click offer urgent shake sinc author anim ye order degre page parti step,1
project updat report thought maintain author room walk top home skin player leav fall receiv,0
weekli report meet go feel summer rememb offic lead elect debat least point goal line plan lawyer door,0
limit offer offer click limit free guarante free win click court town reach dog long month nation reason wish,1
select guarante guarante win win win offer guarante urgent win click limit win free cash food someth quit account caus secur ever,1
project updat project updat size pm capit similar north one idea machin field,0
limit offer free click offer click guarante win free win window none employe probabl base eight simpli care effort road seriou,1
meet remind schedul charg treatment low pattern countri societi south fear figur voic eight differ inform reveal establish plant singl five half long sort drop medic could,0
win big offer urgent free win guarante guarante oil spring plant rich respond bit,1
urgent cliam prize click win win cash click urgent guarante win urgent free win smile week foreign standard cost whose note pretti rais mouth high,1
project updat schedul lead return charg ga tabl east produc red area alway,0
meet remind team sync though drive occur stay owner hold quickli compar build ok big challeng data,0
meet remind project updat worri father mani contain provid drive safe bring valu product,0
meet remind team sync differ note stuff two reason perform world,0
win big urgent limit free urgent limit limit click law bodi part second season wide tv execut show,1
schedul confirm schedul account like place church model wait everi would agenc figur power spring anyon money,0
meet remind report fli campaign third black receiv worker game,0
project updat schedul posit race simpl teacher white kitchen central without special qualiti gener report behavior method,0
schedul confirm report technolog surfac use provid lawyer result simpl foot well resourc life yeah yeah wind accept natur societi write race,0
weekli report budget review babi effect stand claim remain kitchen pressur human moment let end pattern form world,0
schedul confirm meet make close daughter worri next treatment look within,0
weekli report schedul fight readi site sever statement check human respons adult pay matter ball properti heart team centuri,0
meet remind report ok almost includ public condit insid choic militari benefit second type,0
schedul confirm team sync art brother fight hot exampl beyond soldier age stuff model partner,0
limit offer free urgent offer urgent guarante doctor like third congress feder huge three major front,1
select limit cash guarante urgent cash win hit per train everyon start man actual hotel pass foot,1
weekli report team sync past measur note centuri wait candid amount class hope happi nation pattern seri pressur find author creat particip capit sit,0
weekli report team sync econom thu face contain rais church oper mother end,0
limit offer urgent urgent click urgent urgent guarante click limit limit key product game alway understand improv central rock,1
meet remind project updat husband skin end fund system bring ball seri get ever stage good languag avoid claim,0
weekli report project updat offer light live put drug feel learn part probabl stage,0
weekli report team sync standard polit role seem,0
limit offer urgent urgent click urgent win win guarante cash cash offer free fli trade rest mr perform languag,1
meet remind schedul sell readi draw experi compar agent exampl decad less central eye line,0
meet remind project updat world mean dream point happi organ today rememb drive place centuri,0
limit offer urgent win cash cash offer urgent click guarante urgent limit guarante click free urgent exampl modern fight huge bank write billion,1
win big win guarante free limit urgent cash win click limit urgent offer click win top star bed mind media skin along blue,1
limit offer limit cash guarante cash click limit win urgent free click urgent rich parti work none explain institut,1
meet remind project updat train list region glass skin thing teacher contain record month white polici suddenli involv program want simpl day seven result,0
project updat team sync summer religi pm address note nearli lawyer,0
meet remind project updat help line list method main answer approach polici accord worri see great like hair capit,0
select win limit win offer click win heart hot becom fact husband father prove although section senior,1
meet remind project updat author nation question design wish report window religi kid within structur everyon middl,0
meet remind project updat research lead contain list,0
weekli report meet sometim far way colleg give,0
meet remind project updat militari voic player eye road yet without crime minut signific radio,0
meet remind schedul western white case interest cell rather group list risk reduc factor skin result,0
weekli report schedul red us give option agent evid surfac program develop,0
win big offer win cash cash win guarante attack music five shoulder seem,1
schedul confirm team sync stori chair protect yard movement tough organ hospit usual fine arriv surfac ye nation,0
meet remind team sync safe never materi seek give countri week coupl adult serv posit space realli leader oil least model floor environment,0
project updat meet insid minut execut small fill hospit respons institut,0
limit offer click guarante cash limit free urgent limit limit click win free urgent director away thing doctor far age must fine clearli soldier rest,1
weekli report meet describ center although actual law determin cours meet defens attorney get avoid receiv,0
select limit urgent free urgent click cash urgent click urgent click guarante guarante guarante limit offer audienc art perform reach film posit cold,1
weekli report team sync accord sell life sister past serv list score,0
meet remind report technolog everyth push pretti audienc top particip leg road parent situat detail republican southern job station name rang,0
meet remind project updat project environment gener tell eat court meet societi process chair case,0
urgent cliam prize offer guarante win click cash limit urgent urgent win limit littl central similar countri audienc stay wind togeth,1
project updat schedul person man alway figur race manag hear peopl ye result point tree arriv point network watch someth mr,0
urgent cliam prize cash free free click urgent guarante limit free offer urgent growth run sing fall leav chang,1
meet remind report purpos ever activ coupl pull person growth offici affect identifi star,0
select urgent urgent urgent click win offer click free guarante click guarante free guarante limit tabl agenc seri studi posit walk meet case heart,1
limit offer free free offer urgent urgent offer urgent limit cash win guarante offer win want focu letter fill enjoy door minut rest,1
select guarante click cash guarante free cash offer cash urgent enter big career suffer garden,1
select win free guarante free guarante win offer free offer offer limit win movement author citizen light address report hold notic glass,1
limit offer offer free free click urgent win win click cash click win limit urgent inform activ ok agenc might alreadi,1
project updat project updat model alon movi pick one anoth soldier,0
limit offer cash urgent guarante click guarante win cash urgent guarante guarante click leav sell easi amount side pass,1
weekli report project updat candid road next anyth trial yeah person tri see grow lose everyon economi worker among center level money method media mani thank,0
urgent cliam prize guarante urgent urgent urgent urgent offer win guarante offer cash urgent cash guarante yeah million land enter south set eat,1
limit offer limit cash click offer guarante urgent click free guarante mani begin opportun whose beat environ,1
select free urgent click guarante urgent win free urgent urgent fine poor bag describ free,1
meet remind team sync travel note style billion agent world notic teacher mani minut worker build rule rang strong mind pick,0
select guarante free click urgent cash urgent offer cash click region store floor direct address rich,1
meet remind team sync bag process determin,0
project updat budget review street even ask heart seem insid anyth studi thousand discuss bad new,0
select cash guarante limit cash urgent guarante guarante urgent win cash free free offer free record particip arm statement teacher whole,1
meet remind team sync next noth car kitchen import establish debat kid pull machin lose shoulder item left beat,0
win big win free win win free free offer win win urgent cash limit cash free click rais issu increas dog visit skill,1
win big cash guarante guarante win guarante guarante cash urgent cash urgent free let major hand citizen citizen green offic kid kitchen,1
schedul confirm report woman machin skin remain,0
urgent cliam prize free urgent win free click free cash click offer click guarante limit offer offer win learn describ glass improv pay discov husband,1
schedul confirm budget review good pull exactli includ enough teacher set art guess step firm,0
meet remind report pull ga subject peac democrat newspap fire environ let like bed measur offer stuff edg els,0
meet remind meet contain sign hour name differ success cold think involv argu son,0
select click urgent click cash cash win limit free free offer win stage decis subject crime event fast charg readi guess confer would friend,1
schedul confirm report happen kid plan still catch leg tell,0
weekli report project updat six job determin return reach ahead loss signific dog sever trip heart ok famili,0
win big cash win free guarante urgent cash anyth posit million budget busi strong voic west forward difficult,1
win big cash cash win guarante free stop growth area dinner season parti measur news,1
limit offer cash cash win cash urgent network economi lead word lay agent attent everyth director human,1
meet remind budget review stori save ground care director remain,0
project updat budget review light servic fire eat onto parent comput differ prevent wind employe variou half,0
weekli report schedul treat major free give public put test minut differ model cut,0
win big offer free cash cash limit offer visit piec includ whether like congress,1
urgent cliam prize offer urgent urgent win urgent limit offer offer limit cash huge parent behavior republican food bag soldier,1
project updat schedul avoid differ scene open stage heavi make build tradit,0
urgent cliam prize limit cash urgent guarante guarante guarante guarante win offer guarante urgent movement partner everi research professor power item fli nation,1
weekli report meet point wrong skill rest design factor know view score detail though wrong,0
weekli report team sync paint other ball place insid lot worker base vote cover lot pattern popular chang exist,0
project updat schedul within major per seriou troubl fast give watch piec yeah,0
urgent cliam prize cash offer free cash win urgent offer click guarante urgent guarante win urgent urgent cash fast energi chang pictur job leader add onto ye project new,1
schedul confirm team sync toward qualiti recogn bit six draw republican wide earli war work matter care focu concern,0
schedul confirm team sync candid food fight partner paper us today moment tonight state comput admit newspap,0
limit offer offer cash limit limit offer click click limit offer guarante win win win urgent interview establish wish imagin sinc decad societi televis tonight,1
project updat report pictur countri half smile father group tend notic current activ ground reach,0
meet remind meet market tabl threat market health decis three,0
weekli report budget review seat whose professor machin talk human anyth visit popul upon brother differ similar seri littl,0
select click limit cash free cash cash gun see imag inform think requir save war relationship particularli boy shoulder heart,1
win big free urgent click urgent click urgent guarante urgent drive catch miss consid clearli blood babi pay wrong,1
meet remind budget review size last,0
project updat budget review grow long media measur crime action number,0
meet remind project updat claim oil articl economi guess room fund better market treatment valu late small cultur ever sort paper protect languag upon point memori,0
select cash limit guarante guarante click click limit limit guarante cash guarante free guarante back threat teach allow interest abil long,1
meet remind team sync suddenli suddenli get current power possibl certain board least reflect recent,0
urgent cliam prize urgent free guarante limit limit free free click cash click skill condit reflect class close side wait keep guy side cold either,1
weekli report report across million republican fine fight success leav look sinc yard polic event court often floor husband,0
weekli report schedul articl includ guess choic across fill group accept local head career vote,0
urgent cliam prize cash cash guarante win limit cash cash win station exactli speak feel knowledg howev intern debat address,1
meet remind team sync ground pressur model peopl togeth speak,0
win big cash win click click cash urgent free cash far rest risk home score doctor colleg throw,1
win big free offer win guarante urgent free urgent click offer offer option identifi today design,1
select click free offer cash click phone store manag author realli effect,1
project updat report coach major sever industri west mention approach fear student yeah pressur modern seriou network manag bank identifi turn,0
meet remind meet particip reason certain forward drug figur crime invest end american seri move front suggest nearli avail individu second,0
meet remind team sync three rich serv difficult bed ground manag caus son,0
urgent cliam prize guarante urgent guarante limit guarante limit limit scienc husband look centuri attack impact exactli televis sort guess,1
limit offer cash limit click cash free win limit guarante urgent offer urgent click limit scene condit opportun mind four profession,1
weekli report report level career number week tell institut live relat variou execut mention issu work effect center light,0
project updat report quit boy build send fear media risk manag discuss none prepar return analysi somebodi,0
select win offer guarante limit win limit limit click cash urgent cash limit free free never go person focu,1
urgent cliam prize offer limit guarante win limit offer guarante qualiti rock newspap back box name bill spend,1
urgent cliam prize guarante click guarante limit limit guarante offer click guarante guarante win cash win guarante offic scienc prevent four scienc whose happi,1
weekli report schedul part deal owner often dinner soon bed protect cours amount thu worri challeng,0
project updat team sync major employe talk religi littl plan air stuff glass modern everyth notic return compar beat discuss religi former ye matter hot game effect land skin,0
schedul confirm report free film summer central kitchen learn treatment account sourc set,0
win big urgent limit offer offer urgent limit guarante guarante limit urgent guarante click guarante water travel per capit clearli admit day stori idea pay campaign,1
project updat team sync night view differ analysi build air approach beat,0
urgent cliam prize offer guarante guarante cash click limit win cash click click account power particip free place imag child,1
weekli report budget review import board train attorney writer earli camera ten govern south blood kitchen product beauti hold,0
weekli report schedul along save develop fill throughout bit result instead sever,0
meet remind project updat leav result window say interest babi hear,0
schedul confirm team sync hous final whose wife dark deep imag media alreadi send west rate live loss seri foreign,0
schedul confirm team sync bodi hear evid best question also specif troubl issu abil thank age home child mission six noth,0
project updat report finish today famili marriag voic head qualiti chang comput sometim anyth serv respons,0
schedul confirm schedul school nice figur babi race troubl famili write partner trade model resourc usual firm accord behind singl properti,0
schedul confirm project updat particip everyth green decid industri truth job carri anyth natur account level strong,0
project updat report product televis outsid place alway special adult rate offici physic heavi smile maintain memori,0
meet remind meet wife properti manag famili within scene hear simpli ye though term popul social law never charg never well,0
weekli report schedul central law peopl surfac attent agent suggest oper within us,0
urgent cliam prize click urgent free offer limit cash urgent guarante free free want miss offic dark fight join could differ,1
schedul confirm project updat among among anyon morn strategi bill much success analysi visit fall futur score commun babi final rang race serv catch,0
project updat project updat eye polit leav four differ begin manag far languag argu hope activ attent blood box,0
meet remind schedul sinc threat cultur variou determin leader imagin cost eat debat,0
win big guarante free urgent limit guarante town full discov purpos car later detail,1
schedul confirm team sync want thought east region exactli expect project wife section inform,0
select win guarante offer guarante win cash limit urgent free free urgent guarante guarante click cash look small increas point team power benefit common execut forc hundr,1
meet remind schedul poor room nice,0
win big limit click win guarante free offer free win cash page push east blue old billion dinner special system militari surfac visit soldier,1
meet remind schedul educ establish focu mission camera type televis agreement ago relat director floor charact often,0
select guarante limit urgent limit offer win limit offer click click guarante click guarante stand necessari wear rang lawyer polit administr,1
schedul confirm team sync confer coach particular bank situat worker similar scientist famili determin follow,0
win big cash free urgent click guarante win click free click limit offer attorney vote size area break includ chair meet leav attack parti,1
schedul confirm report administr lose weight execut wind matter actual low common make singl speak continu keep staff return attack,0
limit offer win guarante offer win limit cash win win urgent urgent urgent offer amount sit star town particip final someth enough stand involv someon,1
weekli report team sync child suddenli eye wonder mention anyth probabl safe reason democrat attent cost oper thu,0
select click free offer limit click free cash free win win guarante urgent click urgent type may determin record eye intern paint speech mind similar,1
urgent cliam prize win offer win limit offer limit offer offer free offer urgent win buy decid polit instead take eight popular road soon,1
schedul confirm team sync carri difficult administr build tradit place green relationship gun age project good theori includ brother,0
win big offer urgent urgent cash urgent limit win urgent limit cash urgent simpli artist bar five visit speak piec build edg,1
meet remind budget review boy week music rise share well,0
win big guarante click click win click limit guarante offer offer question beauti scientist cover lot everyon store big product posit,1
urgent cliam prize win urgent offer click guarante cash guarante limit offer click free click limit offer leav much hospit time talk imagin sound notic,1
schedul confirm schedul perform law posit affect sure season middl trade today howev,0
schedul confirm schedul mouth around commun chair model address price hit major guy peac gun discuss,0
limit offer offer win offer click offer click click cash seem teacher fast abl societi word,1
project updat report offic pm toward simpl total cours congress democrat role network,0
project updat schedul hard either caus sens receiv,0
weekli report meet reach sens wall item goal end everyon buy dream fall travel fact author,0
weekli report project updat particularli buy total space realiti return messag sign bar foreign real health,0
schedul confirm report detail ahead owner order note rule plan listen whether network dog civil final book chair success magazin total improv benefit,0
project updat meet strong resourc time fli,0
win big guarante limit guarante guarante guarante free urgent win urgent limit urgent win free free guarante food whose soon control abl,1
limit offer cash offer offer free urgent limit free gener edg actual sport result far night mr,1
limit offer guarante cash offer win cash cash guarante win free guarante win win guarante win gener head hope believ cold could democrat career,1
project updat project updat yeah data section way strong heart past feel see public includ eight town art cell appli tough,0
win big win offer free offer cash free control sound becom oil artist govern west even,1
limit offer limit cash limit free click urgent urgent win offer click win guarante limit page reason window establish compar,1
project updat budget review success involv agent four exactli road focu candid pictur ago toward card member dog,0
schedul confirm schedul televis class woman say along focu cell american oil loss control land offic mean larg rais insid concern fli attorney plant dog presid,0
project updat budget review religi term second per tell,0
schedul confirm meet debat look ago away team polici whose maintain half sell third alreadi take doctor lose moment,0
meet remind budget review author enter alon particular road final studi administr final sort without door stand,0
select win free cash free urgent free involv part practic messag coupl high similar face,1
limit offer win win win guarante guarante guarante crime rais hard white ground name usual look deal home first thu,1
win big cash win guarante urgent limit cash click guarante win offer limit click offer cash offer six blood sign fund rich believ specif,1
win big click cash cash limit free offer win click click guarante limit none past often focu long drop must report,1
project updat schedul though imagin success cold peopl lose test director blood face woman yeah main polic poor begin threat alon seem profession black lawyer,0
project updat team sync relat line floor tradit degre agenc ok,0
win big urgent urgent urgent offer free drop school bit field impact sourc cost use,1
meet remind meet exampl half wide trial everyth night want expert size term learn great structur cultur,0
meet remind budget review would region give throw bed seek close establish,0
meet remind team sync town door plan still phone word design radio buy,0
select urgent urgent cash win win free cash guarante win offer limit guarante anyth good poor tradit look,1
meet remind project updat economi gener boy level sever remain administr present loss cell act,0
select cash limit click guarante free click guarante role econom season recent bed none spring like seem western newspap,1
weekli report project updat although interview money test alon address draw lead continu trial audienc anim,0
project updat team sync consid futur program see clearli instead whether environment part explain memori,0
weekli report report civil sometim agenc realiz could letter tax wife season truth democrat,0
schedul confirm meet away surfac physic howev repres bit everyth ball respons major speak morn capit reach pattern sister earli,0
meet remind schedul materi morn care school affect famili democrat fli space compani benefit feel medic hit job tree littl fact,0
win big urgent win click urgent win urgent cash free offer read particip peopl church degre main gener onto citizen,1
limit offer offer offer cash limit free urgent free cash click limit cash win free free back meet tough season car suffer look notic real,1
project updat project updat huge risk wind teach within action talk movement econom claim perhap tri protect,0
project updat budget review catch prove center mean kid languag dream,0
schedul confirm project updat great person unit employe even singl close money stage,0
meet remind schedul still choos polit season concern,0
weekli report project updat tonight air eye difficult opportun scienc team music car,0
meet remind report hear attorney evid daughter notic success abl help town like babi,0
select guarante urgent limit limit click guarante click click limit tv seri realiti money author goal enter kind degre live sure player key,1
project updat budget review final career result thousand cut peac parent none singl girl group,0
weekli report report futur realli reason win could ball possibl mouth posit focu feel guess good thank,0
weekli report report first class adult manag much wait still old believ good word,0
project updat meet parti realiz support attack statement wife good draw month recent,0
weekli report budget review bar provid season term film worker think toward employe enter purpos note,0
select guarante guarante guarante limit click free click urgent click cash cash guarante limit reveal style challeng tv,1
meet remind report statement consid piec alway edg open enough choos howev,0
schedul confirm project updat southern upon hold truth interest,0
meet remind team sync onto southern morn leader littl plant true reduc econom seven inde want whether,0
meet remind budget review address foreign exactli reach particip subject readi good child indic,0
schedul confirm meet live cut rate though gun wall dog next head shake bad church,0
meet remind report pass north gener bank join sometim pm task thank arriv home whose polici bank wish,0
win big click click win win free offer limit click click success trial score friend loss forward natur camera home impact,1
project updat project updat heart star support career futur soldier central night join need follow,0
project updat budget review deep heart crime tradit develop pick movi pay possibl centuri militari read within busi beat clear talk,0
weekli report meet enjoy tonight east larg child rule card seek especi govern fight particular even start shoulder amount becom form yard,0
schedul confirm schedul media type though activ newspap feel group use build,0
meet remind budget review entir us southern sell ahead sport affect,0
meet remind meet someon maintain blood firm enter area tax right serv assum gener approach easi stage truth,0
weekli report team sync seri detail total break land walk would,0
select free urgent urgent click urgent urgent cash click offer free win offer task left new mean attorney rather reason far,1
limit offer cash cash offer offer win free win offer cash urgent sort heavi black everyon vote amount central,1
limit offer cash free offer offer click click race establish either sometim high,1
select limit limit guarante limit free cash cash click urgent offer cash soldier beat describ term offic open white mr husband,1
limit offer cash guarante cash limit limit offer win offer win offer guarante click cash free offer languag fast old stage memori clearli short,1
schedul confirm meet cultur rang red hospit direct thing professor nice brother tax physic begin win sea phone life us beauti field hot amount,0
project updat budget review smile wrong fish begin capit field send fli charact wear receiv train machin alway author,0
meet remind schedul pass trial western citizen practic crime oil plant particularli,0
limit offer limit guarante click offer offer win guarante guarante guarante urgent click offic much key necessari tree green continu unit young requir agenc,1
win big click guarante offer limit free guarante click win guarante guarante theori insid safe total alon posit,1
schedul confirm budget review knowledg true deep decad recent feder public whole recent skill natur win rule purpos author,0
meet remind schedul friend vote news late one fast air pm poor qualiti structur final four hot purpos morn oper cold heart,0
weekli report budget review even sister wind would exactli defens spend quit reason citizen,0
urgent cliam prize free limit win urgent click cash urgent urgent limit limit cash contain could pictur suggest question sister team lose wrong,1
schedul confirm team sync teach modern heart hair decis ground coupl tree confer,0
urgent cliam prize click offer guarante cash offer free urgent limit click gener health mouth ago theori call pay differ factor,1
weekli report budget review free growth govern polit soldier arriv,0
urgent cliam prize free cash cash guarante free free limit limit limit click set imag argu offic call hot ball case,1
meet remind team sync bit act prepar sit whether arriv prevent speech avoid drug,0
schedul confirm schedul citizen success show seri gun statement gener real rather tonight rememb probabl offic key husband feel probabl,0
urgent cliam prize click urgent urgent urgent win agreement hous parti night billion exactli rock car kid abl short social answer,1
project updat meet nice form ahead bodi pick bodi democrat american includ yeah simpli magazin,0
schedul confirm meet energi option part word line choic total edg sign servic way tell,0
schedul confirm report good million piec guess attack receiv affect thousand north without rule five white share tradit attack,0
project updat meet decis art mani item get term,0
meet remind schedul car happi howev risk exist close newspap everybodi thing parent third suddenli test,0
urgent cliam prize guarante free win free free limit offer free offer guarante win manag identifi type bit certainli life mouth career,1
select click cash guarante guarante win cash poor page pretti call rock grow film,1
schedul confirm report control lead style polici camera manag effort dog bill great,0
urgent cliam prize urgent offer limit click win cash click guarante limit win offer guarante trip wind local remain difficult artist line owner,1
urgent cliam prize win free win offer offer click guarante limit click congress floor right within minut write,1
win big offer click cash guarante guarante urgent cash free guarante win guarante urgent click throughout six seat whatev season amount reach oil whole tax stay,1
schedul confirm schedul relationship languag part sea enjoy decid must go readi share amount card even loss signific middl check sens,0
weekli report report sister specif three common argu tri school situat boy least medic tell,0
win big offer free offer limit offer offer guarante offer win click urgent offer free offer oil stage tradit teach design star caus product possibl relationship,1
limit offer click win free urgent free offer guarante limit guarante free win cash offer free limit argu action open age improv amount lay season differ,1
urgent cliam prize offer cash cash cash free cash win hair six note pictur wide admit safe cultur although also word,1
meet remind project updat simpli edg produc water alreadi execut vote theori idea southern other wind ball agreement writer,0
project updat report lot project war pictur condit room paper earli elect issu environment figur,0
schedul confirm budget review listen stuff certain polici els rule educ work hit class blood compar eat,0
schedul confirm meet similar statement imagin beyond human never week everyth similar senior noth,0
select offer click offer cash click cash offer compani number indic allow song late,1
select win limit offer win free offer urgent offer urgent win click limit urgent win leg arm drive owner center chair,1
meet remind report low see book war insid local easi network rate surfac bring summer key,0
schedul confirm team sync clearli mission figur face perform reveal coach sister lead centuri hour child exist art also,0
select click limit cash guarante cash guarante guarante limit limit whatev next ago parti process score west countri west hot,1
weekli report project updat institut chanc term gener citi thu firm statement air reason mr materi among kitchen term lead,0
win big limit click cash free urgent click free guarante offer limit click click free urgent read across skin quit,1
win big urgent free limit urgent urgent guarante cash win cash limit click offer cash offer effect quickli defens pattern school tabl ask director run,1
schedul confirm schedul run west commun five paper send recogn address mr front state answer school line,0
meet remind project updat magazin requir good goal forward million anoth put whose prevent seri board guy alreadi four,0
win big offer urgent click limit free free win urgent cash win cash click urgent win involv factor system improv food kitchen,1
meet remind project updat kid real market explain mr per area defens littl town execut,0
weekli report schedul everi mention worker firm writer becom record larg sign scientist american magazin,0
weekli report project updat ga marriag need hundr turn small area song tough anyon,0
win big click urgent limit free guarante free limit cash guarante free cash style follow natur beauti question stage give,1
project updat budget review mean method follow econom alway rise member season main compani measur much fund sea hous rather ye,0
meet remind report chair fact process born bill mean,0
meet remind meet base truth involv signific trip back polic seem good,0
schedul confirm budget review els father edg prepar secur profession best live stay player,0
meet remind meet book better turn popul paint treatment check drug mother boy nice keep,0
limit offer free limit offer limit win urgent wrong field recogn new knowledg new stand compar presid could,1
limit offer cash free win click cash limit tonight phone paint share name enter mission order stock factor,1
project updat meet execut true listen polit blue sport growth manag respond sens,0
project updat meet anim big parti vote respons beyond book chanc rock offer back effect middl,0
win big guarante win urgent cash limit guarante guarante win cash free free guarante limit wonder summer media stori creat onto suddenli voic fight clearli light institut,1
schedul confirm team sync build day town worker major design follow crime church far hear,0
meet remind project updat beyond collect even artist cell street behind discuss half street job stori compar modern,0
weekli report project updat south eat phone messag discov kitchen bar action home subject town condit team environ,0
meet remind project updat continu worri step hope agent wind add heart,0
weekli report schedul expect soon minut think control behavior,0
win big click click offer cash guarante guarante click guarante cash limit grow exactli polici live mother sign alway yeah member send exampl ground,1
select cash offer cash urgent cash even rich light media whatev bank,1
schedul confirm schedul half pretti view readi institut front final size program artist wrong bank qualiti particular identifi particular present everyth,0
select offer guarante urgent win offer cash urgent win free urgent win offer free guarante anim moment best true first never coach,1
schedul confirm report strong class throughout bed near test nearli rememb watch effect see,0
project updat budget review note tri sister purpos hotel central popular fine help staff order behind ahead trade difficult player,0
meet remind report player second east manag without fire address scienc choic central worker candid term,0
project updat report seriou agenc effect seriou decis begin wrong north well chang beauti crime walk safe,0
win big offer guarante offer limit offer cash guarante cash limit limit guarante free decad avail ground concern financi check last way box car third let,1
project updat meet man program air process student strategi,0
urgent cliam prize guarante guarante urgent offer guarante click cash limit win cash win click summer east school tabl happi show forward born,1
urgent cliam prize offer click guarante limit guarante limit win win cash win soldier strong follow major would week network,1
win big cash click urgent click limit win cash offer guarante limit cash free win suddenli drive even amount trade,1
project updat project updat person fli machin tabl land catch plan differ still might impact charg protect qualiti certainli move custom age recent,0
project updat report degre key send buy beauti sens busi,0
meet remind project updat seri box rest grow practic piec speak social variou front worri collect professor,0
project updat schedul whether school make floor perhap debat capit sens train chair put front attorney,0
weekli report project updat method relat name chair strong instead member reach former marriag color mani get station bank yeah anim modern,0
meet remind report sit light suffer citi happi draw later small modern less troubl accept court action,0
limit offer cash limit free win cash urgent urgent offer free click limit click task toward remain anyth miss spring fine area team clearli,1
weekli report budget review anyon make believ capit societi line far american bit economi arm statement particip gun sever assum magazin follow posit,0
select cash urgent offer guarante guarante mention sister rate tabl three child heart,1
project updat report next reach station board never coupl life score pictur statement commerci ground,0
weekli report meet could rang season bad garden market similar artist soldier difficult cell,0
weekli report schedul garden drive els attorney eat almost reach clearli question almost fine turn littl perform contain,0
weekli report team sync site game late least compar way exactli noth tax skin gun commerci truth,0
weekli report team sync respond hear especi run get war mani secur hard,0
limit offer win guarante urgent cash urgent free free win click offer urgent guarante free school realiz game bad seem strong analysi truth govern claim,1
project updat schedul point break page bed type least citizen clear commerci lead budget decis,0
limit offer cash click cash urgent cash offer limit urgent offer benefit leader along whatev practic learn green line amount,1
limit offer offer win free click free offer cash urgent guarante win click free limit cash poor unit might red paint matter properti,1
schedul confirm project updat articl head feder energi pressur seven bar decad phone,0
select cash limit cash limit click urgent guarante click guarante sit three form natur wish campaign yeah though,1
urgent cliam prize win urgent urgent limit click click win whole paint recent movi western bad articl,1
meet remind project updat execut law phone smile song stand experi kind degre consum heavi play pressur teacher,0
urgent cliam prize win free urgent free urgent cash offer win guarante budget economi cold view movement later turn hit treatment scene,1
meet remind meet ye drive simpli audienc three financi budget firm area democrat notic cover fire send,0
limit offer free click urgent guarante cash free click cash limit guarante free bad accept like detail,1
weekli report report effect child bar gun life court want happen eight respons interview,0
urgent cliam prize offer click click guarante guarante urgent cash free free cash urgent click click cash click help back record gun teacher black idea gener appear heart administr treatment,1
select guarante guarante click limit click urgent cash urgent click includ accord newspap histori activ today prevent job confer heavi,1
schedul confirm schedul sell manag strong two bodi physic cultur far lead thought mr chanc fine realli fund report voic rememb colleg,0
project updat schedul inform anim life back commerci anyon whose well smile choic effort,0
meet remind meet free polic test act need appear keep develop activ hope,0
schedul confirm report lawyer produc smile final support messag assum benefit polic medic simpli art teach polici fight note tough process throw subject space task,0
schedul confirm budget review eight central open model although gener film standard someon blood presid modern leav degre cost,0
urgent cliam prize limit limit limit cash win cash free win guarante urgent urgent limit level week today like learn certainli research note certain get,1
win big limit offer guarante free win limit limit cash north three republican song north three nation condit drug,1
project updat report everi custom whole truth bring assum find music behind,0
schedul confirm meet bring crime practic page news could,0
limit offer cash click limit free free guarante win win offer guarante kind environment safe two opportun father machin,1
schedul confirm team sync peopl wait seem short noth check econom employe insid,0
schedul confirm meet interest receiv hold sometim entir old agent sea foot execut someon black center bodi particular everi move buy wish,0
schedul confirm team sync page cup court manag walk radio deal although quickli news manag administr nation agenc machin receiv articl speech black step impact prepar,0
limit offer limit limit urgent guarante urgent offer urgent urgent expert draw control school return,1
urgent cliam prize win click click click free game anoth resourc congress guy kid theori upon fill wait,1
urgent cliam prize click offer click guarante offer offer offer limit cash limit click free democrat without true chang strong famili futur south,1
project updat project updat agent road major usual daughter candid drive,0
project updat budget review finish fact speak ask help rememb,0
limit offer cash guarante guarante cash free urgent limit limit free win free free win cash click big day letter data,1
select win limit guarante limit guarante limit urgent guarante inde firm read inde nation daughter road,1
win big offer free offer guarante click free offer movi better test reason still level,1
limit offer win guarante urgent cash free click click offer offer offer free limit free cash win talk coach know agent cup without back claim grow sound continu,1
urgent cliam prize cash win guarante guarante win limit guarante offer urgent win urgent free free win effort director room environ describ ok,1
urgent cliam prize limit urgent free cash click urgent win limit guarante limit free win win drug fast treatment popul small properti look anim agent,1
limit offer cash urgent free guarante click urgent offer limit click cash click win limit requir artist sign reflect happi approach,1
win big free cash limit click urgent win win free limit guarante cash click guarante limit commerci increas outsid poor thousand rich,1
win big click limit cash free guarante urgent free free urgent guarante guarante free win guarante click add econom spend voic fish day,1
project updat project updat yard build law build step power bed thought design method better lay week test low piec,0
meet remind report thought develop commun strong dream per half third born enter economi live air seriou materi per land agreement mr,0
meet remind meet woman seriou issu player per fli especi enter event cultur activ congress turn seat noth fish evid tell,0
weekli report team sync offic usual laugh help rise sens lot bill coupl turn forc singl window entir soon dinner listen establish tree,0
meet remind schedul public focu profession larg stuff deep next rich kid good,0
schedul confirm budget review skill contain maintain financi fish report suddenli howev,0
urgent cliam prize limit cash cash free free free urgent guarante leader job insid least miss level vote,1
limit offer free cash guarante free cash limit cash cash limit offer click click check coach soldier indic arriv center,1
win big click free cash win cash differ store start inde,1
limit offer free win cash limit win urgent limit free urgent cash dream rise light notic dinner behavior signific huge,1
win big click win cash urgent urgent limit guarante cash draw alway along buy group bring loss everybodi hit earli,1
meet remind schedul court upon paint cell tv market senior low beauti let,0
select guarante guarante win click offer click win free win win free free guarante limit yard current sometim center oper mission someon kitchen,1
win big win win urgent guarante win free cash limit cash offer free urgent free urgent offer degre mention way project arm statement reason,1
weekli report budget review citizen offic name intern trip relationship enough see deal ok defens blue,0
project updat project updat serv thu pretti,0
project updat report particularli pressur central anim better involv cell candid,0
meet remind meet candid valu join war like high marriag think ok amount religi realiti kitchen mayb seem,0
limit offer urgent click guarante win win limit win guarante win offer presid candid camera person whether bank focu appli,1
win big cash offer guarante offer limit offer click free urgent click guarante cash cash cash yet rate need may usual,1
meet remind budget review machin final hot season effort land argu sister recent,0
select free limit guarante cash free inform race rather charg singl movi wrong stock,1
meet remind meet live sourc son employe forget sea someon market qualiti look languag size,0
select urgent win free click free guarante guarante urgent cash guarante guarante health shake spring trade east phone hour drop troubl hair,1
project updat project updat popul teach accord back societi share throw,0
project updat team sync nation bed shoulder bed shake end shake human alon line high wish forc fall,0
weekli report report simpl major good opportun southern popular world wind,0
meet remind meet statement task per situat manag feder environment four need studi agent tradit career,0
urgent cliam prize urgent cash click free limit limit blood sound left feel,1
urgent cliam prize guarante offer guarante click cash click cash win none child draw tonight travel treat member bring simpli month strong form,1
win big win offer urgent urgent win urgent guarante cash click limit cash urgent click free click night part break institut firm develop take indic,1
meet remind team sync studi put explain need natur state art popular matter cost work decad,0
weekli report project updat visit deep futur pick elect true color alon play feel ga billion provid good,0
select guarante win cash guarante win cash win win win argu name race ok,1
weekli report budget review includ remain televis time mr speech maintain audienc field paper tree gener sport score reflect learn,0
meet remind schedul ten enjoy staff data hair recogn inform step throw,0
limit offer win guarante guarante win guarante win win guarante push agent bit bit person yet,1
weekli report team sync work eye cell scienc nation section cup somebodi radio activ analysi run troubl sound year price,0
meet remind project updat person head mention littl radio import serv stock pass light break share guess,0
schedul confirm meet could believ like civil join littl way arriv fire social polici elect choic tough offic right histori oper star common,0
win big free click offer click urgent offer cash free limit free guarante win offer cash cash newspap two exist studi attent big,1
limit offer click win free guarante free guarante guarante free meet despit democrat,1
meet remind report rich film plant son nearli letter peac tend small agre,0
meet remind project updat forward key view rememb child key strong road els behind studi special simpl much team use differ long,0
urgent cliam prize click free free click guarante cash win win guarante click win hot sing necessari doctor recogn common,1
meet remind meet east role consum dinner white book field reach stand,0
weekli report report real act like employe interest right thank dream director young,0
schedul confirm report author confer kitchen read tough game secur almost get final,0
meet remind team sync key continu usual box sourc candid doctor sourc sinc possibl art state strategi countri,0
select click free win free guarante urgent offer free limit site republican fall check note,1
limit offer limit win win click urgent win click limit cash cash free cash offer site polici learn produc book catch,1
select guarante win guarante click guarante offer movi decid perhap fill power life rememb practic pressur polic,1
schedul confirm report address meet cost white dog focu test opportun similar quit valu administr focu happen idea profession,0
win big offer limit limit urgent offer limit urgent guarante urgent free free cash offer cash offer possibl rememb model idea pictur man prove entir,1
urgent cliam prize cash free win offer urgent urgent urgent urgent cash free cash compani piec increas ask provid quickli cover start discuss bag trial receiv,1
meet remind schedul first leav bag first world daughter machin detail activ two book peac deal alon form perform interest profession intern,0
schedul confirm budget review finish recent leader capit page rock mind save articl accept whether meet,0
weekli report team sync particip might action senior bank tend employe husband secur fine worker differ draw,0
win big offer offer click cash free urgent click click free offer click pattern sea bad enjoy music,1
schedul confirm project updat stay beyond window push town white common popular alway stori charact top feel serv add west,0
win big offer win free free free click free win click guarante mr agre last import religi bar third threat central custom,1
limit offer urgent offer limit urgent guarante offer offer cash limit industri east report common five insid moment action right public,1
schedul confirm schedul suddenli law shoulder game learn job wish heart larg prepar billion stage discuss movi sport organ process,0
meet remind team sync anim full admit small organ,0
limit offer offer offer click win offer guarante free urgent offer offer offer win guarante click agreement doctor report want help close group consid affect player feel,1
select offer cash urgent click click cash guarante win offer limit win feel inde white heavi paint half prevent safe commun popul,1
weekli report budget review attent compani noth structur technolog concern one million especi miss presid great ahead probabl edg store maintain call memori spring,0
limit offer offer urgent urgent cash urgent limit free offer east mr environ qualiti manag chang daughter avail call group direct,1
project updat schedul difficult perhap sound prepar execut,0
project updat team sync anoth tabl possibl mission control letter team research system ahead field respons,0
win big free win limit offer guarante offer cash modern inform social church class billion network cultur throughout player trial win ahead,1
weekli report project updat strong recent sound yard court talk develop,0
project updat meet visit floor poor creat money half research gener stay find alon mother,0
win big urgent urgent limit urgent cash win cash doctor cultur scientist class way develop size suddenli tree comput,1
limit offer limit urgent guarante limit urgent cash free cash limit guarante free guarante limit limit win public break product door owner question treat,1
project updat budget review polic produc board chair way look budget,0
project updat schedul simpl put present common last sure heavi organ ahead rest,0
limit offer limit offer guarante guarante offer appear purpos nation hot point break secur societi,1
win big limit limit click limit free guarante cash free win win free urgent urgent win move singl bag expect care reflect speech white bag special,1
select urgent click click cash urgent win cash offer click offer offer send prove wish busi perform heart interest,1
meet remind project updat floor success trade heart drop sit inform black feel allow sure,0
win big limit free offer click free lot plant coupl feel middl rich fast continu sell fall enjoy matter almost may,1
win big limit guarante offer click free click free limit limit cash second wrong cultur earli writer affect control,1
meet remind schedul ago relat size readi magazin perform light interest base open materi,0
win big click cash win free cash free offer cash free win limit limit guarante limit urgent difficult rate strategi comput differ,1
win big win cash click limit offer compar window item presid pull hot green upon,1
meet remind report anyth remain increas church person prevent send drive ten,0
project updat budget review back know insid leg common born north size wrong low box cut decid drug call also type manag,0
urgent cliam prize guarante limit urgent guarante win offer guarante win offer click offer limit win offer avail choos option manag must discuss result exist avail high somebodi famili,1
schedul confirm team sync suffer lead among town avoid sea,0
weekli report meet put day fire certain gener properti,0
weekli report schedul receiv offic beyond even action choos bad help truth includ front writer appli energi,0
win big guarante win click offer urgent urgent guarante urgent click direct ye servic let build accord practic identifi accept,1
limit offer free free free cash win guarante win record accept pattern worri popul differ floor sens four newspap similar go cultur,1
limit offer limit offer free win guarante offer offer click urgent free click offer click drive becom ball race stock art,1
select limit limit cash limit offer limit free win limit free guarante offer click win limit readi system although someth add movement fire elect southern includ,1
select limit free click cash win cash church especi tend factor trade old,1
project updat project updat seri statement thousand compar despit lead reveal posit kind art,0
weekli report project updat question green two white consum man poor friend direct color thousand long goal clearli improv,0
win big limit urgent offer offer cash win cell firm bodi thousand push either imag build feder third go contain activ,1
schedul confirm project updat serv past full bit appear water carri profession,0
project updat budget review tax western major line buy qualiti though hotel,0
project updat schedul center professor variou behavior song teacher natur plan tax truth secur public,0
limit offer guarante limit click win free free offer cash guarante limit urgent cash limit click urgent pretti three control leg possibl decad secur west,1
limit offer limit guarante free limit guarante click urgent guarante free senior parti rest doctor tradit oper,1
meet remind budget review good everybodi financi environment state rais measur success start old seek law sens,0
project updat report weight mouth current differ cost seven pick machin fact qualiti rich,0
meet remind team sync south site across beat allow none road sign writer size,0
urgent cliam prize win free urgent win offer offer limit guarante cash offer offer urgent urgent win limit cut properti els end old polit,1
select cash free offer click click guarante cash guarante win consid certain organ new goal staff media morn structur stuff real manag,1
win big limit free limit offer cash guarante first station section pressur social,1
meet remind meet beyond old modern support even happen gun recogn hospit someth militari earli tv offic full meet,0
win big win urgent limit guarante click limit offer click win offer click limit limit limit cash sens dog reach growth control make tree save perhap either determin air,1
project updat project updat brother defens particip technolog night make especi affect son whatev,0
urgent cliam prize guarante win limit cash urgent offer probabl becom next middl win assum recent noth member bodi food,1
meet remind project updat special say throw cut line scienc coupl decid note,0
schedul confirm team sync coupl eye matter everybodi six thousand treatment kitchen list send book health compar room valu polit,0
weekli report schedul wall feel tabl follow improv tree els train other tonight,0
weekli report schedul student option everyth north enjoy sing born visit carri simpl els beauti near record adult go catch answer hospit stock,0
urgent cliam prize win limit offer free limit urgent click parti past realiz three exactli certain,1
urgent cliam prize offer win guarante guarante limit click win guarante free kid entir tri lose creat pay realiz,1
win big click click free limit urgent win win win cash free win cash urgent simpli identifi left suddenli type old social insid imagin,1
limit offer click limit offer urgent click free click click offer free click click address build peopl increas media fund decis beyond research larg trial,1
win big guarante offer urgent cash free urgent easi coupl nice hear key detail art larg happi skill,1
select offer offer limit urgent free win free free offer free limit test situat particip yeah reduc billion,1
project updat project updat somebodi pictur church,0
schedul confirm report coupl develop plan weight variou decis garden learn rang event fund feel discov yeah kind size fli,0
limit offer offer free offer limit guarante offer urgent urgent click urgent free treatment inform whatev entir food star good week pass learn,1
weekli report project updat wait citi one draw wife rich fish watch possibl care indic natur woman reflect,0
meet remind meet materi upon concern posit realiz read upon true spend top statement receiv event languag,0
schedul confirm meet green tree worker agreement data within,0
urgent cliam prize cash click click offer click offer free limit click win win cash offer movi like upon readi might ten less,1
project updat report develop environ,0
weekli report meet though realiti offic anyth budget paper hotel behavior studi educ white cultur bag establish,0
urgent cliam prize urgent offer guarante urgent free win click free guarante click limit ten art bag offici fish total bank director ok,1
win big urgent offer offer offer free limit limit free theori develop sens meet toward benefit rather song manag tend support middl find,1
urgent cliam prize free limit win cash click free urgent guarante guarante offer click offer let forward feel make anyth budget group,1
weekli report report must point bad exist seek imagin paper soldier person grow analysi short televis room project recent,0
schedul confirm meet hand threat music peopl radio pressur hair democrat item blood phone threat cultur fall summer food result messag way,0
meet remind schedul realiz kid middl year economi scienc near want also lawyer sort wind fast line report,0
urgent cliam prize win cash limit guarante free click free urgent piec possibl site call tri,1
weekli report schedul yet truth movement custom ball much,0
schedul confirm schedul past street feel exist industri babi necessari trial heavi lay item,0
schedul confirm report fact spring fish,0
project updat schedul kind chang seven govern week time buy decis either would meet piec student,0
limit offer guarante limit guarante limit urgent urgent guarante free click click win click cash offer win current go everyth particularli shoulder citizen billion type everyth hair respons option,1
schedul confirm report tonight east central leader better parent environment rest along case happen,0
limit offer click urgent free cash offer urgent offer click limit free urgent click click actual program creat sell claim rich movement season score thu,1
urgent cliam prize win offer guarante urgent click offer urgent win limit guarante click cash free everybodi kid cell fight season head run voic perhap,1
select win urgent limit click offer free urgent click cash free click offer top life loss center better sit even happen appli enjoy ground,1
win big free offer free cash guarante offer click free guarante click good point nation weight earli skin simpl probabl drive serv,1
urgent cliam prize win free win free offer free limit win cash win offer offer urgent click cash road everi section tabl seem commun respons success,1
weekli report budget review need dog import method noth push agent condit know staff second collect open rang watch less,0
schedul confirm project updat speak fund type detail success sit light throughout chanc poor often commun pm sport protect movi nation amount,0
win big limit free cash limit click limit urgent click urgent develop measur result stock mr pull goal fish,1
schedul confirm budget review trial knowledg say specif second deep second ask return type find nice doctor speech put sea inform natur,0
win big urgent free limit offer click click limit guarante click guarante particular smile space daughter deep determin reflect includ oper,1
urgent cliam prize limit urgent guarante win win limit bring anyon cultur control strong risk articl peopl job imag hair,1
schedul confirm meet go big true rest floor wide differ guy set appear piec militari tradit human site tough,0
project updat project updat happi wrong inde report campaign best director guy parent,0
weekli report team sync paint stop inform els term citizen offic tell fund custom true seem,0
schedul confirm report sell lose feder sinc camera four wide reveal real music view soldier attent posit church develop deep natur econom decid whether,0
schedul confirm meet particip receiv commerci citi price design want foreign specif,0
meet remind report pass person speak smile polit exampl former societi author daughter easi interview arriv measur mission player rock father push ok arm,0
limit offer free free free win limit free guarante guarante free never task letter sister republican major room per,1
schedul confirm report name sourc polit boy mean polit point score decad,0
schedul confirm team sync invest articl unit back similar coupl servic catch chanc,0
project updat project updat see husband game away make appear perhap rate oper account,0
weekli report project updat secur action moment store choos futur profession number network miss station ok marriag repres,0
select win click free limit urgent limit qualiti camera american save includ charact center,1
schedul confirm meet month simpli major night real popul expert million watch yard respons,0
urgent cliam prize free cash urgent guarante guarante click cash offer offer guarante cash guarante limit start cost unit final pm major develop valu place intern,1
project updat project updat wear recogn water commerci coupl seriou expert back entir imag opportun,0
weekli report budget review end physic seek low effect particip rang accept forc white occur differ task never abl cours open firm,0
project updat project updat ever necessari prove worri leav signific common campaign idea oil bit,0
select free cash offer guarante urgent guarante offer urgent cash click click win free limit click amount suffer analysi offici author argu,1
meet remind report wife car trade rememb colleg old prepar speech glass million red fall feel write full later,0
urgent cliam prize guarante win click offer free offer cash limit offer limit someth guy save never behind film actual camera know onto daughter resourc,1
project updat budget review cost green manag maintain soldier practic girl box friend job return happen benefit condit includ,0
project updat report els sourc polic sea suffer miss includ opportun great go magazin age catch standard parti,0
project updat project updat anoth western arriv trip summer deal natur avail question effort area seek eight born serv foreign world would custom particularli pattern agenc let,0
schedul confirm meet hold program countri artist event think project new deep gun focu find,0
schedul confirm team sync skin professor system major meet wife look individu way intern size,0
select cash cash cash urgent guarante urgent limit offer test poor prevent road polit alreadi forget system worker opportun,1
weekli report team sync free dinner view team democrat might hear simpli window make serv discuss impact increas ball imagin consid green,0
project updat team sync parti repres quickli other toward join seem research pass requir ga support maintain stock total,0
schedul confirm team sync build fli nation put star partner glass paper develop law clear cost mention author play tax role must look,0
win big urgent free limit win urgent limit game true offer surfac alon writer,1
urgent cliam prize free guarante limit urgent urgent limit free click even strategi place studi stuff govern account possibl messag paint remain clear interview,1
schedul confirm project updat interest enjoy ago right buy import someth base pull seek card glass bed,0
meet remind schedul condit law skill report miss behind sinc food agenc team wear tabl,0
project updat budget review parti leav space yet sport movement govern realiti scene,0
limit offer click guarante offer cash free cash free limit win urgent guarante suffer consid matter recent special inform,1
limit offer urgent offer cash free limit click offer offer gener eight alreadi system physic other truth build door nice action,1
limit offer offer free offer free click click perform certainli benefit term buy red interest ten,1
meet remind budget review street check cultur energi man daughter action major polic,0
weekli report meet toward far current interview bed base least camera anyth industri light upon cut write throw,0
win big win urgent guarante click click guarante free free free free guarante limit detail whatev door buy southern coupl fish young discov ground air clear,1
project updat report year argu kid experi fill lead anyth meet polit street fine agreement,0
win big cash urgent click guarante urgent win offer limit teach variou benefit whether congress project,1
limit offer win limit urgent click free guarante click size part day shoulder argu skill final child wife trial lot,1
limit offer win guarante cash click free limit fli chang chair church benefit film anim mean event fund bar behavior,1
schedul confirm schedul summer stop societi life commun imagin recent health trial hospit perhap keep,0
select guarante offer free offer cash win offer win guarante guarante success consum research senior nearli religi lay past effort beyond offici cours,1
weekli report project updat purpos certain miss magazin sens kind growth even give send develop,0
select win win guarante limit cash limit urgent offer offer cash limit budget school abl week tend life control whether respons,1
select offer free win limit free free limit pictur walk improv alon govern loss want quit common wish care exampl budget,1
project updat schedul consid front ask experi weight indic includ accept work tax whose,0
weekli report schedul candid close book big laugh suffer,0
meet remind project updat develop exampl forc rest lot southern finish minut everyth manag money drive wear entir perhap peac creat invest anim agre among later,0
project updat schedul memori famili machin well,0
win big free guarante free click win guarante click guarante click click guarante urgent win click guarante way though capit wish money peopl cut oper build read fli,1
win big cash limit win offer win free guarante guarante click cash limit limit simpli like fear situat letter step manag provid long stuff,1
project updat team sync capit author member major well save group exist young catch troubl,0
select cash cash win offer click urgent win urgent limit cash cash cash cash win click guy hundr sign least south attent maintain,1
meet remind team sync finish scientist lay administr chair rang safe task new pay catch south,0
win big guarante limit click limit urgent win resourc alreadi compani bill happi food region,1
meet remind project updat four game pictur moment thought offic lay possibl current,0
win big free limit win urgent click click meet start moment democrat system realiz social role,1
project updat report deal away team suggest help requir cultur next indic us cup,0
weekli report meet firm hit group grow mind exist seven hair poor huge popul cover,0
weekli report schedul art near someth man along perform prove two reflect,0
schedul confirm meet pick pick nice moment noth note major sinc bar consum major ever central describ base,0
weekli report report skill govern event everi littl land strategi budget mind report popul price big school,0
project updat project updat speech impact respons art capit direct fish ever,0
project updat schedul ask much find sever experi question everybodi beauti first purpos structur throughout window suddenli common threat wall smile find store wall friend,0
select urgent urgent free guarante cash free cash click win win profession congress eye put congress develop,1
meet remind schedul top least war cultur pick wrong employe start,0
urgent cliam prize offer free free cash click free urgent guarante store keep candid fast fine would crime speak carri tonight process,1
select limit cash urgent guarante win click offer guarante urgent free guarante cash urgent offer student product effect everyth whatev suffer protect interview,1
win big urgent guarante limit offer win cash seven state happen arm anyth democrat well studi,1
project updat budget review noth free indic size bring board possibl increas person much project husband increas bed friend,0
schedul confirm report enjoy station door east everi discov add also open paper key half western relationship cost anoth style beyond level human rememb shoulder reduc,0
meet remind report administr pressur stuff sens creat never success suddenli lay fish compani light may say third resourc size figur watch control,0
limit offer urgent free click urgent cash offer free guarante click lawyer box wrong mani probabl happi,1
meet remind meet stay car affect commun measur sell take includ run upon abil spend appear,0
schedul confirm team sync usual season need win cultur major day oper,0
limit offer guarante offer click click guarante free guarante limit win offer limit win click urgent free organ radio window collect bag memori serv deep middl yard deep,1
meet remind meet weight worri place seven front final cultur activ repres speak third focu one half chair includ perform save,0
project updat meet three whatev beauti support tend cut phone say popul recent,0
win big guarante limit click guarante urgent offer sound teach use theori benefit marriag tri professor day theori box,1
weekli report team sync stori edg direct loss left attack build price product air economi,0
meet remind meet local success number alreadi worri watch choos strong contain serv,0
weekli report project updat reduc spring pull black star bill wrong trip give song,0
urgent cliam prize urgent cash free offer limit urgent environ law hit suddenli soldier five music seri realiz doctor,1
meet remind schedul econom song page determin work rather win still huge visit begin run nation hous account gun,0
project updat team sync notic valu perhap tabl,0
project updat team sync respons sing coupl abl profession product person allow american staff,0
project updat report physic polit firm signific commun hit career window develop direct manag hand box tough defens inde summer,0
weekli report schedul stand someth sea without wonder woman certain travel respond keep everybodi,0
meet remind project updat explain former interest commerci middl religi realiz properti bit poor treat school remain fact,0
project updat team sync total charg debat network strategi onto admit develop centuri street seat,0
weekli report meet across project posit provid heavi team newspap star,0
weekli report report account spring anyth audienc wonder bring want describ,0
weekli report report land firm task window militari guy speak health interview small natur sell despit maintain,0
weekli report report cell across space paper within kind militari someon voic realli peac mr appli seriou,0
schedul confirm team sync son close western report hold televis shoulder may posit arm around power,0
win big click urgent guarante free limit offer win hot answer televis certain prevent fund anim notic,1
urgent cliam prize guarante limit offer win limit limit join give enjoy degre three interview network,1
project updat team sync order action tonight program option want thu time total maintain food low fall return girl world,0
limit offer win cash limit win offer urgent limit guarante urgent cash cash guarante seri water reflect media,1
weekli report schedul six truth materi car let level main free away happi commun letter look democrat understand listen,0
meet remind budget review toward eight identifi fast class name small audienc high six second thing build contain high leav join,0
limit offer click urgent guarante guarante offer limit cash urgent free guarante free free win vote sure water new set respond studi,1
win big urgent cash offer offer guarante click free click offer click offer click click offer limit night safe director actual rich later music,1
project updat meet program card meet explain,0
limit offer guarante guarante urgent limit cash offer win guarante guarante click limit click step societi hand arm find either check adult,1
urgent cliam prize click win guarante offer guarante free sever west middl school professor second ok differ help,1
select free win cash guarante urgent free urgent guarante limit offer limit urgent offer win guarante industri add kind relat ten one accept visit today near letter lead,1
weekli report schedul impact must tonight strategi describ feel trip militari low stop challeng qualiti senior action,0
schedul confirm team sync actual peac leav fire speak nearli actual budget democrat happi color experi despit creat lawyer,0
urgent cliam prize limit urgent limit urgent limit use rate happen quickli materi,1
meet remind project updat camera dog attack especi insid situat among cover exist countri boy stay,0
select click guarante urgent cash win click win build dark valu practic requir add scientist often,1
weekli report schedul develop pretti within polit north small section sing glass pull offic bit let control famili sing two,0
project updat budget review direct cold discuss everybodi seat mention receiv six add tell draw sure natur ask interview busi lay singl,0
limit offer urgent offer free cash urgent urgent win win guarante click limit urgent urgent fund great heart everybodi town studi past rememb,1
limit offer offer offer cash win limit mayb alway lose forc class,1
project updat team sync talk larg test natur reach arriv cup quit employe agre relat,0
win big click urgent free guarante click urgent limit cash limit free urgent urgent limit servic plan stop method despit us reflect home data write attack environ,1
select free offer click limit click click free limit limit urgent win guarante establish item sport boy govern four congress none team other,1
weekli report report famili arriv eye measur gener seem section everybodi anim cell back blue author box factor pay,0
meet remind schedul rise exampl resourc manag great physic thing realli els continu phone worri involv,0
project updat budget review offer phone mission wind mind address box ahead bag,0
schedul confirm report size instead budget babi oper never truth believ quit long amount mother inde would indic,0
weekli report report big requir concern support offici woman worker wife note laugh stop lay possibl year great environ new agre polit exist guy seri base,0
select guarante guarante urgent urgent urgent cash servic bar environ though,1
project updat project updat wait theori sport oil often yet way light babi voic store machin defens cup reduc light popular enough,0
project updat team sync girl servic catch administr end old hous public arriv,0
project updat team sync woman suffer teacher execut music campaign blood test item us,0
urgent cliam prize cash limit limit free limit free without offic serv suffer pretti forward occur turn plan,1
win big guarante offer free free urgent guarante section world brother rate confer author simpl kind easi sever famili resourc,1
project updat meet direct say none militari question heart heavi sens wait,0
win big guarante guarante urgent offer limit year detail cultur allow elect rich prepar,1
schedul confirm budget review manag wear social step key remain stuff sit matter movi sea man edg audienc turn,0
urgent cliam prize free guarante guarante urgent free limit limit free cash limit cash limit ten studi choos seek name shoulder social execut white unit,1
schedul confirm report sort rais decid action talk qualiti plan paint main institut system import break loss live,0
urgent cliam prize cash cash win click guarante limit free limit free guarante win develop news feel trip tend camera reach medic respond attack,1
win big limit guarante free win free click limit free urgent step dream describ hope plan success sign sign beat alreadi fact,1
win big urgent urgent free win cash win cash urgent voic serv enter mind enjoy,1
meet remind schedul paper success bank three school section reach human seven hear list head dream listen hold list,0
select click offer cash cash limit urgent urgent full wall thu live discuss artist design,1
meet remind meet consid work fight howev hundr qualiti two like guy live pick build,0
meet remind project updat cell boy woman realiz reason shake noth author movement sell blood run offic,0
weekli report schedul song requir effort remain presid surfac tri share histori sure offici visit writer need lot occur sign,0
project updat schedul everyon still person let job concern hold agent articl bar,0
select win offer urgent urgent guarante suffer servic ga huge like activ east color garden,1
meet remind meet littl famili seven certain system dream modern fish owner staff cours north confer focu scene wonder decad,0
project updat meet report tell might street public mr play,0
weekli report team sync five deep feel final nation yeah treatment away food natur stage allow notic custom,0
schedul confirm schedul notic town ago mayb perform congress modern mother hear listen peopl land view simpl,0
weekli report meet real someth control fill free father edg success central throughout human rather,0
project updat team sync hour eye firm cours mani quit offer,0
win big click free urgent click offer guarante limit win cash click click offer free limit notic film ago blue know prepar employe qualiti old democrat,1
urgent cliam prize click guarante free urgent limit cash win urgent urgent free win free limit limit click almost page ever despit per religi voic signific fire guy hair stand,1
meet remind schedul door plant know societi part rock sound militari keep custom forward size would popul adult walk notic articl manag sit,0
select urgent limit urgent free urgent cash click cash tradit anoth babi manag author skin main local,1
meet remind schedul market crime respond sometim exactli keep white media turn say entir close assum card dog citi,0
select win limit urgent limit click offer urgent televis offici respond suddenli,1
select offer limit urgent limit free cash larg hard prevent make media whether offici black man,1
weekli report meet student repres tend decad gener happi right natur offic repres everyon attorney,0
meet remind schedul show indic like centuri instead small may today southern growth put current top,0
win big win offer offer win cash urgent offer click offer urgent click offer mind tax situat gener person month grow hour bring subject machin left garden,1
schedul confirm schedul price interest perform great manag agent protect candid art toward way book less practic,0
schedul confirm project updat street particularli year bad answer compani almost discuss recogn perhap,0
weekli report budget review pressur wide kid avail assum despit color peopl court bring truth four offic thousand behind,0
project updat project updat fund product speech think charg avoid arm properti els beat give energi,0
win big limit free win click limit benefit recent local posit music letter star sit,1
project updat schedul part view say field morn return exampl notic forc lose anyth,0
project updat team sync son produc floor question,0
schedul confirm schedul factor realiz north sever name author happen polic sure seri often design think chanc station sign,0
weekli report team sync avoid properti true bad bit rest adult strong success player member record point teach accord provid necessari born teacher form,0
limit offer win limit guarante guarante click offer click win offer cash address social author articl ye situat cut beyond arriv pay want,1
limit offer win limit free guarante limit limit manag young choic wide agre return magazin imag rise,1
limit offer win cash free limit click win daughter develop enjoy manag busi articl troubl base possibl analysi,1
limit offer cash offer click urgent click free guarante limit limit free guarante execut true anim must might expert although public impact finish moment compani magazin,1
schedul confirm budget review either song north media littl fire fine lawyer special meet start compani citi alway cultur,0
schedul confirm project updat buy economi song protect peac discuss type less moment manag past know store south morn mother role,0
weekli report team sync student chanc abl sit work small build kid must memori troubl card find,0
meet remind team sync environ church remain onto someth alway pick day truth hope list man step instead size person,0
project updat project updat structur book region kitchen born clearli differ issu system case,0
weekli report report includ world other treat describ noth thing challeng nation kid behind coach great dark idea sound real new bed condit live,0
weekli report budget review man anyon around ever factor prepar move draw,0
project updat meet lay affect play take fall becom situat democrat stage natur,0
project updat team sync maintain care employe everybodi explain short finish employe may safe meet enjoy beat term,0
meet remind schedul discuss order arm someon card outsid,0
limit offer win limit cash click free urgent offer urgent win free free offer limit reach million air member subject spend walk draw,1
schedul confirm team sync import reflect intern properti chanc design toward leader nation cultur prepar part bit summer peopl mr approach reach wait seven deep appear,0
weekli report budget review whole thing camera major,0
weekli report budget review miss manag religi indic person institut educ togeth develop part southern wrong mother anoth late either wrong challeng test bill wait movement,0
urgent cliam prize offer cash limit click click urgent guarante free urgent cash cash guarante urgent imag billion think qualiti leader lot cell central,1
win big cash limit limit free guarante bit invest success know buy contain threat away person movement maintain posit,1
project updat report public drop somebodi believ beyond system draw short still hope pass,0
project updat meet style point get pressur boy method research everyth without behavior natur,0
meet remind team sync argu let season improv inform offic televis purpos ago fish chanc teacher hold say wonder cold,0
weekli report project updat mr pictur wife address thank environ execut report kid star summer prove nation close kind focu,0
weekli report project updat page size happi clear guess tonight fli either store one feel address high stage true take,0
weekli report meet strategi form page civil sinc finish walk send reach particip imag week court pm grow parent plan,0
project updat meet alon fight natur season put signific feder heavi cold almost middl class choos,0
limit offer limit offer urgent cash cash offer free urgent free cash free guarante analysi word foreign size increas high ago southern,1
weekli report team sync much director site rock owner despit cultur lot per cours page nice process strategi take medic,0
schedul confirm budget review shake visit high central financi shoulder identifi tri entir south cut gun past song whose,0
limit offer cash free click urgent guarante urgent click win offer offer offer free offer win free color event trade score box section usual,1
meet remind project updat offic media famili relationship readi girl teach surfac sometim senior girl busi,0
urgent cliam prize click offer cash offer guarante guarante offer free cash cash win click includ watch caus age hous none experi almost,1
meet remind budget review music toward pass role bank day share beauti fish inform almost sens polici recogn nation control administr hous think talk,0
meet remind schedul financi chair ok short hot bring nation thousand food seek sing upon arriv cut ahead,0
schedul confirm budget review somebodi level usual simpli wall lawyer alreadi place,0
schedul confirm team sync may stage thing earli process main free econom,0
schedul confirm project updat elect choic across develop respons sometim militari,0
schedul confirm schedul offic reach sure worker air commerci sometim left,0
project updat meet work set lot camera main drop intern rock fast rich whether probabl least never sea,0
meet remind project updat ye central foreign seat speech interest chanc repres wait polit,0
limit offer offer limit click free guarante limit free win cash click cash click read one movement number set budget matter kitchen door memori learn polic eat,1
weekli report team sync long gener develop togeth charg nice feel small,0
weekli report team sync organ late lawyer scientist yard six show account feel adult bed consid land share mouth,0
urgent cliam prize cash urgent click click free win offer win win offer cash figur describ resourc agent scienc qualiti visit buy,1
project updat budget review new natur author box pretti other audienc mother third wall mr,0
schedul confirm team sync quit man inde goal win dog realiti ball point safe hotel base cup size,0
limit offer urgent guarante free limit free free click husband center worri drug friend appli parti best servic consum,1
meet remind meet commun north seem senior capit recent two whatev,0
schedul confirm team sync purpos compar voic let loss face reflect agent rang bag especi recent sever environment perhap quickli cours,0
project updat budget review east week action behavior career space second execut behind inde send food statement seem,0
meet remind budget review best argu billion world mind bank visit nearli activ mission exactli nation less,0
meet remind meet care doctor chair daughter health meet energi technolog educ world world leav kind item institut yeah phone,0
urgent cliam prize offer click guarante cash guarante guarante urgent win guarante urgent win win win free guarante level sea seven peac finish quickli question trial,1
project updat schedul product industri small must movement measur central becom six arm role,0
meet remind meet work size theori last short special stay,0
urgent cliam prize free limit offer limit limit limit urgent guarante urgent click limit cash make director current start page right,1
meet remind schedul wife onto art hospit seven person need nearli accept court magazin valu rest player war,0
limit offer win urgent win click click win win free cash urgent urgent cash guarante provid tax caus parent mr west gun understand time,1
project updat meet caus born bank local common professor seven avoid though deal experi budget,0
weekli report team sync capit mention give arm free republican size,0
urgent cliam prize urgent guarante click win urgent cash cash win free click cash urgent guarante free cash hold plant rich adult cut trip allow,1
project updat team sync nation help pretti crime record shake buy product far tradit tough may pull support,0
urgent cliam prize offer win limit free win win age everi campaign music economi debat,1
weekli report meet mouth stand environment nation seem sort exist model societi,0
meet remind meet forc woman occur final claim board small product particular everyth box care never polic,0
win big offer guarante urgent win win urgent free offer cash cash limit cash simpl necessari drop sourc stori sister mani agenc within notic full fall,1
win big cash free click guarante win urgent urgent offer click urgent free limit cash offer cash experi perform tax indic research behind polit leav town,1
weekli report budget review grow consum southern still pretti voic size weight choos mind appear thing leader top talk,0
meet remind schedul clearli race languag includ clear success school trial boy simpl,0
urgent cliam prize click click free guarante guarante urgent realli later white gener follow player player foreign agenc argu,1
urgent cliam prize click click offer win click free limit commun everybodi smile prepar enough structur messag short lead entir,1
project updat team sync thu seriou system top save militari eat movi yet project main stuff buy,0
schedul confirm meet sure son style seat futur manag assum among,0
meet remind meet student pressur price particip major,0
win big guarante urgent offer urgent free determin exactli simpli heavi languag rememb check blood agreement fund,1
win big win win free urgent offer limit urgent click offer free cash urgent urgent free lose score speech left paper build growth littl data,1
weekli report report includ trip societi financi form glass close activ anim edg black test yet help surfac produc along institut laugh,0
meet remind team sync take teach despit feel subject past appear tough,0
urgent cliam prize click cash click cash click offer offer cash urgent click market black need energi send end explain,1
meet remind meet author citi forward network practic chang hundr among offic bill ten central cultur,0
urgent cliam prize urgent limit cash win urgent win guarante urgent urgent limit popul anyon first page understand may later blue employe,1
weekli report meet interest respons caus land compani rais art item camera exactli size air comput set,0
meet remind budget review take power whatev design form dog parti choic happi rise may hear,0
meet remind team sync seven move appear even sever form,0
select urgent guarante urgent free guarante urgent offer limit urgent guarante guarante offer limit win cash ok worri finish way languag huge media effect especi,1
limit offer guarante urgent free limit guarante offer urgent cash limit urgent win win cash guarante limit grow tri work term suggest central eye wait abil,1
limit offer urgent win offer urgent offer free offer guarante guarante win guarante free offer click idea floor name seriou inform night congress end past soon listen fire,1
weekli report project updat interest loss rock owner poor huge prepar eight rang,0
limit offer free free offer free win limit offer urgent creat camera even southern bed mention call,1
limit offer click free free guarante urgent free click win win click offer free offer free free manag member job know militari although candid forc brother,1
select win urgent click offer guarante limit cash guarante urgent seri expect young director year,1
meet remind budget review sing happen ga report pass threat enter mean shake other,0
select cash guarante urgent click offer matter citizen blood societi would bad deal wall start make particularli arriv half,1
meet remind project updat give notic safe throughout condit focu happi even,0
schedul confirm schedul minut without product catch floor defens babi team want feel,0
limit offer limit win limit cash offer cash win free cash win coupl role consid ball wish reduc,1
project updat team sync minut road size develop project,0
urgent cliam prize urgent guarante win limit limit free cash guarante click free state democrat southern interest relationship intern,1
urgent cliam prize click urgent limit limit urgent offer limit guarante guarante free win urgent free limit campaign idea behavior hous attorney relat anim window,1
weekli report report becom build return pattern assum shake sit mr ok,0
schedul confirm report suffer pattern hear speak mani candid west necessari skill area tri model secur recent air,0
weekli report meet door recogn model store rich pretti feel result standard notic break also,0
limit offer limit cash offer urgent limit cash win free free cash urgent cash cash guarante invest cup result war avoid cut foot,1
project updat team sync busi singl bit exampl voic go card step everybodi properti look ga like sport,0
meet remind meet field determin admit peopl hot alway event eat smile accept expect foreign quickli maintain imag chang,0
select limit free guarante limit offer onto stuff repres team wear score,1
project updat project updat live probabl recogn manag collect step wait respons success bar concern eye among part,0
urgent cliam prize free free offer cash click limit urgent win urgent free limit click free urgent argu peopl degre bed million answer per certain paper,1
win big offer cash offer offer win click comput friend arriv must listen everyon realli garden black without,1
meet remind schedul card becom anyon defens last actual plan industri along rememb realli owner anoth long data feel rock want memori compani bill,0
meet remind report serv report institut produc profession sell begin effect read argu messag score want,0
meet remind team sync minut foreign support economi rais morn recent insid believ go noth,0
urgent cliam prize limit urgent offer cash urgent urgent click limit guarante limit click offer join anyon take skill win set account decis among peac game,1
meet remind team sync exampl charact avail approach respond member make edg brother decad ball style enough onto intern us custom,0
project updat meet war collect watch free goal physic interest realli much,0
meet remind meet practic away clearli tri popul arm profession idea modern social amount sport age recent man invest reason,0
project updat project updat like issu role idea develop rise republican news tri stay factor cup,0
meet remind schedul custom includ industri develop laugh forward total financi site share state final,0
select urgent free urgent offer offer offer win limit exampl respons happen although tonight experi bar home near,1
weekli report schedul issu vote dark messag anyth govern mouth littl polic note great think develop heavi tonight effect morn sometim space effect togeth degre situat,0
schedul confirm project updat rather big collect left age live fall product send wear,0
select offer guarante urgent click limit free receiv secur style professor even custom final nation,1
select limit limit win guarante cash free free tri world would despit particip factor,1
schedul confirm project updat trial rais militari civil situat second call gun commun hope readi interest play ga skin detail leader,0
win big urgent free urgent offer urgent free click urgent perform call close marriag repres agent commerci person,1
win big urgent limit offer win guarante letter rise larg southern court partner,1
limit offer cash free urgent urgent guarante win urgent click urgent cash view account probabl reach train much even effect work inde commun child center,1
limit offer limit win offer win free urgent free prepar singl everyon wrong crime ahead comput,1
urgent cliam prize limit offer urgent offer limit urgent guarante guarante limit offer guarante limit offer free behind purpos along lay free imag right growth activ sister work,1
limit offer limit urgent limit win offer free click cash offer limit click limit stop fear could profession,1
urgent cliam prize guarante urgent guarante guarante limit cash offer guarante cash guarante win offer click rich commun identifi mean view reveal,1
limit offer offer win urgent guarante offer cash limit click win limit limit win limit size provid begin former realiti avail entir sens,1
limit offer win offer urgent offer limit offer cash urgent guarante urgent urgent develop other white world build face age,1
project updat team sync variou happen might market amount media visit store scientist perform,0
project updat meet task call staff analysi skill sit actual laugh news includ short soldier process beauti billion eight,0
weekli report report respons defens guy grow fish anim reflect discuss soldier art,0
win big guarante urgent cash cash cash free free offer guarante limit offer guarante urgent els yeah system call method occur,1
weekli report schedul court start easi usual act head noth chair central resourc past card instead west agent particip oper includ area one current tax help sit stay repres individu howev end,0
urgent cliam prize offer urgent free urgent cash click guarante activ present four student produc countri drive heavi seat budget small foot,1
meet remind budget review polic wall speak pull ga simpli network appli discuss,0
meet remind report civil secur mouth howev necessari still see benefit report keep hot scientist one approach,0
meet remind project updat item model hour surfac repres mr space offic beyond fund clear administr place discuss import,0
win big limit win win urgent limit offer click free offer guarante limit urgent man order fight sure owner north glass report total paper particularli door,1
limit offer cash free limit cash limit guarante win limit win cash cash perform suffer food five class particip wife send cultur difficult event intern,1
win big urgent urgent free urgent click daughter guy use enter pass babi sit model claim economi,1
project updat project updat approach invest enough growth admit measur singl other spend professor defens,0
win big guarante win win offer limit cash free guarante offer cash guarante limit click firm pay station although confer,1
limit offer win free offer offer urgent offer guarante click cash offer urgent cash guarante particularli eye draw pretti approach,1
limit offer click limit offer cash offer urgent win cash offer possibl servic whose discov difficult director class,1
select guarante limit urgent win guarante cash limit guarante cash free guarante cash week protect wonder rather day third right summer colleg rememb pull,1
weekli report budget review offic section student articl talk run team pull better actual long anyth open languag whole face tonight better within,0
limit offer win free offer offer win cash cash affect attack avail across theori cut law,1
meet remind schedul sometim polit young growth card part call arriv scientist high send serv coach system suffer exist,0
win big limit offer cash urgent cash free offer guarante guarante region account howev hour age throughout hard,1
weekli report report safe dream day plan billion,0
project updat report sound billion near room around technolog resourc speech two maintain,0
limit offer urgent guarante win guarante offer offer cash click click relat money rise ye mission includ share wait girl within travel congress follow,1
weekli report team sync perhap start simpli law phone health let realiz assum parent rock system seek seek room scientist one,0
meet remind meet cut ball station seat car respons relationship religi free rise high media,0
limit offer guarante guarante limit click win urgent cash stage without suggest address suffer presid,1
win big win guarante click offer win father describ two custom make sport new,1
project updat team sync heavi consum book requir militari husband charact despit poor rock trip spring thousand enough capit,0
win big limit cash cash click limit guarante click click click offer offer lead move environ although mission insid court small church,1
weekli report report relat dark total film nation sure relationship know decad surfac tax accord spend fall,0
win big cash win guarante click offer guarante win urgent cash cash click guarante tax anyon end almost contain tradit nearli deal marriag wrong,1
urgent cliam prize limit free limit click win offer win free cash page machin new confer half peopl phone,1
project updat meet send hand year sure thing give colleg turn top question cultur east,0
weekli report team sync piec easi open surfac avoid news week option occur presid plant bad close hair per treatment man presid parti suddenli,0
project updat project updat control similar difficult rather,0
weekli report budget review train insid late guess languag name movement discuss effect face film girl impact door enough,0
project updat schedul ok discuss key guy work task also play way tough risk easi north method,0
limit offer win offer guarante click click guarante win win offer click offer guarante work short far current share,1
project updat meet piec everybodi activ parti anim offici technolog imag everybodi miss learn give action deal,0
meet remind team sync glass scene view unit valu variou street behind phone shoulder fall director variou right role leader full,0
select limit limit cash click limit guarante urgent cash guarante other minut treat none citi class street question discuss,1
meet remind team sync countri audienc resourc camera budget relationship,0
schedul confirm report safe discuss move thank coupl agent oil becom term ten wall small,0
select urgent limit cash offer free offer limit limit offer stop fli seven high popular present factor get hour mani theori insid pm,1
urgent cliam prize urgent guarante urgent urgent free offer offer cash suggest thought coach artist develop appli data bring mouth around hot listen,1
select click guarante win cash guarante limit offer urgent urgent appear ok amount help foreign thu idea,1
meet remind report poor activ pm major condit measur throughout blood senior drop guess ever among window agre,0
select cash cash win urgent free win click urgent offer nearli tax away second tradit cours mouth,1
schedul confirm budget review cup everi final end treat cut exactli recent kind though anyth real interview,0
meet remind project updat employe possibl chair build site good crime admit black use lot oil heart boy,0
select click win click offer cash free click limit cash term yard suffer special person listen abl partner goal knowledg seven,1
urgent cliam prize urgent guarante win limit urgent win cash win click seek avoid affect station relationship star box memori author may,1
meet remind report region differ thu usual treat back use bad follow four dream upon still,0
limit offer urgent urgent win cash free click limit offer urgent urgent set ever popul window prevent low spring coupl step born,1
urgent cliam prize urgent offer click click click urgent urgent reach far social event marriag final kid report,1
meet remind meet money support cell role agenc help,0
project updat meet data water listen behind board carri either especi act turn individu televis pretti though thank scienc experi measur process els,0
urgent cliam prize click free cash limit offer food determin blood play cell dark pull bank,1
meet remind meet ye reach light somebodi accept environ econom interest american custom cup factor sit ever onto face,0
meet remind budget review protect wonder thousand concern ye sourc person respons physic rather particular team buy like manag intern mr support,0
schedul confirm meet carri old identifi begin road time experi presid price throughout truth main discov vote sever may,0
schedul confirm budget review partner thank alon,0
limit offer limit offer offer limit win limit limit industri marriag dark hair miss south nearli final discov item effect televis,1
select offer guarante free cash guarante guarante win offer guarante click control congress invest effect shoulder lose situat allow newspap forget guy train,1
weekli report meet particip societi staff tri card serv window direct realiti discuss,0
project updat report commun line coupl surfac polit,0
schedul confirm team sync mother product peac hear top compar cup know popul imag easi figur past wall,0
weekli report schedul past troubl pick deep treat famili seven third blue address stage kitchen,0
weekli report meet though later charact listen togeth control detail econom billion,0
urgent cliam prize urgent urgent click guarante limit cash guarante offer guarante instead confer job tell medic exampl,1
win big limit free win free win limit cash guarante cash urgent click limit cultur stuff level respons,1
schedul confirm schedul use specif money never servic televis could student,0
win big urgent cash click free cash win limit offer certainli appear risk game lose arm oil director,1
weekli report project updat best realiz collect hotel stay expect imag,0
meet remind project updat think centuri hold hair check involv among true difficult guess,0
limit offer cash click win cash click offer urgent world environment mention educ probabl unit clear requir heavi colleg,1
weekli report budget review option get maintain wait polic stop stori structur clear rather,0
schedul confirm report sometim keep sure agent mouth sourc forget though like fight right put,0
select urgent cash free free urgent urgent limit edg continu shake sinc race respons approach miss,1
project updat report success expect door vote fire busi becom someth common rememb born train medic appear take song bring provid individu necessari,0
weekli report report head east court three window agre even west write difficult long summer seem,0
meet remind team sync run kid data ground pressur project base studi forward simpli walk phone,0
weekli report report laugh behavior leav compar job chang project creat sure last man term seriou differ follow face stop idea,0
limit offer urgent urgent cash cash free urgent see develop actual hotel vote point seri consid success road box,1
win big click offer limit urgent urgent guarante urgent urgent guarante cash urgent free guarante free urgent product experi rise book girl major,1
limit offer cash click limit limit cash urgent free win right today human get store,1
schedul confirm report societi middl white yeah anyth eat leav weight treat want inde morn charact hot finish today,0
weekli report schedul respond treat oil,0
win big click cash click cash urgent urgent watch teach town pm big partner accord phone,1
schedul confirm project updat tell green project floor local train across center sourc seri current pictur coupl either partner alway rule speech similar instead differ,0
project updat report cultur sourc mother note bit task keep thousand well decid bill year still econom custom need board posit,0
meet remind meet woman practic benefit famili physic laugh behind shoulder design environment feel free cultur game,0
urgent cliam prize offer win win guarante limit win cash limit urgent offer click music sinc enjoy bodi make whose car,1
urgent cliam prize cash guarante win guarante guarante guarante guarante free click click free free offer free guarante behavior serv game throughout often song book,1
limit offer win click win win offer urgent free win limit win cash well say situat lot gener indic popular worri,1
win big click free urgent click limit limit econom expert less break qualiti ten clearli,1
urgent cliam prize cash cash limit urgent win per along cours full agreement build whatev consid,1
urgent cliam prize free guarante click urgent guarante win sign mention simpl system mouth worri term,1
schedul confirm report professor howev beauti area,0
project updat project updat per confer leav across difficult thank town appear opportun work store dream,0
limit offer win win click win win click offer free offer offer guarante limit limit guarante offer system import expert sometim common standard part author rather,1
select win urgent offer urgent click click offer offer want respons usual increas rock plan,1
weekli report budget review weight bar probabl return reach rang born affect,0
schedul confirm budget review right plant benefit eight oil never item establish note hous similar ahead push,0
project updat meet beyond drop career among social other without return fine,0
project updat budget review nation scientist hit nation like look wait repres environ pattern measur peopl case,0
schedul confirm report support choos hous enjoy born hour challeng polici economi film build offici summer practic happi,0
project updat team sync look standard part studi condit mother manag write care among window similar trade environment fill tv discuss,0
limit offer guarante win guarante free guarante urgent guarante bag town unit consum pictur custom guess upon budget list success,1
meet remind project updat see mission includ fight price third oil poor stop skill boy,0
urgent cliam prize free guarante offer offer limit urgent guarante click stori cultur despit carri alway histori rather among cost,1
weekli report schedul per expert human major major deep execut parti famili,0
limit offer win cash offer guarante click win item morn form camera happi us govern sound money,1
urgent cliam prize win free guarante free win limit click click cash level busi turn respons enter end born babi peopl,1
win big free urgent free limit cash guarante limit click urgent guarante free half treatment tend support,1
limit offer urgent win guarante click click win offer offer click click guarante win whether tonight born intern servic reveal task,1
win big win win urgent cash free offer guarante cash urgent win offer free across answer number live hous friend fear fine big child person voic,1
weekli report schedul return final nearli leg statement poor speak long agent choos watch charg right,0
win big urgent offer limit click guarante offer studi away seri far street project ga power prevent mean,1
meet remind meet serv week compar forward task profession unit heart start execut,0
urgent cliam prize guarante click urgent limit guarante offer cash free cash win cash win offer everybodi east effort star page citizen free fund whose model,1
urgent cliam prize limit offer guarante free cash urgent free old ok well husband studi like store,1
win big limit urgent click cash guarante free win free click free win win individu media state edg vote short,1
win big urgent guarante win click free turn writer camera wind hair church none beat kid,1
project updat team sync sens teacher troubl finish everybodi want star away activ increas tough,0
meet remind report exampl minut yeah analysi scienc interest stori establish,0
project updat schedul lay network servic everybodi seat dream someon check claim outsid student noth nearli,0
limit offer win guarante click offer limit offer guarante cash win offer cash limit win rememb buy court question approach establish amount histori,1
meet remind report one leader home cell movement argu question rest network human worri book sea certainli go fill church,0
select guarante guarante guarante limit win limit urgent cash limit power analysi oper last cut strong cold,1
schedul confirm project updat someth season enjoy environ chanc standard man edg near social cultur feder execut must behavior avoid,0
urgent cliam prize win offer guarante guarante cash cash guarante offer win urgent win urgent guarante stock think name perform usual argu play event need lay,1
select free click win free limit free today mention think answer stock year build somebodi troubl model think situat,1
urgent cliam prize limit urgent urgent urgent limit limit scene respons coach foreign enough set environment past pick return pass,1
win big free offer cash offer free free limit free limit cash click free result green activ base better weight size teacher rather materi,1
project updat report cost goal three per even argu,0
select offer urgent urgent limit cash line prepar bad none news everybodi forward small togeth exactli major leav,1
limit offer click guarante win win urgent win free offer guarante offer click click guarante republican entir discuss inde polic five smile garden,1
schedul confirm budget review like alreadi cultur agenc note pattern deep societi issu paint research commun page car,0
meet remind team sync beauti center compani beyond sens custom rememb crime specif explain job toward travel model,0
select win click offer win offer guarante limit light art environ without high mind caus game join,1
select offer limit limit offer cash urgent click free win urgent senior execut pull use night exampl plant mean,1
meet remind meet media earli tv lawyer bring messag effort oper dark attack center nearli scene star,0
urgent cliam prize limit guarante win cash cash click offer click limit guarante urgent offer hour bodi quit analysi cours action arm tax,1
schedul confirm schedul reach main door movement realiti author short throughout least,0
meet remind schedul audienc sing mr carri gener insid red see buy defens want spring understand wonder fall,0
win big offer limit urgent win limit free urgent win free guarante method item much seri market experi though,1
schedul confirm meet take back figur job listen break author,0
project updat meet better resourc particip actual crime major stop pay mr truth rate natur event art land fli although camera challeng threat fire boy although,0
win big limit limit click win urgent free click limit click win safe stop discuss prepar earli social everyon elect effort cold,1
select win win urgent win cash urgent guarante limit win limit limit togeth see bad compar confer sometim white though sort organ,1
weekli report report arriv age move imag includ score scientist hot benefit hit set,0
limit offer urgent guarante cash click cash cash guarante offer guarante click small polici cours phone none hotel popular,1
select limit win free guarante cash research tree nation read pick cold think truth suggest,1
project updat meet thought nearli way project cultur state forc realli fill congress south night price everybodi subject presid hand,0
meet remind report eight mr show member becom summer perhap field teach although drop best,0
weekli report budget review put test hold structur yeah elect blood step affect team strong affect practic summer identifi imagin statement,0
project updat budget review cultur peac anoth deal whatev contain,0
meet remind report side histori experi cold event offici choic oil fall help creat insid debat act feder mother word cost camera add congress,0
select limit urgent urgent free cash click offer click offer thing manag knowledg physic need,1
schedul confirm schedul offici work across listen remain base high issu abil score,0
select cash urgent offer urgent limit offici region parent better relationship,1
limit offer free urgent cash free free click click win free click urgent offer click limit organ possibl lead alway wide card,1
project updat report deep certain deal determin attack late bodi amount cover,0
limit offer guarante free free click guarante urgent guarante guarante limit free win urgent cover certainli second inde along societi tough,1
project updat team sync beat item project includ hour imagin form recogn notic half interest,0
meet remind report give appear mother miss posit catch answer properti condit onto front lead manag young differ pressur star inde read late,0
meet remind budget review end form practic popular accept,0
schedul confirm budget review act letter letter product near simpl fast agenc rule someon compar night reveal enough subject particip,0
meet remind meet end hit wall least five interview maintain street cost citi physic educ put,0
meet remind schedul sing stand exampl young even fli eight away visit trip good final goal contain young score beauti result,0
project updat meet push ga skin arriv confer execut perhap art friend troubl militari realiz statement,0
select limit cash click guarante free offer cash limit win free limit urgent win explain long five offer fall citizen front bed wall certainli move support,1
weekli report meet commerci resourc rather nearli figur huge ball,0
select cash offer limit guarante limit win season send across small realiti approach,1
select guarante limit win click click win cash summer glass break head environment western protect invest leav front,1
select limit win cash guarante urgent click fall agre partner natur attack financi inform seriou compar firm requir alon,1
meet remind schedul call option lose partner owner join improv tree,0
project updat meet economi explain alreadi staff involv human simpl eat scienc larg confer world step chanc accept follow worker week,0
urgent cliam prize limit limit cash guarante guarante cash urgent win offer guarante common even fine life put market paper woman,1
win big guarante win limit limit offer free guarante win limit bed price perform fine histori consid,1
weekli report meet particip western meet present accept speech control cell unit price success concern team,0
urgent cliam prize urgent win cash urgent click free cash offer teacher tv intern pick clear claim protect keep republican rock candid special,1
schedul confirm budget review everybodi face radio yet letter particularli compar alon manag appear husband debat clearli suggest ground six home,0
meet remind team sync ok debat act clearli histori abl sister share stage increas life level hospit,0
select click free cash limit cash win limit click free free offer click author discuss train candid card condit rise name ago,1
project updat budget review total leg leav scene pay avail subject certainli creat,0
urgent cliam prize click guarante win guarante free win click click cash guarante shake littl tend similar recogn treat consid product perform chair great hear,1
win big offer offer click click win click limit click guarante speech realiz manag blue may foot ahead even similar discuss,1
win big win cash free offer offer cash limit fire imag late easi report shake question paper top,1
limit offer click guarante click win offer guarante urgent free strategi whose order site valu environment,1
limit offer limit limit free offer urgent cash offer win fli finish especi world show posit human like organ case,1
select limit guarante cash cash click free offer guarante click voic fill hotel air thank design differ set differ born hundr,1
meet remind meet help mayb court book drug commun research train system take cost put,0
project updat meet citizen recent rang decis offici water radio drive minut capit along board hotel guy,0
weekli report team sync pm econom scientist recent govern share inde task singl congress futur structur recogn red yet,0
win big guarante free win guarante urgent limit limit free cash guarante religi pull guess base offici increas learn sure head condit result,1
schedul confirm report republican board respond section eat particularli center list section dog answer never cultur drug buy none third cultur,0
urgent cliam prize win urgent limit offer free free debat left yet news poor histori,1
schedul confirm report ga amount lay pass across bad develop realiti group,0
schedul confirm project updat rest wrong develop marriag sourc despit whose find perform ago window worri lawyer decid field,0
urgent cliam prize offer cash win limit offer offer free limit free seri citi stand least choic purpos major cost benefit claim condit,1
weekli report budget review job per environment despit game part tri three best hundr worri major posit soon,0
meet remind budget review lay true place drug consid long offer huge morn center region confer capit young factor see better,0
win big guarante win win guarante limit offer offer urgent cash urgent guarante limit cash medic system gun littl break owner bodi main order ever,1
win big click win click win click guarante win click offer offer urgent guarante offer free project far record occur model boy even,1
schedul confirm project updat project none year tend claim control build mr worri safe,0
select win offer guarante limit offer limit free free begin push whose letter ever light inde although situat total road,1
schedul confirm report reflect subject effort analysi window million peac trial religi specif career matter nation produc respons,0
schedul confirm report presid number offic,0
meet remind report walk leg sinc agreement mani enter even paper huge polit degre trade throw simpli thing detail,0
weekli report team sync becom finish store smile book babi concern mr intern hand certain abl view lot hear,0
weekli report budget review theori someon thousand cost know eye voic game point tri sister cultur show top colleg figur third forc,0
limit offer limit win click urgent limit guarante limit win limit click oper front section singl member section word rang door three mission pay,1
select cash win win click guarante offer offer cash cash offer guarante free offer futur child televis right close hand sit presid truth law scientist,1
meet remind project updat hundr gener gun safe law whether clearli recent econom republican third benefit listen person door,0
weekli report budget review lay model town respond usual may black coach bring relationship quit travel decid,0
project updat schedul truth standard final seat eat glass tabl bar necessari tv,0
win big cash offer free click limit urgent click cash cash win lot church final window compani increas weight truth half tough either,1
weekli report schedul differ address materi tonight theori success high stock style,0
schedul confirm report whole help hope thu hospit firm term lay situat music trip reach,0
limit offer cash cash click free offer free artist caus start garden know offer,1
select limit urgent win win free offer click click institut right dream build account seriou,1
meet remind team sync fall book blue effort hear bit mention catch servic parti us,0
urgent cliam prize offer urgent win click cash cash cash click urgent limit presid wide view week number fine occur imagin sure,1
weekli report meet part final discuss manag like ga forward station tend win class note accept,0
win big cash cash limit urgent cash click guarante limit allow work seem intern somebodi away particularli bit avail travel,1
project updat schedul key life best age hear notic seven realiti within rule new,0
select urgent guarante urgent win offer limit limit limit limit offer offer click offer offer guarante fli energi whole bill bed final expect contain time,1
limit offer urgent urgent offer click offer limit urgent win limit limit win cash guarante click win quickli system reduc sourc teach music expect,1
meet remind meet method wish thank record item abil full role lot choos hope develop certainli,0
schedul confirm budget review attent usual establish data month throw marriag sea polic popul either possibl lose task set qualiti,0
limit offer win urgent click urgent offer free guarante limit limit urgent urgent guarante guarante sister democrat second perhap inde maintain special,1
urgent cliam prize click urgent guarante cash offer urgent cash urgent offer offer cash limit account never perform build yet lay polic gener control activ similar answer,1
win big limit free win guarante offer guarante though strong approach know alway media factor push father place degre focu,1
project updat project updat meet middl messag fear machin room avail head watch fli within organ hold case window,0
win big win guarante urgent win urgent win cash free win click click great perhap member region eye true rest articl ga vote,1
meet remind meet understand earli involv life either spring know present inform trial build,0
urgent cliam prize win offer offer limit win click detail simpli instead wife maintain happen,1
schedul confirm team sync appli best side scene describ red center environ intern process wear catch price serv action us window push color,0
meet remind schedul central base drive go democrat common hear hope free garden cut everybodi stand build messag,0
schedul confirm team sync mean exampl effect game never stuff boy imagin writer spend histori,0
urgent cliam prize cash guarante click offer limit third place two wear growth trip boy common least exist,1
schedul confirm report throughout beat great nation type cost husband like,0
meet remind schedul open power part relationship score lot want seven respond toward home rate tonight direct father approach area factor board still certain mr sourc sort,0
select free cash limit free urgent free click free click offer guarante win cash click speak thousand kind among leav purpos,1
project updat report parti meet fine direct hard voic understand food campaign support compar middl parti,0
schedul confirm team sync subject standard act hotel particularli invest govern fli intern deep inde quickli commun field wide camera individu,0
select offer limit cash click click click free cash cash limit free click cash guarante agenc mouth option hospit great eye well also build,1
meet remind report foreign charg two usual major futur fine effort probabl floor rememb identifi dog readi thought recent,0
win big guarante urgent click urgent guarante limit cash click cash tabl remain road readi ye scene,1
weekli report meet law improv million sinc difficult support rememb action across success societi relat leav,0
schedul confirm team sync play consum area new professor meet sit stuff design loss speech fund,0
meet remind project updat artist question view home natur moment tree network cell meet billion bill exist meet stuff militari,0
urgent cliam prize free click limit guarante free guarante click win click urgent offer urgent offer win free perhap earli contain build dinner work field,1
win big offer urgent offer click urgent click guarante urgent free cash guarante throw learn far second hot economi develop inform fast big,1
meet remind budget review still reflect car short polit ask war night one help congress gener member whose group test move even seat ask black option,0
meet remind team sync includ camera firm econom quickli night much trip war book group larg hard know educ watch societi,0
select offer guarante limit urgent cash win guarante click cash click free urgent win win click smile trip meet famili caus attack,1
weekli report budget review although see differ move environ campaign system knowledg need evid husband among term partner understand rais,0
win big offer free free guarante urgent click cash offer free could mean glass know plant form like least expect respons,1
weekli report team sync player south societi watch point floor prove eye expect ten water person heavi hard industri natur research execut,0
schedul confirm meet choic servic experi group make seat western name car risk success wind take view show troubl messag,0
urgent cliam prize urgent offer free free limit limit win cash go level care enjoy hear kitchen name nation colleg tradit,1
schedul confirm meet action task son deal drug hour mouth pattern enjoy rule,0
project updat team sync fli arm civil design spend miss form start militari ye anim yet class appear war news never noth,0
urgent cliam prize guarante cash cash urgent urgent click urgent win cash paper repres account author draw area loss,1
limit offer win free free offer offer urgent worri develop nice seriou south stay rememb report old secur seek,1
schedul confirm report plan alreadi final within import put head owner view behavior owner famili well husband offici tend signific strategi rememb,0
limit offer free cash urgent click urgent offer urgent open product fli send past sound rest econom gener girl noth,1
weekli report team sync relat still cours form trial central shake increas heavi rich travel posit,0
select limit urgent click click cash click click cash guarante free servic thank tonight third movement top state prepar toward,1
schedul confirm report inform team colleg energi scene accord civil dog somebodi,0
win big urgent guarante free cash free guarante limit urgent win urgent guarante land probabl leg lawyer guess,1
limit offer urgent limit click win win limit cash offer cash guarante free offer offer limit urgent sit train happi attorney soldier save speech wonder prove,1
meet remind meet real million natur travel sign world much feel lay pull blue red modern person import street appli,0
project updat schedul adult fire natur group could signific protect mother station leader,0
win big free click win win urgent cash offer limit limit win offer professor author beat particular indic enter certainli step,1
schedul confirm report dog memori manag involv clear specif focu star much step,0
select free win urgent urgent offer cash win guarante abil job whether democrat east success draw success,1
select click win click win win offer free click offer win guarante win offer offer centuri perform standard buy direct realiti success stand bag wide might knowledg,1
schedul confirm team sync artist heart ball care lay use perform sing agreement,0
meet remind team sync season add deep pay standard manag home close west let war back report,0
win big guarante urgent urgent guarante guarante cash offer offer win urgent mother type bag econom find pm rise step medic experi like opportun,1
schedul confirm project updat teach scene citizen land field execut black firm studi success matter four,0
limit offer urgent guarante guarante offer cash free win guarante click click upon agre big bring let run challeng crime,1
meet remind report east alway minut dream quit bank,0
urgent cliam prize free free free urgent free toward skin list analysi pay act seek discuss,1
project updat budget review five pressur abil treatment polic area husband meet section laugh develop behind identifi central mr catch thu,0
schedul confirm project updat exist hospit better bed mother process militari like break level,0
meet remind team sync certain lead level tonight campaign world environment well effort improv half bodi sit close,0
meet remind meet still singl act ever talk fire recent especi door board today film impact outsid parent give polici,0
schedul confirm budget review sourc sea sometim could vote manag real trial break train care accord north sever unit follow book hope citi,0
win big urgent click urgent click win click urgent urgent cash guarante free click possibl safe like alway approach present easi clearli like think educ simpl,1
schedul confirm meet posit fine wrong put though card babi record end intern huge,0
select click click limit limit urgent click free win cash free insid indic young special dream model look charact,1
weekli report report rule instead night fli mean season color ok return decad line game success process hot statement mission green execut throughout get like lose,0
limit offer limit limit limit offer guarante high properti write paint caus repres,1
meet remind project updat human build system matter seem tax method father forward fear trial measur,0
limit offer cash cash click guarante urgent urgent free click share resourc paint bring note style pick administr,1
limit offer limit limit free offer click win guarante guarante limit limit limit member sport top gener adult,1
select urgent offer cash win limit limit win guarante offer click free win win view win place seat forc station,1
urgent cliam prize cash click limit urgent guarante urgent win free win maintain miss least happen morn collect worri high mention particularli,1
limit offer click click free offer limit urgent urgent guarante limit guarante guarante win urgent increas tough parti along system laugh blue cold go modern intern materi,1
meet remind meet white finish fall interest none feder seven could sell minut plan,0
weekli report meet movement requir theori blood outsid outsid foreign great husband,0
limit offer urgent urgent click guarante cash offer cash limit win win guarante offer offer newspap recent oil away sourc presid eat paper machin,1
win big free offer guarante urgent click free win limit free free click item noth compar relat billion boy fight follow memori glass,1
select win offer urgent limit guarante offer cash import happi color polit cultur trip shake edg fill,1
project updat meet someth middl floor instead member usual market scene wear room,0
meet remind meet main polic season remain includ wind three mr environment,0
select guarante offer free limit click win per away measur languag occur see system wife,1
win big cash offer guarante urgent guarante cash free free cash click cash data realli next other possibl author,1
win big win offer win click free free win win limit limit win radio yeah song start issu imag,1
schedul confirm schedul style entir posit sell red organ elect govern movement analysi,0
schedul confirm budget review weight notic food discov list simpli recent charg right ten discov set draw girl type see treat detail,0
urgent cliam prize click urgent click guarante guarante war star town usual husband trade mayb busi movi repres,1
meet remind budget review make firm particip account southern later american continu becom build capit understand least,0
schedul confirm team sync hotel futur age last phone local everyth box enough commerci necessari abl phone bill rang democrat,0
urgent cliam prize urgent offer urgent guarante win cash limit guarante offer urgent offer million support born choos foot teach hard readi product believ employe,1
select urgent offer win offer free click win limit click guarante cash law cup job yeah abil east phone noth check choic across best,1
meet remind meet member blue person polit fact station heavi check artist bed make price pm despit activ agenc,0
select click limit cash click free limit guarante inde loss husband senior,1
schedul confirm project updat respons world drug player indic outsid recogn safe news languag financi consum soldier across,0
meet remind schedul anim make never cover time perform feel affect station rest behind gun,0
schedul confirm team sync within toward futur control south born money none letter movement kid even state budget analysi total ok,0
urgent cliam prize cash free offer offer urgent season perform point especi answer enter action,1
meet remind meet stori abl music lawyer term power whole debat ahead materi environ site contain site shake colleg,0
meet remind project updat human camera particip necessari manag must skin,0
project updat report offici abil book seem number,0
limit offer urgent limit win free urgent cash click win guarante win guarante offer guarante increas newspap pictur buy class,1
schedul confirm project updat car word hospit minut letter claim low side low probabl exactli,0
win big guarante offer urgent cash win guarante urgent limit guarante guarante click someth learn posit polic product show reflect,1
project updat project updat choic confer point anoth prepar note boy enough serv appli particular team heart third drop organ els prevent,0
limit offer click urgent win limit guarante offer urgent free cash cash guarante skill respons blood tax particular listen new sport possibl man act partner,1
limit offer urgent click cash click free urgent cash limit click gener budget chang sourc song energi,1
schedul confirm meet congress discov time face singl knowledg admit letter societi,0
meet remind budget review analysi south pass wear lead qualiti author stage week cost deep final born,0
weekli report team sync black bit thank commerci govern garden everi half sometim soon leader whose although individu region alway,0
select urgent urgent click offer click win guarante urgent limit guarante win free limit offer decis five rise stay left consum republican laugh long movement break go watch,1
schedul confirm schedul agreement daughter benefit believ peopl fire speak enough mention green american,0
urgent cliam prize cash click offer cash free click offer offer limit free offic commerci resourc dinner life wide defens group beauti,1
project updat schedul memori commerci store physic glass condit area catch lose anim call writer tv pay red produc hotel throw republican,0
schedul confirm team sync sea sea democrat explain find foot arriv edg book chair scientist cover thu crime realiti reason research school best,0
weekli report meet factor learn north area huge relat leg employe cover direct budget,0
meet remind budget review visit anyth buy look reduc fund coupl easi paper languag,0
select win offer win click free offer cash guarante win cash cash click urgent limit click manag profession nearli contain peac sever,1
project updat report yet begin vote person market green,0
schedul confirm report leg educ wife half capit quickli class polit troubl war easi notic control star readi,0
meet remind schedul speech choos born north treatment rather final decid keep defens event variou success high field wear compar,0
urgent cliam prize free guarante win guarante offer guarante issu local exist pull friend moment whose fact budget,1
project updat project updat common act mayb seem big properti check,0
project updat budget review inde region audienc leg high instead recogn go us suffer shoulder far countri comput form exactli,0
schedul confirm team sync nearli water trade owner western million thing paint busi,0
meet remind project updat strong eat write boy knowledg ball capit suffer,0
urgent cliam prize win guarante win guarante urgent guarante drive item travel differ model may comput risk allow third,1
schedul confirm schedul explain could explain countri increas shoulder employe success newspap messag sound identifi catch tabl role play,0
meet remind meet creat wife indic half wait talk train chang,0
project updat budget review east gener doctor respons west system interest forc method custom,0
schedul confirm schedul includ deal sit begin car heart huge hundr establish act everybodi garden rise drive whole option world car,0
schedul confirm schedul detail key pattern bed alon realiti democrat weight,0
meet remind report bring market imag thank seek buy full high one true type american air area,0
schedul confirm meet movi bed citi board almost hard debat tri speak serv radio remain peac togeth drop,0
schedul confirm budget review figur tri vote forc produc busi age capit cultur lot cut eye section affect expert cost dream use,0
limit offer win free limit click cash guarante offer urgent limit guarante click insid debat relat style market parti languag lawyer behavior noth,1
schedul confirm project updat ga plant fear total differ price whole rest debat abil modern heavi pretti call popular indic western,0
meet remind budget review sit gener perform edg low valu best meet foot item,0
select win free guarante cash cash guarante challeng woman work ga execut stage compar sure,1
limit offer free win guarante click limit free limit win limit product colleg way campaign reveal east build,1
schedul confirm budget review simpli color firm invest heart hundr occur effect forward employe least custom million mani rate item busi true,0
meet remind schedul better claim stage bar edg treatment hundr someon stage short fall pattern model wrong front hous month eye close,0
schedul confirm team sync report either current way despit word home discuss send miss light near structur notic vote cours stand yet data,0
select free limit click cash urgent limit free guarante offer click offer guarante urgent air religi age dinner experi say,1
meet remind project updat treat individu technolog away within direct despit among stock side eye thousand detail,0
project updat report child pick speak growth prevent attack chang open manag bad team bill start,0
urgent cliam prize guarante offer offer win click win cash urgent cash cash win win urgent click offer bar care blood tough page past poor question human explain,1
weekli report project updat right campaign bad friend red oper,0
schedul confirm schedul agenc common ten mention exist remain theori carri yeah establish,0
urgent cliam prize free guarante free click guarante guarante cash attorney rich bed polici director perform,1
schedul confirm report countri famili miss rule avail execut huge writer,0
project updat meet score detail interest stand,0
limit offer urgent win offer win urgent cash cash cash urgent limit free market parent campaign identifi skin issu citizen,1
select click win offer guarante click urgent thought nation kind shoulder approach around leav year guess remain statement control,1
meet remind budget review push learn color soon scienc movement network stay young eye help attack mother explain consid bill season pm,0
select limit win cash limit win offer urgent offer offer win urgent free free help perhap guess paint year eye evid feder product doctor,1
weekli report project updat dog bodi popular execut compani feder candid,0
limit offer win click free free win win click free cash urgent urgent guarante decid great congress brother wide parti base radio sens choos noth fli,1
schedul confirm meet less room growth write purpos sport everybodi lose hous realiz reach quit posit interest network evid central get,0
weekli report meet maintain howev approach author better think low one import posit anoth,0
limit offer cash limit guarante win guarante cash cash urgent click free click cash age may hand start hospit practic,1
meet remind budget review play threat campaign discuss present,0
weekli report project updat student side green nearli contain east let work could interest either hair,0
meet remind schedul throw colleg pull,0
schedul confirm budget review answer research pretti concern skin real east,0
project updat schedul save televis assum even govern better attorney fli respons protect keep rule intern shoulder,0
project updat meet soon usual lay concern move usual avail system recent check choos low rememb financi properti,0
select click urgent click urgent win click win limit urgent free click win discov avail agent race exactli dream religi studi form,1
win big cash offer urgent win free cash firm forward agreement respons trip build bodi site,1
urgent cliam prize click click urgent urgent cash click guarante limit north everyth larg glass street year,1
weekli report schedul point worri man care number either help support teach address follow,0
project updat meet strong institut social soon leav fund assum hot relationship involv appear employe brother kitchen perhap build,0
select win free urgent click cash click offer urgent offer urgent push necessari staff avoid stand anim option save individu,1
urgent cliam prize free guarante guarante free limit guarante offer free cash happi final red alon produc show,1
project updat meet hair bit night teacher exactli tell seat cultur middl plan summer imag natur becom commun degre particip mani,0
project updat team sync presid seri today alreadi involv lose control brother issu week blood firm person let next,0
select click win free guarante guarante click free win limit urgent urgent guarante win click store former order artist send teacher natur modern oper,1
urgent cliam prize win win offer guarante guarante click guarante click win hous next simpl usual cours magazin one free new rate main idea,1
project updat team sync involv western take school system caus imagin expect commerci action candid top exist enough,0
project updat team sync physic democrat sister agre attorney guess requir loss polit person,0
weekli report budget review drop build leav feel state bodi great hospit beat blood career top put special,0
limit offer guarante win free click limit urgent cash offer click realiti floor modern give chang pretti,1
schedul confirm budget review red recent boy poor room red particip suddenli ahead fish,0
win big offer free limit free win limit limit limit click cash urgent win light whether turn size want relat,1
weekli report report possibl garden morn despit clear eye summer analysi behind shoulder page polit relationship seven number,0
schedul confirm budget review hand eat statement cover,0
weekli report team sync cover take ok tax standard sometim unit nation focu comput colleg leg,0
project updat team sync even mention treat high show knowledg soon prove,0
schedul confirm report allow air increas reveal war spend order spring candid could shake quit poor,0
schedul confirm budget review shake either page star crime though station congress red histori need wall wonder safe,0
urgent cliam prize guarante cash urgent cash cash offer free cash third understand especi give walk expect million music respons,1
schedul confirm schedul build stay feel left mr bag rise town avail singl peac book firm,0
weekli report team sync manag fast result head follow walk,0
win big guarante limit click offer free urgent cash realli game south model especi teacher,1
schedul confirm project updat daughter board popul capit live lead one care spring,0
meet remind schedul set troubl lay collect heavi often gener friend assum,0
select click limit free limit limit urgent organ letter rememb bad languag expert,1
weekli report budget review agent mr doctor million team invest instead left valu,0
schedul confirm meet final remain anoth bag administr notic instead particip third bodi wear summer entir televis teach,0
schedul confirm project updat commun pattern although name yet mani howev bag star simpl care,0
win big offer cash win win click free urgent cash guarante guarante cash perform defens step dream american offer militari cell,1
limit offer offer free urgent free urgent limit limit free limit cash click offer urgent budget find situat lot bit step condit everi program anim,1
urgent cliam prize free click cash win guarante cash health student direct offer requir see,1
weekli report schedul minut news order figur polici strategi movi continu,0
project updat team sync particular often group impact sing compar assum idea media foot pattern law night buy,0
project updat report decad former growth staff lot histori simpli check easi break method parti,0
meet remind project updat note throughout upon modern purpos along abl statement feel none owner,0
urgent cliam prize guarante offer click click click click urgent win urgent free offer lead home son trial miss structur rememb particularli base,1
weekli report team sync gun posit seem dog servic common leg find,0
select urgent guarante free cash free institut week mind big result elect,1
win big click cash win limit offer cash offer execut repres stay servic address pretti near environ provid probabl,1
limit offer cash cash win limit limit urgent free cash situat loss wall societi wonder agre languag success believ experi billion,1
weekli report schedul whatev research particip piec,0
limit offer click cash urgent guarante limit cash urgent limit limit guarante click win guarante free limit hour yeah power anoth republican best scientist,1
meet remind report friend els direct creat,0
weekli report meet effort near mean front evid stuff particularli,0
meet remind project updat thank common gun born,0
schedul confirm team sync stage born prepar wrong man rememb spend former smile region senior join hold,0
schedul confirm budget review write qualiti part inde,0
weekli report team sync grow road direct reflect factor market direct rate walk cut energi reason drive,0
limit offer free offer win cash guarante guarante cash click low speak intern simpli half,1
weekli report schedul husband posit talk safe area age ok explain understand grow pm middl data bad defens girl effect,0
project updat budget review polit properti student doctor societi idea better person beat tonight half debat hear enough wrong analysi noth continu box,0
urgent cliam prize free click offer guarante guarante free win guarante win cash win limit click guarante click recogn fund budget specif suffer pictur newspap senior natur suffer soldier,1
schedul confirm schedul factor countri commerci either capit keep despit train,0
urgent cliam prize click cash limit urgent limit click free click click urgent click cash guarante guarante limit never reflect avoid specif boy five,1
select offer cash win limit click cash limit click win eight whatev new movi never western listen offic,1
limit offer limit offer offer win limit ga moment respons prevent major ahead watch hand lead howev technolog perform,1
win big limit cash offer free free win offer cash offer urgent click sourc scene turn marriag number strategi reason recent rich artist,1
meet remind project updat think radio tabl shake short,0
schedul confirm team sync phone music wind hundr might seven forward heavi appear commerci score,0
project updat schedul professor enough world scientist treat sens eat long five record wait author even articl well democrat oper movi scene eat,0
project updat budget review lawyer religi thank pretti design crime make appli road build thought threat speech attorney center morn,0
schedul confirm team sync particular main republican practic toward challeng imagin heart could,0
win big cash win limit limit urgent free urgent guarante free click guarante win limit offer garden hard busi phone televis among agreement truth end even gun,1
schedul confirm budget review offer support discuss three posit learn cost consum alon throughout train,0
project updat meet forget chang way plant win order approach chang accept rather abl woman letter method,0
select click urgent urgent guarante limit click click win offer rate like learn oper parti approach send,1
project updat project updat howev wear street move condit appli strategi forget industri,0
project updat project updat cours compani order pay wall intern agreement director believ share drop congress congress magazin lose,0
schedul confirm meet news piec certain camera get member import purpos certain bill subject season agenc forward usual hospit consum,0
schedul confirm report tend could foot doctor,0
meet remind report son girl job turn way sit often within grow western recogn benefit process,0
meet remind project updat democrat doctor clearli church present reflect posit garden suggest particular suggest toward assum scientist look consid other figur spring suggest right,0
meet remind project updat visit pattern social rememb assum,0
schedul confirm meet radio particular discuss natur coupl govern billion employe million plant town bit activ around fast,0
select free win offer offer urgent win free limit offer guarante click click thank energi local much inform,1
select free offer free win urgent urgent environment would later realiti realli local make,1
weekli report meet inform paper check religi yeah resourc send grow though profession skin agre,0
meet remind schedul ten whatev audienc sure reveal worker leav view want size other similar use group five thought compar support nation citizen writer,0
limit offer cash urgent limit urgent click click cash win offer free offer side address hour mr fish repres sister wall hair feder noth two,1
select click win guarante click offer limit free offer free guarante urgent guarante urgent guarante larg suggest whatev record theori glass back prevent,1
limit offer free win win cash click free guarante click guarante limit offer next posit strategi wish expect though base,1
weekli report team sync eat ten thought area meet push medic answer soldier home histori game train least billion age film year staff true clearli instead hard economi societi key,0
meet remind project updat scene worker import despit becom lawyer manag reduc son report,0
urgent cliam prize offer win limit urgent win click urgent urgent limit click win offer loss measur class game thu stuff like leader stuff poor understand offic,1
schedul confirm schedul letter check bank consum properti challeng reveal dog abil differ song citizen mr recogn idea scene,0
weekli report schedul middl radio treat properti true suffer throughout question prepar great friend price,0
schedul confirm project updat show high sea civil form energi repres babi bill major,0
weekli report project updat easi maintain individu littl dog color,0
schedul confirm budget review parent explain heavi,0
weekli report team sync everyon beauti condit establish smile,0
meet remind team sync build final friend system fear watch list upon enjoy board impact back book,0
limit offer urgent win offer limit win limit guarante click free free click urgent win guarante cash beyond thank design meet togeth,1
schedul confirm meet hous least dog chang right street answer mr director compar owner busi person feel still despit dream degre fact remain process spring,0
select click guarante offer click limit click click cash urgent cash cash figur key beyond gun sourc democrat true alon support import,1
win big limit urgent guarante free limit cash limit trade stori worker materi back relat recent,1
meet remind team sync everybodi allow law suddenli back data outsid,0
project updat meet tradit talk listen campaign middl futur nation term reduc brother glass loss stage big,0
urgent cliam prize click free offer click win win guarante limit win guarante free cash limit guarante limit stock without long argu drop seat would close make hope word larg,1
weekli report meet set chang method time wait thousand team tough dinner game although book mention program train democrat,0
weekli report report set drive tax save per,0
weekli report meet other realiti week colleg bed look detail countri cours attack especi religi abil occur ball avail abl,0
win big urgent limit limit offer win guarante guarante guarante limit guarante free win click urgent answer heavi citi morn car new card democrat turn respons benefit,1
weekli report project updat rate tonight owner realiz side abil citizen analysi lot abl statement eight show,0
project updat meet break firm person church blue protect peopl dream bag dark center certain foot put result middl walk notic,0
urgent cliam prize offer free guarante offer cash limit limit guarante free win win free win region cultur floor take add elect someon becom enter present presid bad draw,1
project updat team sync floor note base cost govern trade letter meet growth hair loss stop,0
urgent cliam prize urgent cash urgent offer win click win offer offer free guarante offer offer administr degre rock secur address order,1
project updat budget review pass war energi interest,0
meet remind project updat heart strong recent number tradit institut everyth natur republican gener perhap face,0
weekli report project updat go less servic individu action program figur answer store role ago tax,0
urgent cliam prize cash urgent free click urgent cash win cash click limit urgent guarante free free cash behavior focu magazin mr whose larg,1
select offer free guarante cash limit limit urgent guarante guarante guarante limit win cash guarante click speech agent develop natur,1
meet remind project updat approach everyth issu race million peac safe ever materi ahead strategi,0
select win urgent urgent guarante free open cours sever today bar decad hotel follow test arm describ visit drive,1
urgent cliam prize limit offer win urgent cash offer free free cash free offer offer urgent test question becom popul plan high,1
select click win urgent urgent guarante urgent urgent guarante offer free cash guarante mani charact social offer product import keep,1
project updat report better page morn next govern major build seriou secur,0
limit offer click offer click offer click offer win guarante win offer offer offer win win fire abl tell build administr common year forward air,1
select win win free offer win cash win guarante guarante cash offer actual intern posit senior understand perform train church economi floor,1
project updat project updat wear place fine happen blood entir anoth tradit person pictur bit interest magazin resourc collect govern season,0
weekli report budget review expert finish north prevent talk lawyer provid look offic view physic pictur would life list far risk condit last beauti,0
weekli report meet check food learn group fine man heart finish could new pattern fight,0
limit offer click urgent limit click win win click guarante urgent free guarante guarante cash industri film former travel ball organ bill hand watch,1
project updat budget review perform practic box billion skin effect fact child statement secur skin offic popul write front argu process,0
win big urgent cash urgent urgent guarante offer free cash free cash win guarante sound note current truth like could summer individu save offic,1
win big limit cash click guarante offer guarante cash limit urgent govern nation less power indic job cultur music experi buy,1
meet remind schedul win sea sometim often wind hear small intern term pressur,0
urgent cliam prize urgent offer limit free offer guarante cash cash urgent offer cash offer challeng artist build anoth billion near stuff take,1
schedul confirm schedul someth go even almost big paper shoulder differ,0
select offer free win free cash cash free cash later custom fine entir window littl hope,1
limit offer urgent guarante click guarante limit limit offer plan laugh prepar arriv full avail almost writer,1
limit offer cash free limit limit urgent natur posit present former market allow effect push caus,1
limit offer click urgent urgent free offer limit free free free tv west help beyond way countri ga think paper,1
urgent cliam prize win guarante click limit free win guarante guarante guarante offer win firm resourc mr room measur somebodi,1
limit offer win offer urgent click click win win free hope product alway road crime degre scientist,1
limit offer limit win free guarante free click offer agent air presid doctor whether alway card,1
schedul confirm report give half respond order guess determin program mouth,0
project updat project updat model term fill,0
meet remind budget review enough far cut author tonight involv south challeng although former school appli build everi resourc thank abil,0
project updat report top entir far meet year car polit oil,0
weekli report schedul protect record democrat anyth mind militari respons other caus none environ signific recent say thousand plan valu,0
urgent cliam prize guarante click cash free offer urgent free guarante win urgent click set effort factor commun famili exampl fear,1
urgent cliam prize free cash click guarante win offer limit click guarante militari would girl address sometim form other center adult,1
weekli report meet mission low third send read watch reflect indic simpl,0
select offer free urgent win click guarante eye space main ask pattern view,1
weekli report meet manag drive approach energi certain design support usual dream man truth fire languag born perform recent sport,0
project updat project updat owner street wear term industri democrat take blood whole mr far area take commun anyth caus court contain research although skin build daughter,0
select urgent urgent win click cash click limit limit guarante limit morn anyon collect meet half action station season manag phone social,1
weekli report report forc parent countri challeng worker network societi hour street littl,0
win big click offer guarante offer click move gener eat work republican realli goal indic anyth grow power,1
meet remind project updat heavi discov job recogn car major region total state skin produc plant,0
meet remind team sync situat notic alon commerci program night western exist exampl use confer movi,0
meet remind project updat inform thousand send scientist thousand land play babi accept anyth,0
urgent cliam prize free urgent limit guarante click offer cash click click limit pull whose offer type staff,1
urgent cliam prize offer limit guarante limit cash urgent parti fund custom fund add prepar tough develop,1
urgent cliam prize guarante win win win limit win offer free urgent cash free guarante guarante dinner buy employe secur involv establish voic behind,1
limit offer cash click urgent free cash urgent free win guarante urgent offer experi maintain carri job sell repres,1
limit offer limit cash guarante guarante click support worker like fill structur hair,1
project updat budget review answer possibl pull task inform,0
schedul confirm team sync owner fund finish languag power tri small mr doctor discuss probabl thu,0
meet remind schedul sister still better page husband point babi american key sign poor insid sort strategi major,0
project updat schedul gener behind sort read plant rather far learn teach differ respons art,0
weekli report meet order keep market age organ box market sister receiv guy car involv model lawyer,0
win big urgent urgent offer win cash limit world manag imagin ground might media inform,1
urgent cliam prize limit limit free cash cash guarante free urgent guarante limit cash limit click guarante probabl manag babi strong new someth,1
project updat project updat benefit bag street wrong movement young sever board money news wall,0
weekli report project updat region beat free guy along finish bad anyon staff,0
select offer win click cash offer limit limit free free cash free guarante includ impact among energi store fill,1
project updat report oper left wrong claim scientist doctor mouth perform,0
weekli report team sync year job cold floor former west area,0
meet remind schedul rang letter foot yard soldier televis let decid summer respons paper presid ahead develop,0
project updat meet worri particip speech set tonight well pass writer sit fish commerci worri might feel rule late begin anoth,0
meet remind meet yard yet qualiti invest sourc pictur measur pretti,0
weekli report schedul situat race dinner clearli pick budget treat glass social play singl may thank leg special price centuri militari tv analysi knowledg imagin sound case shoulder,0
meet remind project updat difficult gener despit day art spend action miss next remain reflect receiv letter group car,0
limit offer guarante limit click win offer click click guarante cash free guarante urgent idea particularli account air mr involv career evid decad receiv great,1
weekli report report law manag consum ahead less,0
meet remind budget review real white stock issu,0
limit offer click guarante urgent offer urgent cash guarante free offer click offer free urgent guarante cash design sens western provid walk lawyer,1
project updat project updat school add air rich institut exactli go agenc glass plan peac effect,0
schedul confirm project updat recent shoulder girl author pass six pick degre earli student would health learn class camera visit page could piec level ok magazin heavi return,0
meet remind report clear close budget second system commun specif respond event charact learn option senior inde sign,0
weekli report team sync properti cup item chang record section method,0
weekli report budget review actual go staff point floor machin today special power educ realiz nation campaign hospit maintain skill,0
schedul confirm meet doctor man nation fact line anyon magazin record card,0
limit offer free guarante limit click cash offer offer click offer free limit win free guarante product anyth singl approach ever affect field price,1
select offer cash offer win limit limit click guarante click cash limit differ reveal benefit way meet,1
meet remind team sync popul feel tree anoth issu seek need fall figur kid wish wonder,0
limit offer free click click click limit cash limit free urgent win state son prevent tree wind morn stuff occur countri project action team,1
weekli report report agreement identifi particular health stand choos establish cup other govern group cold avoid intern busi drug place togeth medic whatev system firm,0
limit offer urgent click guarante click cash free urgent guarante win click free cash food assum sens night per cultur,1
limit offer urgent offer click guarante urgent urgent urgent click offer offer free win centuri direct differ design lead could weight ahead issu morn threat pass,1
weekli report meet econom feder stop school task cover southern mr suffer ga,0
project updat project updat student network capit person point indic central miss,0
select free guarante offer guarante urgent cash urgent limit click limit guarante win stop relationship help ok famili pictur focu play coach determin,1
meet remind meet sea class either hand abil state certainli talk never among,0
meet remind team sync either audienc everyth develop son section away although forward mention histori indic earli truth happen young agenc,0
win big win offer offer guarante limit click click free nation four eat reflect summer daughter,1
urgent cliam prize cash offer guarante free free win offer limit click win limit urgent scene set probabl control anoth send invest current phone citizen,1
win big free click free limit free click guarante guarante click limit offer guarante limit free urgent singl train near agent consid,1
project updat schedul instead black blue stock set last ok music wall prove speak howev republican price worri,0
meet remind schedul strong strong purpos toward major better pick provid though mention job smile develop star might fall moment,0
urgent cliam prize free cash guarante limit cash win offer guarante guarante offer north edg comput sing month writer drop,1
meet remind team sync close keep name despit machin husband detail enter walk pay environ execut act later land price model bill avoid,0
project updat report polici possibl guy way attent page eight,0
limit offer win free cash urgent urgent urgent free win urgent free click urgent limit click reveal least win hospit card road past hot,1
weekli report project updat career polici congress final similar use bad yeah,0
project updat project updat seem colleg way anoth find elect simpli probabl meet,0
select limit offer cash cash win win limit urgent free offer rich space small back polit name someth consum stop interview educ,1
select cash win offer guarante limit win guarante free cash limit click limit click toward per read sound educ friend employe marriag,1
project updat schedul time pictur area trade languag imagin base head rang safe feder join color door even caus,0
meet remind budget review inde earli six american author wrong season mind base includ day mr tend necessari hospit,0
select limit free win cash offer urgent cash guarante guarante win differ hous activ anim clearli abil,1
meet remind schedul seek feder father gener still reflect low tradit edg stand interest peopl trade speak glass possibl,0
project updat project updat well nearli natur brother get month,0
schedul confirm meet reveal section card success season requir statement suggest involv,0
win big free win offer free click limit limit offer limit urgent win limit click firm vote within poor fish son play day stori move ga troubl,1
win big limit limit urgent urgent limit free urgent offer win win author west window larg control threat father shoulder head,1
meet remind budget review institut learn believ success peac soldier easi ok behavior land product least take seek adult sourc one everybodi,0
schedul confirm meet four low score movi father yard today adult agre fear peopl first approach like analysi shoulder attack decad write teacher far,0
win big guarante offer free guarante limit click offer limit click click urgent test land billion food sport machin,1
meet remind meet base yet list blood democrat anyon news hard top,0
select guarante offer urgent guarante win offer offer win offer offer guarante offer urgent form risk notic anyth base,1
limit offer win cash urgent limit free guarante offer click urgent win click win offer sport good repres forget make econom size meet simpl plan,1
weekli report schedul amount prepar also near end program tonight buy earli miss,0
schedul confirm report anyth left clearli speak chang realli avail fear movi sens sound show black valu stay popular success,0
weekli report team sync behavior step statement success lawyer work determin fast market hot type hear week,0
weekli report meet carri reduc north big stand bank environment way dog social age tv sea growth blue quickli mouth allow,0
weekli report budget review studi throw share catch stop reduc entir includ maintain south tv sell,0
select urgent free win limit offer free offer urgent guarante urgent win click limit click offer popul away pay hotel messag recent rest answer within hospit north,1
limit offer limit guarante offer cash win offer limit win free debat treat less medic old commerci middl total watch charg lawyer threat,1
meet remind team sync feder deep summer reflect enjoy lawyer educ front dark almost call stop bit,0
limit offer guarante click offer win cash free urgent noth tough machin larg call togeth exactli,1
project updat meet street ball societi feel task specif trade similar keep similar opportun walk purpos rich develop,0
meet remind budget review issu thank age compani play number analysi might factor surfac subject risk ever decad hot know physic,0
urgent cliam prize guarante urgent urgent offer click free limit free stuff effect recent mouth would certain present age,1
project updat schedul gener secur choos perform turn dream explain news six properti cultur scene articl instead church staff black,0
win big offer free win free cash offer free offer mani environ treatment car store relationship impact head war effort,1
win big urgent guarante offer free free click click win limit urgent limit click win limit long challeng anyon key realli back interest probabl,1
meet remind budget review imag modern treat wide full serv actual control tabl profession common realiti,0
project updat report trial throw price togeth discuss admit head,0
schedul confirm team sync section white interview popul middl quit site find peac quickli adult lot,0
weekli report meet physic task size leg eye employe modern cultur tradit train child,0
win big urgent offer click limit offer limit perform babi help impact day debat good year protect,1
meet remind team sync employe build movi reveal claim manag clear dream abil earli,0
select free offer limit urgent win urgent offer click offer guarante cash event ga camera believ,1
weekli report team sync believ teach town husband carri scienc environment fear agre win score area church,0
limit offer win limit urgent cash click limit guarante limit urgent offer offer limit product way letter staff respond truth away camera,1
urgent cliam prize limit guarante guarante offer urgent still nearli movement everybodi challeng debat,1
weekli report meet seem nice technolog smile includ tend signific level,0
meet remind budget review purpos card good indic break presid glass,0
project updat meet drug style educ common relationship system crime like bad natur littl theori author car western,0
schedul confirm project updat custom fall could instead though cover though land short notic road church think poor ever,0
schedul confirm meet rest church institut wall consid worri doctor cut someon around hospit write occur,0
project updat project updat civil mouth event alon list creat student student fish common thu develop thing boy might grow director whole impact hospit ever busi determin,0
meet remind schedul wish like appli factor larg month concern arriv rock,0
select click limit limit urgent win limit free guarante cash offer free click guarante win limit space societi citizen former sort note secur anoth peopl north deep set,1
weekli report budget review believ agreement long reveal price back price first system mention togeth west place manag major address militari type describ abl,0
meet remind report southern foot moment good nation medic look threat qualiti rang stop other establish eye,0
win big offer guarante guarante free limit realiz pattern treat earli show week mr threat place,1
project updat meet check mayb soon state first audienc also natur,0
weekli report meet region night gener treat place natur televis howev technolog,0
win big limit cash guarante guarante limit blue commerci top red cell concern intern know,1
schedul confirm team sync rich realiz polici hour near child crime beyond short peopl differ add charact day door lay list hospit histori,0
project updat project updat miss singl futur ok worker agreement law marriag feel adult nearli author troubl reach effort seriou feel newspap imagin common skin left,0
urgent cliam prize click offer click free free offer click win win offer free limit urgent free rich region stage discov perhap environ school soon carri arriv yet ground,1
schedul confirm budget review employe develop time even gun mission point send short includ,0
project updat team sync allow explain move rate individu stuff ago foot wall charg,0
schedul confirm schedul like entir morn servic data posit requir break wear direct cold letter polit heavi program foot,0
schedul confirm project updat inform shoulder market follow girl half insid past someon class abil new class far requir million final within,0
schedul confirm schedul languag check law person describ movement protect final,0
win big offer limit guarante urgent cash limit everi countri capit step nearli support today support stay,1
weekli report budget review major way explain polit certain campaign result throw qualiti lose begin chanc real amount pay comput arriv seriou nearli,0
project updat meet pressur cup provid book includ order dream charg real fire green pass trip young coupl abl go like share like televis form,0
weekli report schedul administr civil collect visit model expert build,0
weekli report team sync less nation teach readi fill languag knowledg seri know hous,0
limit offer cash cash limit urgent offer urgent limit offer free offer offer win urgent guarante import loss ground day close none network way,1
schedul confirm report mr pick includ eight onto attack nation listen guy product rich alway determin,0
weekli report meet charg understand common along behind run famili less discuss deal allow servic tri cover take interview institut,0
project updat meet word cultur bring gener onto person weight push face street,0
select win free click click urgent click guarante guarante land though tell includ finish happi far hold difficult,1
meet remind project updat sing imag public also inde true pass care option materi rather work impact technolog,0
select click guarante click free limit free guarante cash guarante offer cash human treatment despit room born anyon must month street requir knowledg candid,1
project updat project updat fire affect employe share song exampl fish might leav theori defens born respons continu seriou,0
schedul confirm project updat art seri creat half question question paint week rate hotel support,0
limit offer guarante win guarante guarante free cash away game insid young back cultur,1
meet remind project updat owner style materi citi school skill practic give throw play small key morn sea feel south break doctor somebodi subject across dinner pass,0
project updat budget review manag buy mean south strong attack noth road medic one,0
urgent cliam prize win win offer guarante cash click win cash limit ball exist abil argu affect famili partner six agent execut,1
meet remind budget review valu valu full decid particip like reach media spring thu,0
weekli report team sync relat marriag medic individu sure adult analysi,0
urgent cliam prize win free urgent click free cash guarante urgent win guarante guarante guarante professor evid mission letter elect cours sister blue,1
select click urgent cash guarante win cash click urgent urgent limit cash urgent start drive seriou red stuff differ,1
weekli report schedul spend piec western record pressur member famili usual rule stand pick,0
meet remind schedul servic nearli drive,0
win big free guarante cash limit limit guarante guarante win click poor none rang presid stori unit issu fear,1
urgent cliam prize free cash offer free guarante cash cash urgent urgent limit urgent click limit click limit age capit size admit civil sometim white day fund growth,1
project updat schedul drive item give offic prepar,0
project updat project updat trip plant matter certain brother drop,0
project updat budget review direct real almost concern report vote style,0
schedul confirm budget review thought southern home movi board hour life peopl challeng first ground pick agent audienc low,0
project updat meet better appli law space school spend rate agent major degre ahead offici control ask support fish,0
limit offer free offer click free win limit click click rise cup town yeah listen,1
select win click limit win win technolog method hour reflect floor give radio,1
select urgent guarante limit win offer offer win urgent limit win play truth ask sign perform new larg direct,1
project updat project updat posit establish window manag natur posit music fire main girl believ garden court,0
win big click click click guarante urgent cash focu safe result admit determin safe lose,1
schedul confirm project updat fire establish real properti quit goal pictur sing profession profession behind often plan know knowledg member improv store,0
meet remind meet research necessari simpli purpos mr move offici everybodi test certain later heavi determin perhap,0
schedul confirm report certain person train studi travel ok issu ahead improv word first ten,0
win big free free cash cash guarante cash win free limit guarante pretti three step town scene famili tri,1
weekli report budget review realiti knowledg green former sens attack cold figur enough hospit within recent,0
win big offer win free free win urgent market even let hot happen includ seri major draw human base paper,1
project updat team sync quit best fear subject close recogn paper contain market whether threat,0
select limit free click guarante win limit cash cash urgent amount meet option explain opportun plant differ drive materi,1
urgent cliam prize click cash free cash offer offer click limit urgent win anyth war bit anim share former languag includ,1
meet remind report home point treatment research writer servic one door go second,0
urgent cliam prize free win offer click guarante limit cash limit limit free away pictur top leav save five five call owner,1
schedul confirm project updat militari campaign number born strategi provid season piec campaign evid understand servic share upon far turn enough success year young concern everybodi feel road old drop,0
project updat schedul never manag appli capit econom street sens includ benefit offer sort prepar fact decis repres,0
schedul confirm schedul mr attent chanc put respond requir secur possibl option thing marriag everyth fact rest eye mean film offici artist,0
weekli report report one total power matter stage whatev night cours open film newspap modern talk ago word foot process strong believ environ,0
win big cash offer offer urgent free cash guarante actual morn often audienc land catch abil properti,1
meet remind project updat howev appear month staff appear democrat reduc method,0
project updat schedul career year network citi low yard let phone see degre whether exist ask,0
weekli report team sync bar moment unit recogn prevent pick partner lay,0
meet remind project updat messag kitchen goal might eat last deal man eye mr focu bag rememb feel particularli report exampl set rock far,0
project updat project updat wish class player class today book break colleg pass husband second page sourc account,0
schedul confirm team sync inde experi expert follow news,0
limit offer cash urgent limit win click free exist number professor show north effect central poor million occur plan kind,1
project updat schedul attack one law human rich seriou repres everi admit author western speak scientist tree item messag determin list feel tradit caus,0
limit offer free urgent limit urgent click limit win offer guarante presid evid land social win page world surfac trip grow place,1
meet remind project updat differ cultur million fill certainli five mention person studi,0
schedul confirm project updat popul lot forward young western music establish low militari inform travel trial,0
win big click urgent limit click click urgent posit song bank noth,1
meet remind schedul step partner statement class coach agre hope address court move chang fill plan,0
select guarante offer win win limit win urgent win free cash click letter languag build food arm,1
project updat budget review ever discov gener requir plan kitchen behavior anoth blue realli amount author number,0
project updat meet keep modern train ye mind reason pattern,0
project updat report whatev coupl across subject wish owner govern,0
limit offer cash win cash win click limit limit urgent cash everybodi success tv floor tv energi main save sport take,1
win big click urgent click guarante urgent offer limit limit offer guy control bag project pattern capit choic wonder stock peac,1
win big click win cash free win free win free enjoy right sit rather coupl crime sister least decad,1
select click free cash limit win free win price job loss train presid educ recent decis exist,1
urgent cliam prize win guarante offer offer guarante cash offer win urgent offer click guarante everyth respond cost bed far bar listen histori interest writer exampl occur factor,1
schedul confirm team sync final pm author mother hospit cultur public sinc lot admit citizen suffer know late thing cultur station,0
win big click limit limit urgent cash newspap either reduc inde although probabl direct term,1
win big limit urgent urgent win guarante win click click centuri noth wall parent school tree though still week hotel consum mind small,1
win big win cash limit cash cash limit win practic practic chang econom compar especi similar wear other signific els campaign,1
urgent cliam prize cash urgent guarante offer offer militari bed behind three sound war girl,1
limit offer win offer offer cash cash artist creat religi becom year,1
urgent cliam prize limit click click win cash guarante guarante win click cash offer cash urgent cash urgent polit interview suddenli mr militari writer third presid resourc month busi natur small,1
schedul confirm project updat per nation variou execut director staff collect avail import work stage view us,0
select win free free urgent click free urgent urgent offer offer urgent offer free free cash visit better among less mr,1
schedul confirm meet middl star focu across notic forget store wrong project perhap polit model within,0
schedul confirm report model view colleg western activ senior attack,0
project updat project updat languag move special card pm leader talk success experi,0
meet remind schedul side last sport almost perhap carri even,0
schedul confirm budget review explain recogn daughter turn offer exactli upon forc machin countri deal,0
meet remind meet southern cultur coach may control pretti form,0
project updat project updat easi repres actual whatev well expert togeth larg secur industri differ,0
meet remind meet everi voic insid feel invest bill music interest million fill claim wonder,0
schedul confirm report properti identifi like fact catch properti articl feel civil,0
select urgent free win guarante urgent cash click cash limit urgent big pm wind guess fact hundr low,1
project updat report determin sister walk health add day candid everyth mind parti natur man say wait,0
limit offer win cash cash win click offer limit cash offer offer offer limit cash everyth begin activ mention whose member evid sign requir use someth ask summer,1
project updat report low type work speech purpos lay expect director north bill may plan littl,0
urgent cliam prize win urgent win cash free limit guarante size author imag seem set better polit sound author number realli,1
schedul confirm schedul visit green key though option cell realiti blue hour add,0
weekli report team sync coach realiz agent happen gun watch notic front bill trade hour,0
win big guarante guarante cash free cash cash free guarante offer cash limit click offer cost rate note court avail claim eat hear dog clearli,1
weekli report budget review point clear list shake structur red like send attorney militari three seat,0
schedul confirm team sync custom bag room discov member yet,0
weekli report team sync understand first action forward indic build easi member million girl low specif,0
limit offer guarante win cash click limit true cours east polici red old behavior,1
project updat schedul school read reflect open wife activ prevent test involv final left weight also interest,0
project updat budget review word pass guy partner employe white western seri becom scienc brother manag posit agreement surfac tradit requir hotel,0
project updat budget review black cut view discov paper bodi repres determin five walk,0
weekli report project updat process suffer particularli pm peopl treat church cultur next player real cold back lay attack,0
project updat schedul woman worri kind name offic area benefit close bag bodi student particip one crime back wrong suggest medic fall throw,0
win big click free free cash win limit offer free offer win offer urgent win question along qualiti step earli impact,1
meet remind project updat instead especi sea great control,0
project updat schedul continu econom sound never degre upon help fear boy structur order alway research five,0
schedul confirm meet art toward radio part centuri recogn either allow recogn valu around full role born natur,0
schedul confirm report three soon health televis structur everyon,0
project updat budget review sens gun maintain son pm walk readi think often,0
win big free cash limit offer win offer offer free urgent limit free urgent free guarante compani million drop stock radio front avoid medic exist,1
meet remind schedul fast big miss ten edg claim art person day author peopl consum stop phone say,0
project updat budget review question mr reflect nation bill readi style listen appear daughter water card structur late prove mr,0
project updat budget review consid eat full posit someon debat along togeth step sinc identifi director song kid imag,0
limit offer click urgent urgent guarante click limit win free win urgent urgent environ parti drive onto act per pattern tough modern almost,1
select cash urgent cash urgent free win major attack administr pm scene pretti area,1
weekli report meet cultur gener statement,0
schedul confirm schedul import plant set catch peac tell take develop two us high argu democrat owner fund singl tax,0
meet remind team sync save decad law follow safe without treat friend togeth spring heavi within includ step wrong unit,0
weekli report schedul teacher real possibl billion good final term citizen although make necessari,0
urgent cliam prize win limit free click limit guarante cash win urgent cash urgent true blue husband west mother finish messag fall histori book,1
win big cash guarante cash win win limit urgent limit cash offer cash urgent limit store financi book close person side road skin,1
schedul confirm budget review model go travel time coach accord join question dream question man nation,0
schedul confirm meet buy across candid debat play east focu skin fall,0
project updat meet happi may discov discuss reason red foreign assum admit,0
schedul confirm schedul minut prove seat detail win,0
meet remind budget review serv data treatment daughter relationship point agent evid religi woman husband knowledg reach war choic popul need,0
urgent cliam prize urgent offer guarante guarante urgent cash free fire easi opportun thing challeng thought dark join parent,1
meet remind meet call partner nearli work lose prevent arriv special book lawyer import affect,0
meet remind project updat treatment reduc enjoy hard budget home group ten current draw dog,0
weekli report team sync feel develop nation person leader pictur polici particular els,0
urgent cliam prize urgent guarante limit cash win urgent limit cash click offer offer offer free click limit sourc way direct walk top manag western tough wind oil eye might,1
schedul confirm meet child consid chanc hit sever tv rest sit trial situat place,0
schedul confirm meet goal forc peac son happen identifi window materi born capit simpl former land,0
project updat report accept newspap thing campaign may main court save mission agenc site thousand start daughter evid remain,0
urgent cliam prize free offer cash urgent urgent free cash whose detail carri son thu center carri,1
schedul confirm budget review realli sound enjoy recent sens fast rememb low owner address issu manag mani polic job,0
select cash cash limit urgent limit urgent click urgent click win limit free offer owner servic rise recent strategi throughout,1
weekli report budget review child similar argu land time interview father walk quit occur particular fact respons busi tri anyth street letter littl,0
select limit limit click win click offer guarante click execut third girl woman trip father drop blood cell system finish,1
project updat project updat area languag without husband fish attent street coupl tradit person ahead,0
schedul confirm team sync natur statement piec usual respond certainli top parti,0
schedul confirm team sync law life risk imagin program democrat away respons trade recent econom sort ground someon local alreadi,0
win big free urgent limit limit free limit guarante cash urgent guarante win win click free eight travel sever trip tree today resourc back help adult,1
project updat team sync local elect pull final theori health ten store board threat push,0
limit offer urgent offer cash free limit guarante urgent win urgent click free urgent urgent win limit state best inde avoid reveal detail beat strategi easi claim base,1
project updat schedul word certain hit doctor bed perhap need hot year dark data effort special health,0
project updat schedul like whose blue role popul believ maintain nation upon,0
schedul confirm meet administr near health build seem share tradit pattern week smile true,0
win big limit limit offer free cash click guarante offer click urgent guarante urgent cash issu thought sens short guess develop choic lead hotel,1
project updat report technolog seek look compani indic pay full speech adult rich gener learn lead four box,0
project updat budget review seri season chang bar environment hold compar,0
meet remind team sync ago kind articl,0
limit offer click free win guarante urgent cash cash democrat well whether fire standard consum imag player american mr ground,1
meet remind team sync upon huge memori,0
meet remind team sync crime tradit countri rise feel end common debat listen gun import song fund hard polit level fast televis,0
project updat meet job might seven everybodi smile moment goal movement writer outsid sign opportun,0
project updat meet event game perform possibl hospit hous,0
schedul confirm project updat increas choos read instead wall well account fall cover could respond piec,0
urgent cliam prize guarante limit limit guarante urgent win urgent limit click offer offer win suddenli bring meet thing tradit qualiti entir interview,1
weekli report budget review coach yard take cell spring nation spend room southern agre enjoy alreadi cover full charg requir beauti garden serv front,0
meet remind team sync discuss congress nice insid scienc support especi get fire purpos talk economi repres boy cultur pictur whatev reveal find televis live,0
project updat schedul feel shoulder next camera owner western summer especi task evid keep determin,0
select win limit win guarante limit cash free limit cash cash win statement kid wife democrat fish page item indic billion togeth,1
meet remind budget review explain brother fact fast stand economi accept suddenli dog stay insid save,0
project updat meet doctor custom treat thank control decis report manag relationship could,0
weekli report budget review west draw chanc kitchen world feder next analysi,0
urgent cliam prize cash guarante offer click offer urgent guarante free guarante offer cash guarante free languag hospit sport rais thousand hold larg land item issu,1
weekli report budget review issu countri like could report human standard upon interest system rule financi sever throw call famili look nearli black toward mind truth peac unit,0
meet remind project updat owner stuff firm western alon keep senior everyth,0
project updat schedul cell owner develop form expert action gener hous former pattern final,0
win big offer win click win urgent free win limit guarante win perhap put key fund perform minut,1
limit offer cash cash urgent guarante free cash guarante cash cash cash click hospit situat realiti sit reach head pretti machin man eight,1
win big win limit cash urgent free mind educ decis head wear camera readi father,1
project updat report purpos decid team other leader produc interview team state voic make militari man power,0
meet remind meet big moment feder variou sens environment tonight foot left method world guess deal specif institut town bring stori,0
meet remind report polit product follow onto front serv improv stori stand togeth show network reduc indic,0
meet remind schedul larg identifi newspap debat whole leg father either central enjoy entir support articl sing offic hous power creat girl,0
schedul confirm meet third countri littl total attack upon suddenli board red explain event,0
schedul confirm project updat ask pattern administr civil second among physic trial safe concern cold section key oil call effort risk radio imagin,0
select free limit urgent limit guarante offer free offer guarante guarante click man sound instead recogn air togeth hand usual hit instead,1
meet remind team sync part member produc consum possibl throughout smile media,0
meet remind report thu walk look pull focu audienc,0
project updat report bank collect someon meet,0
project updat report collect big church base rule bring energi figur loss food friend,0
schedul confirm project updat drug white mr simpli rang govern stock fish soldier skin woman data cut histori choic short mind avoid,0
project updat team sync year parti process group edg act deal pattern physic exampl opportun last,0
win big offer urgent limit offer limit free offer limit win click phone man develop ask special appli plan treatment reach line,1
project updat schedul step noth right food articl read car soldier help hit perhap,0
select urgent cash urgent urgent cash limit win compar citizen cours affect speech away none alreadi mani ball improv,1
urgent cliam prize guarante offer offer win cash four condit leg talk tax face present,1
meet remind schedul travel hold whether movement fight messag movi treat tax,0
project updat report anyth experi wonder experi reduc even tabl cell sea young discov confer,0
weekli report budget review surfac mayb rich fall,0
project updat schedul use adult make think individu train technolog least without amount let word sens music live rest right list,0
project updat team sync owner dark garden develop real area day head articl concern,0
meet remind team sync accept figur manag campaign dark despit decid,0
meet remind project updat dog growth us media much machin leg believ either whole even,0
win big free win cash urgent click offer free question respons even seri collect feel ago,1
project updat meet enough fall plant edg manag,0
urgent cliam prize offer urgent free urgent offer cash free win cash offer click urgent involv program anim medic save build onto,1
select urgent click click guarante win guarante offer limit guarante win cash offer husband leg law six career trip admit assum continu mean,1
urgent cliam prize guarante free cash win click urgent guarante wall scientist concern add reason almost natur live former,1
urgent cliam prize guarante win limit cash free limit offer limit cash cash fall third huge oil everyth stay find fear option,1
schedul confirm schedul easi collect last mr real cover drive within decad add,0
schedul confirm project updat enough lawyer least polici seem know behind,0
meet remind schedul last check notic check board movi live differ new hair tree appear profession ten attent spend market mayb,0
project updat meet section modern custom glass serv recent decid wide return exist articl debat rich vote factor treat even arriv situat rememb perform,0
win big guarante win offer limit limit free cash cash offer free win movement seri term sing face,1
win big win free win free click guarante click cash limit popular ball practic enjoy realiti look develop pull record world dream modern old,1
schedul confirm project updat educ put safe success administr,0
meet remind team sync care water parent environ lay insid night interest,0
limit offer offer guarante offer win free click offer guarante offer click limit limit urgent long attack sourc employe bad anoth charg piec wrong standard song,1
urgent cliam prize click guarante win limit guarante guarante limit limit free offer enjoy room abil walk employe bit individu strong,1
win big offer win free guarante urgent free guarante cash free offer urgent urgent limit click urgent get somebodi idea blood expect,1
schedul confirm project updat miss base protect onto care take wish quit laugh speech free rest,0
schedul confirm project updat offici space success morn kitchen deep congress,0
urgent cliam prize win urgent win free click win click consid abl around close anyon statement recent ground foot effect knowledg,1
schedul confirm schedul everybodi wonder expert televis health someon teach wonder effort interest girl would happen meet receiv,0
urgent cliam prize urgent cash urgent limit urgent free guarante free form success red avoid simpl fill teach,1
project updat team sync tv read thing sourc assum often bit day forc difficult littl young,0
win big urgent urgent cash guarante offer urgent cash guarante offer offer urgent limit click expert north say summer mind,1
urgent cliam prize free click click guarante click cash win includ report director center discuss style requir specif teacher differ,1
win big offer limit offer limit offer limit guarante offer polit plan happi respons respons sometim manag kind,1
schedul confirm team sync whatev involv tabl occur model peac discov matter like everi time statement new billion yard seem today,0
project updat meet modern go safe drug appear join ten system child contain happi approach pass see troubl,0
urgent cliam prize free urgent free guarante click offer urgent win guarante click free cash guarante guarante limit father idea relat dark theori someth speak accord effort tend coach,1
win big win cash urgent win click win click win limit limit limit win guarante method whose charg seat direct analysi environ guess away citizen practic seat spring,1
schedul confirm project updat like pattern civil feel charg report north attack project improv realli star true daughter star right nearli run,0
project updat budget review far impact design servic care notic often degre like reflect prove action health amount use,0
weekli report project updat hear blood career stand effect beauti often might wonder car note necessari relationship western creat cover though signific materi,0
weekli report team sync congress someon poor way suffer key,0
meet remind report ga stage much hot carri boy rate strong everyth product,0
weekli report project updat system execut research wrong caus situat list street scientist avoid difficult hot individu young offic particular cup safe ago result chang major measur get,0
project updat schedul wish econom major wear execut foot seri whether trip believ expert,0
win big click click guarante urgent offer cash free limit offer limit letter soldier fine check enough meet life weight bed,1
project updat team sync high simpli woman risk seem play power way world order forget,0
schedul confirm team sync adult shoulder born loss result popul languag month pressur stori,0
select cash offer cash win guarante urgent click win cash offer free free click cash urgent boy requir activ major charact thousand art,1
urgent cliam prize win cash limit free offer guarante free cash guarante win click limit click urgent free today late perform area whole travel knowledg hit tell,1
limit offer click urgent urgent win click click free offer free cash guarante urgent offer hundr physic avail dark husband memori assum street yet,1
urgent cliam prize guarante guarante guarante offer guarante urgent limit free free limit limit grow tell floor presid deal look hold think,1
limit offer win guarante cash click limit cash budget opportun militari newspap pm teach member articl,1
weekli report report across societi recent militari difficult,0
schedul confirm schedul rock radio simpli structur week take sport form almost servic minut collect cup discuss improv import,0
limit offer free limit free limit cash limit win guarante win free win urgent differ import develop pattern describ,1
limit offer limit cash guarante limit cash urgent cash click cash free limit limit guarante world fish forc republican four station sometim three,1
meet remind project updat best coach standard usual particular import instead black top toward environment part,0
win big limit offer urgent urgent urgent guarante threat anoth turn southern fall parent keep describ exactli life ten suffer,1
weekli report report team bad mission soldier tend state alon popul execut sourc pick home,0
meet remind team sync reveal exactli eight wide capit along help worker environment difficult thank speak town meet particular thousand,0
urgent cliam prize free win win win urgent money could begin secur whole speech check hundr get,1
win big cash cash win cash offer cash click click limit continu success girl practic give catch check least,1
limit offer limit win cash free limit cash offer limit win cash drug invest feel countri less discuss face talk back mind air popular white,1
schedul confirm project updat role friend crime beat play thank howev soon interest free light offic carri fine troubl,0
win big click free offer urgent free urgent win free feder short owner race style media often plant whole similar boy run,1
limit offer win offer free cash offer urgent click particular forc choos dream bring,1
project updat report car board dog whatev especi allow democrat benefit wife militari contain key rather hard pattern,0
urgent cliam prize limit offer guarante free urgent urgent click guarante urgent urgent cash cash win urgent market someon father relat piec us share,1
weekli report meet think republican paint call hand realiz major similar listen box situat major,0
weekli report report organ exactli cultur alon toward peac like woman thing financi,0
select limit win cash cash offer cash free limit limit limit gun throughout region word detail despit,1
select offer offer offer limit limit click limit limit offer cash cash seri yet citizen manag famili discuss decis bodi recent,1
schedul confirm team sync alreadi state region pull cut,0
urgent cliam prize cash win offer cash click offer offer limit win degre truth ago product properti measur natur accept serv fight camera,1
win big win click limit guarante win limit offer guarante sure draw game stay address short sit beyond,1
schedul confirm project updat ball wish one arriv wait capit nearli ga ago carri let anyon everyth govern recent,0
select urgent cash win cash offer offer guarante win train keep busi door kitchen specif,1
urgent cliam prize urgent cash free win offer cash win click win urgent cash paint drug maintain side fine win determin mother option yeah coach,1
meet remind budget review cultur help far servic prepar occur wear famili cover relat town deal first sort social centuri,0
weekli report meet media hundr particip interview readi town democrat manag leader debat dark former,0
weekli report meet certainli crime across train professor ga analysi east suggest turn art indic none,0
urgent cliam prize offer cash cash win guarante ahead polic morn polit,1
select cash guarante urgent cash guarante free urgent cash guarante win guarante click cash drive without age issu standard parent republican requir design call produc,1
schedul confirm meet question music figur agre fact laugh support,0
schedul confirm team sync top blue standard go seek differ,0
project updat meet player somebodi young fish season add citi fish often stock polic includ fill statement,0
project updat meet parent rule line say offic determin buy pressur respond accord stay candid prove,0
meet remind project updat hair live open summer clearli cold tough futur caus role sinc,0
win big limit guarante urgent cash limit limit cash cash limit urgent guarante guarante click cash offer decis north offic show continu skill health togeth scene like,1
meet remind report account reason skin attent everi industri answer,0
limit offer offer offer guarante cash win guarante win free free thu relat second trade teacher foot music,1
schedul confirm report music left stand sinc type middl candid develop leav sever,0
meet remind budget review clearli increas although chair thank mission republican industri sister attorney hospit budget,0
limit offer urgent cash cash cash urgent win urgent limit click guarante click data structur actual church step school pick tonight,1
weekli report team sync sometim view civil mission doctor first new current,0
win big guarante urgent limit limit win everyon life produc differ prepar,1
meet remind schedul book languag radio remain scene measur whatev cut quickli hand pull small dark inde radio author hundr appear mr,0
select guarante limit urgent limit win offer click cash offer offer free cash click offer anyon rais get simpl care center give alway way shoulder minut,1
project updat budget review far natur popul man bad enter everyon last,0
limit offer offer urgent urgent urgent click offer free cash short exampl discuss treat former player probabl variou human central,1
schedul confirm report small expert group appear hair shake howev condit necessari resourc,0
meet remind budget review whatev reach receiv mean book trip public stand,0
meet remind team sync ask scene reason second civil govern movement fight realiz student civil daughter comput sever popul question,0
meet remind team sync treat nearli game agre focu institut chanc pressur yet turn form tend entir fear great choos religi tonight,0
schedul confirm budget review exampl reach part pay market busi firm north growth person everi detail although section ok,0
win big guarante limit limit free guarante offer win free click free offer enter dinner similar catch need enter beat,1
meet remind meet attorney scientist field head bill experi box food tough son style congress,0
select free limit cash limit free free free limit cash offer offer urgent student civil model go rememb loss religi respons hundr,1
schedul confirm schedul throw play scienc wish next carri success think develop sit,0
project updat meet modern effect upon receiv tell lot toward space howev hair condit nearli democrat,0
select guarante click free limit offer click win click cash limit click guarante free popul commun lose requir billion wind differ produc,1
schedul confirm budget review tend tabl recent believ capit lose eat meet child product whole expert tree candid assum,0
meet remind project updat role respons case employe civil well sort environment offic clearli chair like method buy shake,0
schedul confirm schedul fund side perhap field beyond probabl social rest identifi back allow turn board,0
win big offer urgent urgent click guarante limit free win click click free offer limit charg eye movement feel spend pretti coupl,1
schedul confirm schedul blue build reason machin decis eye among whether unit total win car offer loss paint camera cold method within,0
schedul confirm project updat southern outsid expect live,0
meet remind meet box agre often also fish,0
urgent cliam prize cash cash cash guarante limit appli though machin societi clearli box treat,1
select win click win urgent offer free guarante guarante guarante limit win win common color happen stori letter walk natur interest must size,1
project updat team sync civil possibl similar particip build product seat collect lead prove teacher white mind fear sometim finish littl rest occur loss,0
limit offer urgent click limit limit win offer limit guarante offer guarante urgent color particip mayb past vote take start theori specif,1
meet remind project updat whole almost research caus tv save rich million alon act,0
schedul confirm report need player travel impact drug look open organ train consum elect peopl hair probabl,0
meet remind team sync per new teacher attack thought whether degre sound network tree space,0
win big offer offer win cash limit win offer click urgent click click urgent societi cup babi deep profession great would color fill,1
meet remind project updat still beauti cold similar money son friend laugh never fill like respond thank must use bar final read difficult know one inform,0
limit offer offer click cash urgent click guarante limit guarante cash guarante cash urgent know face age seri occur chanc tax star attorney congress,1
project updat meet church girl hear one often act visit stop indic comput,0
weekli report project updat colleg line main stuff organ dream mayb data physic current seriou mani rais decis,0
select win urgent win free limit offer click suddenli hot woman quit strategi heart ball lawyer audienc,1
urgent cliam prize cash free click offer click garden method radio age fund civil opportun remain account fact economi respond,1
win big urgent guarante click click urgent limit guarante win win limit win road popular arriv research end mother speech,1
project updat meet tabl close fine road kid check gener occur product threat although enter week born anim,0
meet remind team sync foreign citi cold everi custom charact movement forward rang per sign box radio bar yard educ,0
project updat budget review school peopl heavi beauti arriv mouth floor anoth bar feel requir young doctor,0
meet remind team sync paint key caus discov charg option instead determin right mr treatment color hard loss,0
urgent cliam prize cash free offer click cash urgent urgent urgent hotel share major discuss test adult run,1
project updat meet major answer almost close rest budget air becom budget offic join mission improv,0
limit offer click free click cash click cash offer win want data south eat expert everybodi face claim model go direct push,1
meet remind meet situat elect hold room instead offic interest,0
schedul confirm budget review abil natur polit hold teach us man race contain board glass trip board american,0
win big guarante cash cash cash click guarante limit offer urgent guarante ground econom ask grow meet age discov ten evid,1
win big guarante cash offer guarante free guarante win guarante action seri food media success agenc past industri care,1
select urgent cash urgent win offer cash hear unit challeng budget summer edg impact,1
meet remind report help difficult citizen societi million daughter confer social son get wrong,0
select cash offer win limit urgent click cash offer guarante cash popular good main sure side contain democrat home door part spend,1
meet remind report woman art educ bank articl color laugh least democrat individu bill messag understand action free near phone,0
meet remind budget review professor seek presid success research,0
urgent cliam prize urgent urgent limit click free urgent guarante win win limit limit score thing walk singl glass view smile,1
urgent cliam prize cash guarante win free urgent urgent urgent win urgent click free understand goal rang program feel happi ball throw trip actual seek reflect rememb,1
limit offer win win limit cash limit offer click intern includ reflect edg key nation messag futur shake soldier point check,1
win big offer win guarante win cash click win cash limit level natur space fight,1
project updat team sync skin mean control look littl project someth teacher manag professor,0
project updat team sync get decid sever player appli manag matter build imag play interview,0
meet remind budget review research tonight occur student entir send respons yet across recogn religi score mr argu war term alway,0
select win free guarante limit offer urgent guarante free limit free offer win win side tradit anoth perform,1
win big win guarante click cash urgent offer urgent click offer offer guarante offer win free social show caus coupl fine among near know start ball eat hospit republican,1
select limit free offer guarante urgent urgent urgent urgent win limit wrong camera seek care car colleg meet babi past,1
schedul confirm team sync polit air day identifi head wife mean sound land trade fish,0
weekli report project updat common phone leader choos technolog littl sinc larg attent talk bed friend,0
weekli report report ten usual exist arm set singl glass teach action,0
limit offer limit click offer limit win click agent card measur onto protect build toward outsid interview,1
weekli report team sync elect week pressur offic industri rise pattern centuri bad,0
schedul confirm schedul add health cost despit arriv book learn first talk trip babi worri imag analysi new,0
schedul confirm project updat mean project increas food happen respond young realiz student admit send lose rang rise total recogn,0
schedul confirm project updat continu allow store arm recent eat,0
limit offer offer click click free free offer offer click click free age wall commun join easi situat,1
urgent cliam prize free free click urgent cash click limit win click offer cash click guarante offer author rememb wait law bed color,1
urgent cliam prize limit limit win guarante free limit win cash offer cup congress whose must tend like continu,1
win big win urgent urgent click limit offer limit free limit limit guarante ask sign fund relat new sinc physic laugh guy,1
project updat report societi polic letter person color newspap admit one,0
schedul confirm meet polit wall rememb popular suffer light must book piec still ever countri thing color dinner prevent,0
select guarante free offer win win cash guarante guarante win click click click offer teach pattern throw spring simpli seriou bed foot measur increas tell manag author,1
win big urgent win click cash win offer click limit offer offer free around bag alway east qualiti close,1
urgent cliam prize cash guarante urgent guarante free cash win guarante free free free urgent wide wife street run cultur common develop say pretti write step treat,1
weekli report report explain world thank accord memori group road articl nearli dog evid whether prepar,0
weekli report meet discuss bank much field say statement would someon less summer alon tri relat institut door,0
limit offer win limit offer win urgent cash cash click urgent limit goal number high tell quit factor serv,1
select limit free limit urgent click click click click offer win guarante free day price technolog wear south profession school short modern occur,1
win big limit limit urgent urgent urgent guarante urgent free protect tv forward model quickli door student child understand countri analysi,1
urgent cliam prize click cash urgent guarante cash offer offer offer offer cash limit run act cost north book store item develop low speak state result,1
schedul confirm schedul beat control hospit anyon sister bed differ program subject gun step citizen rather offici offic,0
meet remind project updat custom carri scienc discuss physic guy first end goal other yard civil color well process sens chanc fall paint land imag make,0
meet remind meet mission pull agent make deep hous pictur event charact name polit,0
meet remind schedul word standard crime cold center five,0
schedul confirm project updat exactli respond interest nearli like decid across prevent popular recent view write,0
select free offer urgent click click soldier statement sing econom court wrong possibl stuff articl eat throughout,1
limit offer guarante win urgent limit guarante guarante limit offer limit guarante cash urgent free much new order cut order,1
urgent cliam prize guarante limit guarante cash win free third allow present militari seat thu cover notic,1
project updat budget review real voic wonder growth ten worri actual public trial run low along tend yet,0
limit offer urgent urgent cash limit free urgent offer click guarante guarante guarante offer win els cours run simpli race measur,1
weekli report report import perform stage happi despit four everyon whole administr,0
urgent cliam prize limit guarante guarante free cash win limit guarante guarante song watch result bodi offic,1
meet remind budget review fine exactli type arriv fill year everybodi student pick eat low,0
limit offer offer free guarante click urgent limit guarante guarante urgent click limit front decad everybodi togeth act commun floor skin group face draw within,1
schedul confirm project updat purpos step tradit protect full poor street child scene writer event marriag condit institut insid quit impact sport,0
win big free win urgent limit win win four join seat stage town pick establish page other,1
schedul confirm team sync caus form fund build,0
win big free limit free guarante win guarante cash win free win cash guarante click free expect deal anyon later certain give decad accord,1
meet remind team sync futur attorney trade discuss thousand religi sign past studi better yet ever,0
limit offer limit urgent limit urgent free click limit purpos paper oper meet senior money,1
project updat report respond author govern air local histori physic turn trial exampl,0
select win offer free urgent cash offer guarante click limit offer cash free urgent guarante sometim result factor blood simpl sit financi,1
urgent cliam prize win limit guarante guarante urgent guarante win limit inde pull half save seem,1
meet remind project updat anoth huge rule avail travel take attent leg properti avoid yet hospit song daughter rule young may test appli quickli,0
schedul confirm project updat seat messag intern get howev meet technolog vote four light,0
schedul confirm report would common futur becom mission realiz everyon child fire goal lawyer develop recent profession interest bag,0
select offer offer click limit limit click click cash limit free coach differ young young road pretti program,1
meet remind meet guess firm woman hotel gun within long marriag drive list money wonder trip along,0
select win offer win offer limit offer urgent guarante click offer guarante free limit alway rate size main congress white decid perform subject opportun lot,1
weekli report report includ left street suddenli state,0
meet remind meet defens light pretti arm thought sing eight discuss field mind hit messag area sometim accord pretti clearli agreement,0
limit offer cash win win cash urgent cash urgent cash show person state read last smile,1
project updat meet resourc respons view wrong affect across fast two analysi serv thing happi truth event,0
schedul confirm report mani throw finish particularli effort natur wife network white light degre languag interview join spring side,0
project updat schedul total center idea high particip manag import requir room opportun invest go agent camera hour somebodi execut,0
schedul confirm meet major late major tough move first answer better matter wrong morn drop sign town polici,0
project updat schedul score knowledg goal develop mother employe,0
schedul confirm team sync pass address catch matter reveal loss truth thu hold mission alway,0
win big free offer limit cash guarante offer limit offer guarante urgent click win win offer free without boy bad control attack mean fine billion simpl impact,1
select click win cash guarante cash send law smile build young minut eat act respond wonder kitchen posit,1
meet remind report kind receiv instead fight four structur north dark big report technolog certainli fall like size gener,0
meet remind team sync seat pretti public usual write,0
schedul confirm budget review famili adult condit sit relationship art statement walk shoulder talk lawyer subject step,0
weekli report budget review produc despit year current increas issu write church second,0
weekli report report career protect leader open movi mother profession action involv exampl rais thank differ,0
project updat meet edg laugh entir fall attorney stay beat,0
weekli report meet bar repres improv spring yeah street tax kind subject recogn peac enough either home fine approach per prove,0
meet remind report around presid recent section either stand new station centuri answer quit discov product,0
weekli report meet free cultur secur oil game onto even career accept,0
select guarante cash cash urgent offer win free urgent read industri bar eye summer interview floor fish mouth class,1
select guarante limit offer cash free cash guarante offer bodi fast behavior list polit well,1
win big cash win limit win guarante free offer cash major opportun respond accept coach cultur other,1
schedul confirm budget review husband candid contain consid pull beat send next much nice mayb least signific other best chanc,0
urgent cliam prize win guarante guarante cash click guarante click yard polit space radio sign like,1
weekli report schedul els left properti might writer enough peopl enter win white one social suddenli leader treatment,0
select urgent urgent click limit offer land popular toward life determin thank money forc cell,1
schedul confirm project updat check peac choos away pictur mr,0
meet remind schedul scientist eat stock health includ size wall sing degre singl includ soon nearli,0
schedul confirm meet sea sometim new think moment languag whole sometim trip elect side send school focu,0
select win limit limit click offer guarante guarante free win urgent actual address practic special either cours money owner,1
project updat report differ societi might leg modern grow idea white,0
schedul confirm meet short cold month friend polic polit group hot suffer support last scene,0
urgent cliam prize cash cash offer guarante guarante free offer win cash guarante win offer free limit work modern station season report north lawyer argu,1
urgent cliam prize win cash offer guarante click urgent urgent win click cash urgent free urgent free train measur forget peac recogn impact,1
project updat team sync day say oil bill detail real carri let billion player econom,0
weekli report team sync along like arm southern run group moment school movement fight find detail know church,0
urgent cliam prize click urgent offer urgent guarante free click possibl like tonight modern success choic signific,1
meet remind meet miss measur compar wide,0
project updat budget review rate fish televis wrong old stage societi writer sens happi buy hand admit light bar,0
weekli report project updat glass hold win bag strategi bad cell road similar expect partner figur career question green other,0
project updat schedul part measur next take perform,0
urgent cliam prize urgent free urgent win free behind throw yet benefit howev thing old group,1
meet remind team sync drug impact teach even,0
urgent cliam prize win cash urgent guarante click click free free guarante guarante free choos poor charact card tax natur custom oil,1
limit offer limit click cash cash guarante click cash click win cash cash song reach lead work group difficult wife give style age,1
meet remind budget review size take experi employe hundr fine abl enter visit babi employe middl deal reach smile even,0
select win limit click cash win click win free servic oil probabl catch time arriv street ground,1
weekli report budget review next troubl bad statement histori move paint son movement artist quickli,0
schedul confirm schedul door class avail skin avoid babi involv mani import troubl keep prevent heart direct beyond,0
urgent cliam prize click cash cash win offer click free free limit limit offer urgent limit offer discuss readi style moment southern law feel anyon maintain,1
schedul confirm project updat true media articl back televis ye word,0
schedul confirm schedul order someon speech top challeng rule among respons tonight,0
limit offer urgent offer offer limit limit click guarante click limit offer cash guarante cash win phone sit stage drop hospit partner,1
urgent cliam prize win cash guarante guarante offer win cash win offer cash limit challeng tell station return financi condit right home protect,1
win big free urgent urgent urgent win cash guarante guarante urgent urgent guarante win free cash nice kid wind movement region five answer approach adult,1
limit offer click click offer limit guarante win win free dream room court requir popul return black understand materi,1
schedul confirm schedul throughout letter part expert lose note coupl face deal lead howev suggest ok,0
weekli report meet accord child magazin still kind tradit mayb either detail increas field beat miss,0
schedul confirm project updat huge whether item black like also pattern day half pictur year citi face half tri wonder pull budget five know,0
win big urgent cash limit cash limit limit limit free win urgent guarante limit sever relat short might perhap repres price,1
project updat project updat seven memori help els sometim fall occur bag seriou news believ better term,0
schedul confirm schedul analysi inform hous shoulder abl feder qualiti across servic admit probabl room walk none pressur,0
win big win offer cash urgent free offer cash win click urgent offer season need goal among pass medic,1
project updat meet design anyon year guess daughter gener board tree close,0
schedul confirm report half kid camera read truth state author follow,0
schedul confirm meet minut prepar visit name also rather reason nice even open cultur televis three articl rock market opportun,0
meet remind project updat hotel even institut final person pretti skin skin hit billion fire choos,0
urgent cliam prize click free cash cash win win free urgent urgent offer alway report report rock evid,1
meet remind budget review scientist lay well countri send resourc forc partner histori hour million five high get sens imagin earli,0
schedul confirm schedul bring group bring six campaign true staff mission rule also decis social onto presid ever see remain church,0
meet remind project updat near wind effort daughter resourc,0
schedul confirm schedul ask cover littl foot discuss environment money answer yard loss like readi hear class,0
meet remind project updat play fund effect half beat run old manag,0
urgent cliam prize free urgent cash win limit cash click offer urgent guarante free free win win strong sound polic threat order cover cold worri,1
meet remind report cultur goal million win share accord yard wish rather someon measur,0
weekli report schedul dog edg cup team environment month pretti nearli hotel son today modern local servic sometim attack,0
meet remind schedul threat vote letter senior train actual worri despit imagin serv front hope say resourc reach behind cultur arriv billion,0
project updat project updat citizen rang best comput view clear three brother design woman unit indic process develop job word learn film role cover,0
weekli report project updat environ site part program mean ever follow current model condit send,0
meet remind team sync qualiti pass mayb direct cultur claim suffer earli,0
schedul confirm report discov site act beauti littl must part expert dog oil color task signific focu rate model mani,0
weekli report team sync fight drive strategi bag interview skin messag rule guy everybodi option care wait mind,0
schedul confirm budget review religi almost secur support interest realli perhap becom well,0
win big click guarante click win limit win guarante cash click guarante offer click offer limit urgent whatev today though point instead stori writer,1
weekli report report ten hand experi scene languag member posit full consid peac nice repres relat sister,0
select urgent urgent free win guarante urgent click main arriv yet area almost heavi new ago abl,1
win big limit offer win free offer click expert outsid forc line tax employe former address collect,1
schedul confirm team sync grow address skin bag rais step begin commun certainli creat,0
weekli report schedul move blood polici daughter creat expert fund fli speak treatment worker hospit risk knowledg ahead fight wall,0
select free free click urgent guarante click guarante limit urgent like peac million simpl yet,1
select cash cash urgent urgent limit offer cash urgent cash offer public produc insid sever interest leg parti interest bed street commerci,1
schedul confirm budget review ask tv miss form staff hand rock stuff difficult condit section deal might item red news get,0
project updat team sync secur administr space place attorney anoth mani imagin reveal exist friend ago leader high often,0
project updat project updat law sell larg write laugh test one particularli tell realli candid smile modern,0
win big win free urgent click offer free win limit urgent amount congress subject success fish,1
select win limit cash offer guarante urgent free click click cash cash cash urgent chanc pictur set radio particularli tend reason first travel call approach artist need,1
weekli report meet pick summer hour exactli someon practic bank fire,0
schedul confirm schedul scene past three protect war small believ servic top though son consid reveal figur sens feel,0
select offer free win click offer free click guarante urgent store bill certainli usual,1
project updat team sync employe stock window state televis present child talk peac avoid question whole inde toward natur civil,0
weekli report project updat note home beauti futur success two mouth activ agent final board understand mention whatev song let,0
project updat budget review commun surfac properti messag particip attent prove find build energi bad sing new,0
select offer guarante cash guarante urgent rule true agent servic wonder growth stay reflect,1
win big guarante cash offer click free cash guarante urgent win click urgent click particularli father south yet visit scienc gun,1
project updat report charact human civil even arriv mission major capit agre scientist claim polici lead becom,0
weekli report report crime avail group,0
meet remind project updat condit fire set good worker hundr job talk resourc agreement fight,0
win big win win offer cash offer guarante guarante click offer limit limit cash limit click click seat dream action subject see polici,1
project updat project updat current mean mother think career thing opportun group magazin around street fall consum creat side,0
schedul confirm meet say difficult system wrong offic keep organ mani onto help world teacher world hous bill condit trip economi,0
weekli report report forget strategi hit kid letter like kitchen fish collect simpli though respons decad,0
meet remind schedul reduc stuff statement respons parti space yard medic coach glass cut give,0
meet remind report live foot ye pictur mean wide coupl project becom democrat coupl social identifi,0
project updat meet safe land provid news measur product author phone behavior indic mean keep make season stop age,0
limit offer free urgent urgent limit urgent urgent urgent free limit guarante guarante limit limit urgent often land mani recent art book natur social much everybodi,1
select guarante click offer guarante urgent limit urgent urgent limit click limit rather wait often either today,1
win big cash guarante guarante cash free guarante cash guarante cash give receiv hour abl execut whole bit,1
meet remind report floor determin dog total whatev case bad join matter bodi intern major ga person pull beauti rememb,0
urgent cliam prize click win free offer free win limit free click cash win free offer click free question sure posit despit establish true area form signific put,1
select guarante cash cash offer urgent offer offer cash free win urgent limit outsid trade child throughout throughout listen share common money materi hold foot,1
win big limit guarante limit offer guarante click offer click urgent offer click offer win discuss artist mention toward wall enjoy,1
meet remind report water fear born writer perform without member miss buy level back drive big game drive opportun,0
limit offer limit guarante guarante free win offer offer limit win guarante guarante win cash cash free choos repres meet second return,1
schedul confirm meet coupl nation region believ financi statement decid record key cut relationship though good,0
meet remind team sync coupl colleg get better wait caus babi particular region,0
urgent cliam prize offer win click click win offer cash limit click free urgent tax even rang common guy tradit guess cup servic industri,1
win big cash cash cash click urgent free cash free urgent offer urgent limit click offer offer answer bodi capit thu pictur rest start best,1
urgent cliam prize limit cash limit free urgent urgent appear three polic materi fine common,1
weekli report report father option enough exist expert modern style movement peac mission,0
project updat budget review task explain anyon scientist happi memori lose letter might claim idea,0
meet remind schedul wind soldier big sound ga abil particularli rememb spring lawyer deal news page,0
schedul confirm meet daughter enjoy make forward subject meet,0
weekli report report financi follow leg institut issu dream summer full,0
limit offer click free guarante free offer limit win free win win mayb firm stuff treatment buy next word,1
weekli report report view charg threat claim everi lead suggest former school variou show,0
win big offer win limit free urgent cash guarante bank born west impact imag situat,1
weekli report report check rest polic teach left ball fund third rate answer candid remain carri call polic young inde special dark support,0
schedul confirm report cup candid event soon thu member manag particip small marriag larg,0
limit offer cash limit cash click cash free cash mother much reduc go countri tri popular seat none instead,1
win big click offer urgent click click urgent click cash cash make marriag school part singl girl,1
meet remind schedul real find quickli project simpli firm rather hope matter growth report militari offic sea season televis rock child coupl paint import mr,0
weekli report schedul listen meet three ten accord mr public per certainli lead wrong money bad cut chair south focu,0
schedul confirm meet candid read second attorney busi speak soon color player troubl organ special govern,0
project updat schedul call tell well enter charact call truth situat lawyer challeng identifi,0
limit offer urgent click win cash click cash limit offer win hour southern line lose truth state bodi hit support,1
weekli report schedul car difficult child seat differ shoulder realiz respons floor,0
win big cash limit offer free offer cash free guarante cash click urgent limit win limit free heart cup child beat degre job across,1
urgent cliam prize click guarante urgent urgent urgent kind tend region buy final step agenc ye within base,1
project updat schedul recogn play knowledg stori address school rais product listen daughter town art central,0
limit offer click limit click urgent free would court stop chanc major night turn actual assum audienc hit mother site,1
meet remind report upon realiti effect coupl artist letter finish allow even energi number,0
urgent cliam prize click guarante click guarante offer offer cash guarante cash cash guarante structur present white today human forward famili person thought behind,1
win big limit limit offer cash cash urgent guarante free limit offer cash free free guy still meet would mr brother foot variou,1
weekli report team sync larg per practic affect tax,0
limit offer limit free free limit limit light marriag price station although indic,1
meet remind team sync realli six recogn ago show rest give sever televis feel tell turn guy level describ,0
schedul confirm report half top lawyer recogn institut number elect,0
urgent cliam prize limit click cash limit cash season fear get option identifi station stop realli ten,1
win big win win guarante limit free free repres land tabl war dark discov,1
limit offer win free limit free cash limit board voic evid alway voic senior stop huge accept coupl amount,1
win big cash limit offer cash offer offer free reflect real hair buy color,1
limit offer guarante offer urgent guarante free win cash cash urgent urgent free guarante event kitchen lot seriou treatment person know exampl,1
meet remind budget review man rule fear knowledg televis offic draw player marriag hit,0
meet remind project updat arm offic civil respond middl yeah ground day edg enough real instead,0
weekli report project updat hear summer someon benefit fine side ten though bed hundr mani claim behavior larg,0
project updat budget review measur six push stage spring whose piec nearli manag magazin pull involv matter,0
weekli report report high polici noth artist yet wind receiv green check room human candid help even physic wrong question improv,0
meet remind budget review make account particularli upon sure put mean dark person attorney put,0
project updat meet say fill custom bag charg long tonight imagin senior might,0
win big click free cash limit limit well tri sea quickli exampl foreign end possibl sort,1
urgent cliam prize click urgent guarante cash win free click free offer even summer see news impact mother church around light market enjoy,1
meet remind meet clear identifi sing seriou lead provid school huge hot threat later institut report,0
win big urgent guarante cash win guarante urgent rather ten feel true let wide consid voic,1
meet remind meet right today sit pay argu polit whose reason tonight realiti mention heart magazin use qualiti,0
project updat report better success interview involv pay coupl histori brother intern commun affect book break fall wear,0
urgent cliam prize offer cash guarante click free win offer limit guarante urgent limit cash option poor teacher agre human hour father cost,1
weekli report budget review respons kind claim room social necessari plan appear phone law realli,0
weekli report team sync beat standard stori sea money plant treatment behind report first organ hospit other loss leader today,0
urgent cliam prize win cash free urgent guarante click next night citizen exampl region buy,1
meet remind project updat forget question forget train televis whether mani law save blue,0
schedul confirm team sync order energi forward develop theori employe sinc alreadi western caus,0
meet remind meet page seem method among health respons ahead interest although blue day,0
weekli report budget review rule involv beyond improv whole lawyer coach product side detail improv leg pretti spring secur play movement,0
weekli report project updat let light seat admit properti least anyon studi polic ok oper citizen hit month place,0
meet remind team sync cup catch mean author idea fear blue treatment movement polit decad thought tonight pictur rest,0
select guarante free click offer urgent free urgent click free urgent guarante limit howev build agre smile true center,1
select guarante click urgent guarante guarante win guarante urgent limit fine prevent pictur charg receiv,1
win big guarante urgent win free urgent free urgent cash urgent offer guarante urgent offer return ten colleg past word inde later,1
urgent cliam prize free urgent free offer cash win free cash guarante click limit limit posit accord pass road qualiti finish move morn sport requir,1
meet remind team sync fear report human north issu cup without manag task gener daughter nation ask suggest bed dark wear score,0
urgent cliam prize limit win urgent win free daughter situat size friend matter long student,1
limit offer click guarante offer offer free click offer win guarante guarante click free limit mayb local readi must technolog senior whether player,1
schedul confirm budget review suffer throughout statement way stock project rang recogn may babi show challeng coach support,0
meet remind budget review address sourc letter compani way industri,0
project updat team sync relationship admit minut earli fight current practic build,0
project updat schedul process region notic econom fish reveal send stuff game physic floor save black nice think war memori determin,0
weekli report budget review debat say collect possibl score foot structur avail health take health recent nation son religi,0
win big urgent free free offer win win win offer offer offer offer urgent cash urgent throw dog way prevent employe entir better,1
project updat schedul face short pm teach purpos readi televis opportun anyth door nearli today relationship,0
meet remind team sync popul approach caus act enter throughout thing,0
meet remind team sync tell develop low,0
project updat team sync nation two unit concern parti tradit western ago abil fast tv ahead,0
meet remind project updat player process govern girl seem anyon readi plant growth other front goal elect local democrat three,0
urgent cliam prize free click cash cash win limit offer click limit offer guarante guarante win west happen futur soon word sourc trip,1
weekli report meet anyon per west explain prevent hard chanc skin garden,0
project updat schedul yet yet stop respons success clearli actual,0
limit offer win guarante guarante limit offer exampl common sport tradit us base wide read sourc nation full,1
project updat project updat face wish half messag attent us south control accord act network experi tell,0
meet remind schedul edg behind possibl repres secur moment somebodi far parent sea institut poor still establish get talk,0
limit offer free win guarante free click free win urgent say medic coach institut sourc cup,1
schedul confirm schedul budget action think relat,0
project updat meet sit say citizen choos bit garden,0
project updat budget review rich elect describ type forward stay want includ next friend tv argu,0
weekli report project updat realli get signific choos mr babi employe key star almost even project season,0
project updat budget review look somebodi room fund month oper prevent turn cost day even,0
schedul confirm project updat qualiti enter job pictur song north fact invest,0
weekli report budget review offer game behavior ball improv discuss famili success republican plan owner time deep pick sit man,0
select win cash free limit win click offer click click free line occur realiz west dinner administr languag requir agreement market stori spring ga,1
project updat schedul inform citi particip variou reduc countri appear million centuri prove mission ever discov public almost size marriag purpos,0
limit offer urgent free limit offer cash urgent limit offer guarante offer guarante cell posit person gener moment book media determin energi machin leader,1
schedul confirm budget review someth war vote race anyth manag author leader game babi pull sinc individu case hundr fight,0
schedul confirm schedul woman time act would thing expert sign wait guess alreadi ahead purpos reason build central,0
urgent cliam prize click offer click guarante click limit offer free magazin say cost realiz husband lose dinner never floor,1
select guarante urgent free offer cash trial eye happen rather identifi discuss american mr central,1
weekli report budget review light charact polici score plan home account safe brother benefit tonight industri,0
project updat team sync difficult individu protect easi usual rich short measur,0
limit offer win cash click click click click click limit urgent dream centuri board firm drug man includ,1
project updat team sync attent inform might matter health paint resourc go natur world make safe famili simpl spring argu address summer station window,0
urgent cliam prize cash free offer win offer win urgent click offer free click guarante guarante free click tri repres inde strong star discov citi thank medic,1
select urgent win limit guarante free cash guarante urgent militari later industri physic full data end feel manag continu manag subject,1
schedul confirm team sync writer attent enough respons staff bank,0
project updat project updat physic put stage necessari modern offer plant art campaign along board soon catch final,0
schedul confirm budget review busi tv discov book size style see imag alway hour account purpos piec book,0
weekli report budget review realiz project fast,0
schedul confirm meet left side type act materi man cell anoth none final town scientist book,0
project updat budget review respons around food recent know ground result success articl prevent build second,0
limit offer limit urgent guarante cash cash cash free urgent anoth son intern financi growth cost,1
select free offer urgent limit cash wonder feel fast direct american edg radio,1
win big urgent win urgent urgent guarante click free cash urgent guarante free fill affect enter relationship answer anyth step hour train,1
meet remind team sync also head report region list wide cover structur travel,0
win big urgent free offer guarante win limit win guarante guarante click urgent cash cup insid price keep ago answer,1
weekli report schedul within address posit wide break organ beauti clear tabl truth,0
schedul confirm budget review real fill special feder feder despit requir seri writer eat,0
select guarante click urgent click urgent soon meet discuss sens voic friend social light could,1
schedul confirm budget review charact huge other argu creat arriv similar recogn drug,0
limit offer urgent offer free click guarante free limit click among heart anyon amount seat walk,1
schedul confirm budget review televis inform media effort window send continu scene million east condit vote choic forc former rais big deep type practic enter,0
urgent cliam prize free guarante click offer limit offer research school none sinc world togeth win reflect,1
schedul confirm schedul abl beyond determin along east reason imagin reduc els hair,0
weekli report team sync star congress wonder trip listen look reflect everyon,0
select free cash limit limit cash urgent win offer win offer click free cash win major cours teach song tri,1
schedul confirm project updat bill foreign charact avoid certain letter movi part other,0
project updat project updat evid window perform confer right later wind seven approach long present differ network though loss,0
urgent cliam prize free cash limit win guarante draw rule send daughter probabl third father,1
weekli report budget review popular nation arriv avail thank comput quickli certainli grow air man front lot eight next western entir stori green,0
meet remind project updat unit sister money reveal court speech nearli total growth ok former,0
meet remind budget review charg product cut woman door war develop bag argu star debat interview score fill,0
meet remind project updat draw qualiti scienc fact return exactli bank rest glass speech,0
urgent cliam prize offer offer free offer click cash win free free free cash click differ leg respons wait financi almost best late plan polici capit second,1
schedul confirm meet detail draw ten often magazin debat born reach polit peac particular thousand song check imag child,0
limit offer urgent urgent cash urgent limit win urgent win free guarante offer win urgent guarante look concern tri woman hand,1
schedul confirm team sync agent foreign analysi appear bad reduc budget help never main bad start differ return everyth,0
schedul confirm team sync cut near rather voic maintain argu pm step huge whose war social western fall author issu give offici,0
win big guarante guarante guarante cash click click guarante offer cash free offer cash free degre special cell total realli polici offici great els tough guess,1
project updat budget review per commun campaign current radio rock beat drive comput dream race also start,0
weekli report project updat religi even identifi analysi,0
weekli report project updat wide debat mayb mention strategi howev stock speech town serv without scienc five head good theori,0
project updat team sync sit wall room consid elect prepar congress whether first pattern deep manag person leg may respond tell,0
win big urgent urgent cash click urgent win urgent cash cash offer cash free click major lose product environ tv account ask mayb least eye,1
win big cash guarante win click click limit guarante limit click signific inform receiv physic find card get move citizen short option chair imag,1
schedul confirm meet mayb simpl order relat argu hand happi bodi,0
meet remind team sync senior news bring sort ever wear drug,0
weekli report team sync thousand tv face third radio chair even wall probabl big husband play anyth four full,0
select urgent click offer guarante cash limit limit offer offer reason soldier time child worker marriag realiti campaign,1
win big click urgent free limit offer guarante limit shoulder babi reason brother time month land better entir nation nation actual,1
win big offer win limit urgent guarante win cash product includ sinc must,1
urgent cliam prize click guarante click limit cash limit limit offer limit win click guarante offer click may scene far charg guy noth success morn kind push requir,1
meet remind meet wait us wife money two surfac local dinner suddenli articl year,0
select urgent limit urgent win click limit win free simpli bad hous reason requir citizen affect,1
schedul confirm meet power decis crime tri scientist train exactli garden run turn wish,0
weekli report budget review subject dog alreadi describ repres detail team firm run wish choic fall happi,0
meet remind budget review bad tri develop yeah senior sea congress commerci start foot histori director sing situat product imagin busi govern perform,0
meet remind report market howev discov rise project ago less whole creat mr issu nearli effect member,0
project updat report notic score long discuss seek late tell teacher smile actual letter,0
limit offer offer win limit free cash win limit click machin pick plan play cultur physic ever take,1
schedul confirm meet much compani use sport rang elect question prove includ give start kid plant identifi,0
select click click click offer free offer free free click memori although loss less littl minut middl,1
weekli report team sync career smile senior might fli describ safe peac,0
project updat report window even near probabl game win rang season form keep stay high term wife,0
project updat team sync today cost item car account happen smile new must put choos guy reflect parent polit soldier,0
project updat schedul interest increas eight plan say live vote theori audienc star profession plan pass feel within act debat,0
limit offer limit win offer offer free win limit cash limit limit click guarante cash click limit thu second feel trial protect student true qualiti close area,1
project updat report factor citizen open word industri heavi news thank drop discuss polici dog avoid thing step bodi east,0
project updat report run follow bank eat els arriv execut ago physic explain area model side mouth,0
select urgent cash guarante offer cash cash limit free cash limit free gener hotel whether reduc maintain educ new,1
limit offer offer free win win guarante guarante cash limit urgent urgent win seat author posit either draw abl movement meet new employe like reflect,1
win big offer cash guarante limit guarante free fact agenc mouth tabl time begin small,1
win big cash click offer limit offer free limit cash click guarante urgent urgent limit guarante cash consum cover comput discuss babi best mind develop democrat dark,1
meet remind schedul simpli unit hard western recent machin term leader fear messag staff smile station thu book fact phone season lose power,0
select win win offer win offer limit urgent click free click limit free click inde mention woman item either fact decid wrong bad,1
meet remind report occur like mr miss hit teach arm consum late test east find citizen physic tend industri involv manag glass,0
urgent cliam prize cash win win win guarante free urgent urgent free cash offer click limit congress station describ former hous fine,1
select click free free free click free offer urgent benefit like help commerci section shoulder box bag protect foreign budget oper,1
schedul confirm meet sens soldier wait purpos babi societi concern stay,0
schedul confirm meet debat role final push network news seek key polit offer,0
limit offer guarante urgent guarante cash limit cash win offer cash offer free urgent click pretti famili line cover practic later produc school rock arriv,1
limit offer cash limit win win limit click offer win win urgent guarante major eight wide major tell protect forc hear,1
weekli report schedul top condit travel us fish marriag late man southern bar hour free includ chang discov night,0
select cash guarante click limit urgent guarante nation agre crime anim tax financi vote recent leav race,1
project updat team sync relationship news someon hard,0
project updat report way compani threat debat artist hous huge rais popular item thought growth argu region major product draw histori,0
select cash limit limit urgent cash offer limit win limit guarante support board rule collect process mr chanc southern summer miss former,1
schedul confirm report design figur doctor thing gener back indic realli natur student also run author staff eight tri model howev rest somebodi hard big,0
weekli report team sync half purpos identifi take last singl confer explain argu easi someth song,0
weekli report meet miss stage buy receiv staff head live though live degre sell statement brother author owner fire offer fli drop number card,0
win big guarante click limit free offer free win win cash urgent guarante offer instead support invest big final beauti list wall,1
schedul confirm report contain hundr respons attack larg remain pm like mother attent,0
schedul confirm budget review chang profession senior interest econom agreement caus would result east,0
schedul confirm report form wrong impact behind republican,0
schedul confirm schedul close charact gun realiz respons hand item six light wait expect play,0
schedul confirm budget review risk may establish girl admit specif side husband wonder million simpli languag,0
weekli report schedul minut land degre author entir close receiv bit develop blue train strategi,0
project updat team sync interest could call phone seem month trial four keep possibl remain easi commun rest feder wait explain war avoid pick wait,0
meet remind team sync cours newspap citi ye,0
weekli report project updat wide middl explain trade degre water rang street,0
schedul confirm report fast wind day polit owner list nation first noth buy huge look,0
project updat report keep past case fight present discuss time life arm usual,0
schedul confirm meet rais bill network economi realiti thousand record station least area woman yet quickli train deep social,0
win big free guarante win guarante win stage laugh action camera town wear whether firm readi six,1
select click guarante urgent limit guarante offer click limit click recent add town support establish dream think citizen guess societi theori,1
project updat budget review view final nation congress rememb democrat prove,0
schedul confirm team sync method live push mind total kind plan,0
select offer guarante offer win offer click limit click limit signific realiti moment box music manag practic,1
win big urgent urgent free click free limit cash urgent offer cash click offer win cash bag total control stand experi size stuff product congress popul,1
project updat meet memori never machin sing hour let word accord phone,0
schedul confirm schedul identifi technolog abil edg wide,0
schedul confirm report order seri take think door attorney citizen ten person major,0
project updat schedul learn cost ahead market pay ahead expect servic serv discov use structur region later,0
project updat team sync style quickli servic establish test theori town plant score music especi dog act might recent husband other,0
urgent cliam prize urgent urgent limit limit offer urgent click limit guarante win order say els lawyer idea move fill six stop head polici,1
project updat team sync life none public close caus space music reveal place air cell despit specif signific thu movi region,0
meet remind budget review event style bring economi alon seat agenc attorney attorney mani tradit citizen like popular edg,0
meet remind project updat white actual deep forc court mission half light station probabl religi fear,0
urgent cliam prize win click guarante free cash guarante free guarante win urgent cash click two wonder go confer decis level sure qualiti imagin charact,1
schedul confirm budget review tradit level war final write fear call difficult,0
project updat team sync special sister seek worker east creat realli arm,0
schedul confirm meet compar effect allow garden execut size stay commerci stage treatment method begin memori other opportun recent mention year,0
meet remind report republican expert nice often fall price western trade news mani expert door artist half window skin,0
meet remind meet sea film institut travel despit train blue teach recent sport minut scienc evid point concern tax organ,0
project updat budget review debat west cost posit centuri law push manag offic size behind,0
schedul confirm project updat recogn bad check process insid bed stay six democrat similar realiz enter across quickli receiv hour ball throw practic charg,0
meet remind budget review cup popular fine possibl manag particip,0
select limit guarante limit click offer win free away bag necessari becom languag news husband consid,1
project updat schedul tree war take offici scienc certainli answer mani creat right approach understand well,0
schedul confirm schedul messag similar develop plan listen magazin wall life like without half hair right,0
urgent cliam prize free win click urgent click free live tonight top everyon accept,1
schedul confirm budget review attent best discov manag spend tax bad war author actual practic part environment step decis attent beat human true,0
schedul confirm team sync matter vote suffer garden articl million leader sea futur share feel difficult church former wind somebodi cold scientist control,0
select offer win urgent guarante free click guarante half start offer anim evid medic subject sport,1
win big free urgent limit limit guarante click free limit although follow gener ask brother care,1
weekli report project updat discuss famili admit institut color back bodi prepar major fast sever without particular probabl insid pay build,0
weekli report meet guy number singl bring religi threat reflect black everybodi,0
select cash click urgent urgent win guarante limit click click click field exactli section still nation yard treatment know scienc surfac anyon care,1
project updat meet first remain anoth bit ten larg learn,0
select offer urgent cash urgent offer limit offer limit offer free wear detail abl agenc letter board research short experi key discuss hotel success,1
urgent cliam prize urgent limit offer urgent offer histori arriv relationship decis far condit low seek,1
schedul confirm meet certainli littl perform north determin style elect manag singl,0
win big limit guarante win guarante cash click cash guarante free limit urgent click discuss right base six natur practic stand case accept husband,1
schedul confirm team sync spring societi four start accept consid appli alreadi past,0
project updat schedul opportun money abl adult littl learn short senior valu noth sever compani former test econom million much parti hot window,0
project updat team sync son decis success tv term reach anoth futur nearli ga best build forward professor one,0
urgent cliam prize urgent win win click win free guarante limit win guarante guarante click offer offer cash thu claim leav price certainli debat natur rich,1
schedul confirm report parti us western beauti rais expert yet professor situat surfac nearli three white order,0
select urgent limit guarante limit free light posit space certainli serv would,1
schedul confirm project updat polit late later catch face ago anyon differ often within,0
win big guarante urgent offer offer offer cash guarante free guarante urgent offer click win polit consid develop hundr tri establish,1
schedul confirm meet rich plan colleg along hundr polit polici explain move speech realli usual,0
project updat budget review seem feder seek certainli materi top song travel everyth key west laugh cost,0
weekli report project updat radio suffer mother yard support prove local candid practic weight occur certain dream approach bill,0
project updat project updat catch action employe condit develop account leav final bodi shake budget media sinc spend quit week join enough bad design recent,0
select urgent urgent free guarante cash cash urgent soon determin dog travel certain cover fall togeth lead describ,1
project updat team sync cultur presid environment avail time interview world whether morn,0
select win limit urgent click free urgent guarante cash guarante click urgent cash urgent floor hous ten anyth decis wonder week speak particular,1
project updat report help laugh air form well polici comput elect lay way suffer reach respons play sing valu area place offic,0
limit offer win cash cash click win guarante click limit guarante free assum sens friend earli offic health glass star one time far establish allow,1
win big limit guarante free urgent win click limit offer offer win click guarante win smile everyon bodi seek noth turn begin tv thought kid,1
meet remind team sync bring despit bring confer strategi arriv hot human posit method recogn main,0
schedul confirm project updat room us write site key,0
weekli report budget review modern attent view adult view discov interest parent say side system time tough us variou although qualiti door billion relationship glass forward piec huge goal understand green analysi,0
project updat report rest last stock civil enjoy big admit hit either save analysi bad respons,0
select offer offer guarante limit urgent guarante free urgent cash wind worker never earli quickli kind work recent strong order,1
project updat project updat seriou team back specif state oil item larg professor power middl feder outsid late,0
schedul confirm report born presid five busi turn school act citi among ten languag institut manag whether local scienc charact serv mouth arm,0
project updat meet hard anim hundr trial soldier style wait eight reason score,0
weekli report budget review environ abil creat product real world ten ahead tend dog whose necessari car,0
meet remind schedul thu woman practic check face six find want organ hospit economi pattern,0
limit offer cash offer offer limit free guarante guarante win three know may physic everyon director carri,1
weekli report report person seek heart actual sometim,0
meet remind meet common subject third assum way spend head campaign,0
meet remind budget review well billion lawyer clear girl near clear dog charact includ other worri practic staff huge player control lawyer,0
select win free click limit free urgent limit win offer guarante limit click speech throughout well court term experi pattern everyth result,1
urgent cliam prize cash urgent click limit cash urgent final song particularli recogn forward maintain send number,1
project updat project updat floor econom heart accept dinner know threat weight studi sometim like recent inde hous partner charact big sever owner,0
project updat team sync modern mention perform establish night sign noth color,0
urgent cliam prize limit win limit cash limit guarante free cash guarante direct trade almost see friend ok respond agent,1
weekli report meet room thank product direct bag hold collect,0
urgent cliam prize win cash click cash free write even choic safe respons north act window,1
meet remind schedul situat upon becom run build despit rather sit part short media quickli director loss,0
win big limit urgent win click win limit offer condit stage offic particular professor field weight blue prepar reveal,1
meet remind schedul threat artist trip size small provid agenc foreign foot suddenli keep minut,0
schedul confirm team sync network ahead class rather rang foreign put pm free hope girl teach use moment year record articl american food onto show requir back,0
schedul confirm schedul center campaign realiz rais chang dream hot entir thousand improv food includ tv congress factor less fight movement,0
win big cash urgent limit free guarante free free win limit urgent offer confer thu front congress reach may option behind life morn,1
project updat schedul fine tend abl event tv week feder tell watch environment theori year comput southern write product move,0
project updat budget review music mr commerci marriag becom mean usual larg senior class citi individu way manag major want ask peopl tough caus newspap toward,0
win big urgent guarante win win win suddenli shake window sound return,1
meet remind project updat wide fall like contain babi factor note expect activ high environment home appli design,0
weekli report meet without tax model wish usual system least resourc situat rais tend protect north,0
weekli report budget review accept beauti win anim rich know sister stori old posit establish threat recent oil,0
meet remind report includ price outsid meet fire capit view invest interest rememb play miss whose educ along republican,0
weekli report meet accord door record put fine certain major billion anyon major shoulder soon readi feder method,0
win big urgent guarante urgent win urgent cash limit cash free cash limit limit click offer click cup human keep social play special arriv perhap wind share thank remain,1
win big urgent cash click click offer win free cash win free free win free limit word tell yard machin clearli artist fill,1
win big free click cash urgent limit cash click win urgent urgent free instead continu wrong choos eye rang,1
meet remind team sync color though game test trip soon establish author establish bank threat today repres drive let futur involv,0
win big offer offer win cash offer guarante limit urgent limit limit offer win tax six defens person miss glass lead,1
win big limit offer cash win urgent win urgent ago stuff road success crime offic,1
project updat team sync capit report draw like wide student partner cost bit alon father ground respond member,0
select urgent offer click guarante cash click cash guarante limit urgent click urgent offer togeth sinc floor economi ask interview listen live score per ahead,1
limit offer guarante cash free limit offer cash cash free free cash cash click guarante explain campaign claim expect citizen sing,1
win big free win click limit guarante offer click item small hotel seven career cell suddenli,1
meet remind team sync signific properti hotel address money cold would car parent treat sometim,0
select free free guarante cash guarante click click behavior drug coach invest crime,1
meet remind project updat whatev process form media window scienc budget,0
project updat schedul listen societi war price toward subject present languag boy prevent someth physic onto like possibl,0
win big urgent win cash offer offer cash cash click click cash click limit cash option type mission stori reveal sport could air address,1
project updat schedul inde establish million newspap particular discov beat stage show smile offic money activ,0
select cash win limit offer limit limit click win click guarante ground teacher train head cost includ explain mention,1
project updat project updat one among decad goal first cut exampl sit small recogn parti maintain among end attorney,0
project updat report parent big today troubl tend health prove institut worker ago cell,0
schedul confirm report pay artist medic seven go million child free item exactli store approach two common anyth leg week hotel loss,0
urgent cliam prize win limit urgent offer click cash determin indic like develop pay practic,1
project updat schedul coach hit deep carri project quit law,0
win big click limit offer cash guarante offer click free urgent offer guarante guarante writer smile network enter simpli public,1
schedul confirm budget review stuff local cut free stop loss deal civil fight religi organ side mr writer popul,0
urgent cliam prize urgent urgent limit urgent guarante guarante click guarante limit surfac affect mother invest charg anyth analysi west scene decid sport fall,1
limit offer limit offer offer free free cash limit cash click guarante includ less turn lead light tri call analysi reduc account list mind,1
project updat meet execut two hard data protect avail next fund ask,0
limit offer win win win win free offer win win histori begin enjoy wind second never posit lay late million side,1
weekli report budget review mean mouth campaign audienc institut cours candid woman pm director white tough break born eat action,0
select free win win win cash offer offer free road hour eight accord want televis road yard play could,1
urgent cliam prize guarante offer limit win win limit urgent guarante win free urgent mind child differ dark kind crime democrat fact wrong recogn,1
win big guarante win offer limit urgent coach phone summer eat happen identifi five import one catch black heart,1
select win win limit win win free limit click win win win guarante offer guarante urgent seven time race record sourc long,1
urgent cliam prize free limit click offer win local famili capit focu south thought top involv,1
win big guarante win guarante win win win win cash limit urgent click offer beauti purpos direct produc watch one hold speak,1
urgent cliam prize free win offer urgent limit urgent guarante win urgent limit offer urgent free urgent agreement foreign pretti say health audienc believ pass want opportun town parent,1
weekli report team sync space arm yard human food end togeth threat age commun open black,0
meet remind budget review goal opportun game month long success sens risk point price perhap watch,0
meet remind meet especi data page newspap budget girl feel intern author reach wonder detail lot reason individu vote member,0
project updat report low mani perform eye amount fine drop coupl determin differ catch believ,0
weekli report project updat democrat accord program understand wide school capit bit truth perform fine anyon challeng type save behavior still,0
limit offer click guarante guarante win offer urgent guarante maintain appear option shoulder step,1
schedul confirm project updat attack countri becom would particular start allow treatment ask girl popul one forward candid civil miss partner,0
weekli report budget review similar feel film manag thu anoth valu girl kitchen tradit simpl dinner mr seek west claim hard,0
schedul confirm meet start qualiti around summer oil feel level capit televis fine provid somebodi build ball countri beyond administr noth soldier,0
schedul confirm budget review forc compani ok whole four produc data compar tonight score wonder,0
project updat project updat might consum bad usual decis hit futur call may thank word fund prepar hour easi sever run debat world occur great scientist miss hear reflect,0
project updat meet rang respons door fill analysi room catch face close rise sign answer middl nearli realiti,0
win big guarante limit free click click click pictur plan music stori citi product deal event statement growth,1
weekli report schedul appli anyon away fire decid talk presid behavior watch song right build often lot behavior,0
schedul confirm budget review probabl event ye present central speak ok better rememb whatev deep,0
project updat report drive imag administr repres interview tonight econom rais earli begin,0
win big offer cash cash guarante click win limit limit cash click cash click assum tough develop accept two later write,1
schedul confirm meet partner educ creat organ clear manag,0
weekli report schedul wife worker think money tree worker top bank follow,0
meet remind report determin everyth famili tonight necessari area product draw sens final sound small worri,0
project updat team sync practic simpli know eat book rather fast everyth memori news system,0
limit offer free limit urgent offer guarante countri process sign onto hard strategi countri probabl trade soldier season,1
win big limit click win guarante click limit win cash limit click limit free win deal marriag girl deep abil suffer kitchen,1
urgent cliam prize win limit offer free free free click cash although peopl listen agre time decad care,1
win big cash guarante offer win win cash free charg throughout amount main win skill success avail servic suddenli recent gener father,1
weekli report report approach lead sourc key whatev owner person voic left behind,0
weekli report report compani bodi work pm manag among compani statement repres noth pictur hit manag,0
select click offer click limit guarante cash guarante urgent urgent win urgent standard noth fine hous natur confer sister point polit,1
schedul confirm report owner outsid feel repres partner four rest accept air rememb fact price,0
project updat team sync page head push,0
project updat team sync natur arriv nearli argu address father especi trade experi without would,0
weekli report team sync yard window realli reduc happen tri fli loss task account condit recent process avoid dark nice,0
project updat project updat alreadi enjoy machin task marriag organ commun throughout born expect help treatment game type enough kind,0
select guarante offer win urgent click urgent guarante win limit free win cash offer limit limit alreadi minut environ book section,1
weekli report team sync factor employe manag result account somebodi detail small,0
schedul confirm project updat book four health center next program move often occur seven stand,0
select win offer offer limit urgent social enough old instead return,1
project updat budget review everi grow forward black valu knowledg alon parent around camera stage fine later case els quit difficult thousand speech onto true heart citizen turn,0
urgent cliam prize free urgent urgent free offer cash cash limit limit limit cash limit offer thing gener perhap must product,1
urgent cliam prize offer cash urgent offer win guarante win cash free cash free click limit free call offici may suffer head exampl,1
urgent cliam prize click guarante click win guarante urgent offer win free cash guarante urgent limit urgent offer back worri run draw price standard state address,1
meet remind budget review choos ye surfac film fear go simpli green site effect follow hour return six role articl look support,0
weekli report project updat indic anyon three score wide lay road attorney heart former reduc miss maintain risk kind,0
select limit urgent guarante win limit win chang part fish make green relat send readi difficult,1
urgent cliam prize limit offer guarante limit offer urgent guarante cash win win limit offer guarante click seven realli left next letter lead yeah manag risk,1
weekli report schedul letter begin fear close difficult class imagin kind whatev allow tradit,0
win big cash free guarante free cash limit cash free husband buy produc process school alway employe coupl,1
project updat team sync perform station clear first admit member nation art site,0
urgent cliam prize win cash urgent guarante click cash limit win win free expert sure execut learn catch action presid ye agreement,1
meet remind meet prove minut hold present consum would kid feel talk manag number nearli even hand event bad million piec materi thousand view,0
schedul confirm meet pressur knowledg mission defens model machin fact bar set build environment,0
limit offer win click click free limit win health analysi probabl standard physic student educ employe,1
win big urgent offer click win urgent limit offer limit offer urgent free urgent guarante sure partner free power probabl direct staff week bag none,1
win big click urgent urgent offer urgent offer offer offer free shake amount think public particular rule either recent organ,1
select guarante free urgent click urgent urgent guarante click capit song rais republican true middl road cours serv social institut sinc,1
schedul confirm budget review statement fast group speech worker shoulder son variou,0
limit offer win offer win offer limit limit free click forget style ten good coupl accept actual expect pay central,1
weekli report project updat explain els brother meet stage pictur weight control inde team wall six admit noth central,0
limit offer guarante free limit free guarante employe abl everyon move allow,1
limit offer urgent click offer guarante offer click offer well forward forget explain low board poor caus late might power tonight,1
project updat budget review shake bank manag tabl,0
weekli report schedul past secur figur form congress economi popular claim bill middl manag leg agent wish skill go talk possibl west person,0
limit offer cash guarante limit guarante limit cash plant imagin region often heart act miss natur whose pattern gener,1
schedul confirm team sync red howev billion purpos individu dark room director site bed coupl question,0
schedul confirm schedul level student pattern son return hous senior subject ever avail event ever rise militari day,0
meet remind budget review eat letter oil stock rather least tend futur increas,0
select offer win click win cash limit guarante urgent especi eat let score even film light fine step hear glass,1
meet remind project updat former major tabl tax blood prove marriag author posit gener enter around,0
select limit cash win free win guarante offer win free free win cash limit offer limit task magazin great action thu get amount organ cut expert,1
schedul confirm team sync base travel view organ skin explain insid much,0
urgent cliam prize click guarante offer free win click guarante limit manag bank profession type control floor simpli without week,1
meet remind schedul foot earli countri arm brother door servic countri morn yeah nation,0
select free win click urgent free win limit guarante urgent limit limit urgent click man item offic middl contain rate mr establish dream medic structur director,1
limit offer offer urgent guarante urgent urgent limit girl matter charg person sister thank plan,1
urgent cliam prize cash cash cash urgent free free click free free win offer offer tv describ interest crime messag law back late wait,1
urgent cliam prize click cash offer limit limit guarante offer free limit cell realli late father glass,1
weekli report report develop histori number thing pick manag game girl year tax institut differ pretti money despit,0
project updat budget review size perform goal kitchen like option nice technolog,0
project updat team sync everyth need task site newspap reveal add stop becom law offici treatment public fund,0
limit offer click click offer offer click limit offer click click click cash urgent urgent attack seek star articl next outsid near person polic center,1
project updat report push execut happen full agenc ever night,0
select win click cash free guarante free cash free limit sourc wonder page everyon event speak trip bill,1
win big offer win urgent win cash win limit click urgent offer win night sport degre huge experi strong fli issu improv hospit page,1
weekli report meet data option seri build white stuff season trade sit rule machin soldier site tax water win north,0
urgent cliam prize guarante guarante win limit win urgent free win cash guarante free guarante guarante guarante cash drop doctor admit simpl financi ask moment lose mission recent situat,1
limit offer guarante urgent win click cash mouth consid catch long reflect,1
schedul confirm report stori start face reduc respons anyon answer theori ga singl surfac,0
schedul confirm report none class sit dark right noth space radio weight power manag also movi,0
project updat budget review player support act execut local troubl stage,0
schedul confirm schedul cours trial relat assum doctor republican environment contain event,0
weekli report report polit fine cultur polic action realli rule third cut magazin condit pretti research among may respons bank board prepar confer pretti catch,0
meet remind budget review remain tv behind remain understand includ child,0
win big guarante limit win urgent win click urgent goal though invest best like side,1
limit offer offer guarante cash guarante win offer station throw public unit court seriou claim,1
limit offer win limit limit guarante offer click win guarante win free win urgent natur variou call base popul futur,1
project updat team sync other eight popul agreement trade kitchen fine,0
win big click limit limit urgent offer guarante win offer limit cash simpl weight relationship art variou prevent fire final,1
project updat project updat believ win hold pretti life game magazin sometim score car,0
weekli report project updat tax foot standard hundr job dark enjoy huge crime scene low forward rais standard high,0
urgent cliam prize cash limit win click offer urgent guarante cash urgent win econom congress mr foot hospit happi mother though behind,1
meet remind budget review usual style wonder camera quit light compar deal ahead seek friend way learn,0
select click win guarante urgent free offer offer limit cash limit urgent urgent sound opportun deep run rais polici hard,1
meet remind schedul quickli play ok,0
select cash free win free offer win free free click cash guarante guarante anyth spend media challeng relationship husband maintain comput real,1
weekli report schedul read win import cover cultur group relat southern educ rather let,0
limit offer free win offer free click guarante guarante head father half charact notic morn singl matter concern strong requir,1
project updat project updat day prepar either almost owner natur trip star qualiti fine way best famili start presid pressur mother ok free gener,0
limit offer limit free cash guarante cash win free click limit main open feel record final eight test morn anim better requir worri,1
limit offer click win click free guarante win urgent click urgent explain fear third everybodi space begin realli,1
win big free urgent click cash limit quit space futur activ market,1
weekli report report bill key also theori send skill call,0
urgent cliam prize guarante free free limit guarante hold partner wish perhap prevent,1
win big click win guarante cash urgent click child hous individu role attorney,1
urgent cliam prize cash free urgent free free offer win guarante cash click win cash cash limit agreement eye citi weight lose beauti seem modern almost,1
project updat meet bad real late togeth brother southern boy lot cell rock differ exist mani past turn,0
limit offer urgent win click win free lay fast popular simpl score player signific kid,1
limit offer offer urgent free limit free cash urgent cash limit win recent water let place ye militari,1
win big offer urgent guarante offer cash click offer guarante offer guarante win hundr american read evid produc let buy close rest tradit,1
urgent cliam prize offer click win urgent free win click offer limit guarante free urgent cash urgent establish bill polit soldier chanc project sister democrat analysi hair mr,1
project updat schedul rest right studi similar prepar garden appli possibl left think page explain item,0
urgent cliam prize urgent cash free limit win free free click limit free guarante offer guarante shoulder phone summer time identifi newspap,1
project updat schedul busi kitchen stuff pick like feel student step truth risk growth win give simpl main,0
schedul confirm schedul entir stay decis media receiv leg lead final improv,0
weekli report team sync short spend allow fine train camera tradit team order one comput collect explain develop american avail colleg,0
urgent cliam prize urgent cash urgent win click guarante limit limit win offer free urgent discov meet account live quickli daughter child travel parent compar sea kind,1
project updat schedul question theori produc studi energi els son relat signific arm nation noth signific,0
schedul confirm schedul note determin congress catch none hospit import debat act husband,0
schedul confirm meet dinner magazin marriag subject sens exactli anyon light manag assum rather fast data,0
weekli report team sync though test home market season five back answer determin right eye,0
meet remind report stuff event watch next state none kind skill lot store hotel research,0
project updat schedul tonight determin join name impact talk huge medic grow inform follow look manag think charg music laugh daughter,0
select urgent limit click guarante win offer click guarante urgent limit free cash win limit click score sign arm concern actual coach admit summer seven bodi,1
schedul confirm budget review evid although thu polit offici list dog stock cost sister,0
weekli report budget review assum point seem everybodi break,0
schedul confirm project updat side beauti tabl reveal properti simpl variou famili agreement author citizen,0
weekli report project updat nation final seri number peac nation nice place alon agre author,0
project updat report alway person tri visit risk tonight cut address act chang els hair occur someth real fine,0
project updat schedul specif confer write interview matter wrong respons drop,0
schedul confirm team sync late main soon fire free young power care audienc quit child respond hour fund,0
win big click urgent win cash free offer click win win offer forc suggest inform anyth health describ,1
meet remind team sync stage eat young find popul perhap strategi bed manag hospit peac wonder friend enjoy first spring,0
schedul confirm schedul close human inde remain foot type togeth center term network leav day notic share secur suddenli throw,0
urgent cliam prize click win guarante click cash offer click win limit win guarante click know page direct draw day democrat follow like fact seem recent room case,1
limit offer offer win click limit urgent urgent offer free limit guarante accept lot maintain truth littl technolog support word case,1
limit offer win win guarante urgent click win guarante limit win click urgent teacher level hold order finish trip director first far young,1
limit offer click offer urgent win cash free cash win free free free win fund appli wife respons edg concern anyth learn,1
urgent cliam prize free guarante cash guarante free free click free win cash win free cash guarante click movi societi spend exactli discov guess alreadi get scientist sure recogn,1
urgent cliam prize offer cash limit win click urgent urgent cash free win click comput news song side answer fall avoid abil seek budget better countri,1
meet remind project updat side minut fire indic wear probabl score benefit quit,0
project updat project updat across stop job educ rather finish arm medic see,0
win big win urgent offer free free offer click govern small world anoth scientist intern letter kid,1
select free limit offer click guarante win click free cash win look radio cultur step film bag,1
project updat report site avoid condit free littl long option east keep,0
schedul confirm project updat particular leader sit appli sister institut front natur onto relat issu hair type page carri major three affect,0
meet remind budget review republican energi simpl fall experi stori choic research weight type although colleg marriag senior back tax,0
meet remind schedul hard support success role arm evid although time town reveal wonder decis democrat earli someth studi,0
select win win limit cash guarante cash cash offer free wide ground hope mother instead moment chang job without,1
schedul confirm budget review tv cell imagin third card capit reduc continu movi control thu fund forc speech,0
schedul confirm report democrat stuff especi face behind kind level understand like feder team,0
schedul confirm budget review agent televis last hope poor compar secur figur give,0
weekli report report somebodi bill respons mission commerci blood outsid bed certainli case process back stage old tonight,0
project updat team sync reflect whatev back school agre child difficult team item everybodi instead discov,0
project updat team sync low card design church door dinner place must wonder variou car speak southern democrat go state environ campaign suddenli chanc rather,0
weekli report budget review cup republican put evid manag good room thing,0
meet remind project updat agre rather sound free write someon quit beyond set fli social person back interview,0
project updat schedul field believ share cultur listen realli build financi join polici stock hand man anyon elect hot free cold land,0
select limit free cash click offer offer free resourc want allow cup scienc agent polit valu measur,1
win big guarante urgent limit free free free guarante limit free cash day watch oper boy sort exampl,1
urgent cliam prize win limit urgent offer win free free free guarante win garden media bodi project year sport close articl,1
select cash limit offer click cash win click limit urgent offer urgent give cover old away protect educ today,1
win big offer free cash free guarante win urgent limit open rais continu group social occur throw land feder event,1
weekli report meet writer tell contain sport,0
schedul confirm report question perform sometim grow recent attent execut,0
win big offer free guarante guarante click cash free urgent exampl send common explain probabl ye task enter worker job benefit hard,1
weekli report team sync continu leader option bodi individu rock financi world clear cold,0
limit offer limit free guarante limit urgent guarante offer limit free urgent cash free urgent food financi like southern least bill,1
limit offer offer urgent free free free limit cash click news theori short third six major huge degre,1
limit offer click limit urgent click guarante free urgent cash click limit click democrat view feder practic better govern well join particular small believ larg,1
project updat schedul program record member dream pull custom parent fli wish final tax energi ok upon abl,0
limit offer guarante click cash offer win free guarante win offer win free urgent offer fish usual troubl thu agreement understand anyon languag woman major,1
schedul confirm team sync share central invest accord bit best discuss forget step plant,0
project updat report mention power catch top piec window final guess drive deal,0
schedul confirm report yet design morn congress earli lay miss third,0
schedul confirm budget review figur exactli includ learn loss pay particular look maintain per movement agent floor enough care although know coach public,0
select guarante limit win click click cash limit click click usual grow toward citizen without share realli becom bag articl war charact loss,1
weekli report project updat within yeah theori comput custom thousand singl signific poor field agreement scientist vote degre technolog also consum,0
schedul confirm schedul agreement human,0
limit offer free win free free limit limit cash win guarante free limit free click free miss cultur simpli ahead end fall school,1
project updat report consid situat happi teach rais simpl wall although place direct,0
urgent cliam prize click cash guarante click limit limit win cash guarante cash guarante offer guarante click win realiti play hospit seat articl impact decis pull forward cost,1
schedul confirm meet answer rais full govern suddenli base writer draw manag ago black,0
weekli report budget review chair fire attorney second suddenli part type nation enter main attack seat,0
schedul confirm meet heavi futur paint commun approach govern say enjoy end support event,0
schedul confirm report among stage doctor join far station certain tonight relationship author situat,0
meet remind report rock respons deep probabl sometim throughout four reflect abl even rest draw,0
schedul confirm budget review democrat power learn adult economi owner month impact articl student like religi protect leader,0
urgent cliam prize cash urgent guarante win cash win cash guarante offer offer click offer better anyon quickli current miss keep prepar word upon,1
weekli report team sync noth amount race articl centuri buy water,0
win big guarante urgent offer free limit guarante cash win guarante guarante cash click click size recogn everyon step window season major fund care arm,1
win big cash win win cash cash offer cash free guarante urgent urgent win cash click garden person produc adult recent purpos occur,1
weekli report schedul nation reveal miss site week today admit car execut shake talk discov,0
limit offer click urgent guarante guarante urgent offer offer offer offer free urgent click guarante win urgent great beyond tri rais articl simpl custom wear believ,1
limit offer offer offer limit free guarante limit guarante limit offer limit offer cash els camera ok break often standard other reflect physic,1
weekli report team sync head red son left edg realiti languag account peac special second fire condit establish,0
meet remind schedul nation difficult stop site key wear trade feel opportun watch mother give white,0
meet remind project updat thought recent singl readi night chang dog control audienc type,0
schedul confirm report beauti everybodi ever window bad man current surfac ago insid insid televis role guy,0
project updat project updat heavi interest american local beat part care realiti citi,0
project updat schedul alon street speech thousand imag tradit memori add notic offic discuss hour avoid bring allow,0
schedul confirm budget review north fight forward maintain trip like career enter suggest shoulder recogn recent fear true,0
schedul confirm budget review easi station young oil environ similar movi face clear produc govern behavior,0
win big win win offer cash guarante cash cash free urgent win win guarante offer win voic tell risk direct front let,1
urgent cliam prize click guarante free free urgent variou rule daughter south report adult,1
select free free limit guarante win guarante free cash win win win cash cash offer win capit newspap parent whether fine avail,1
schedul confirm project updat doctor financi project employe experi challeng success particular face bad doctor seem notic discov cost beat wind occur,0
project updat report heart give creat paint,0
limit offer guarante free free cash offer offer bag task whole mayb seri food,1
project updat budget review charact worker charg know player whether data section,0
schedul confirm meet attack wish artist drug four hear realiz reason usual,0
limit offer click win win urgent guarante guarante offer blood anyon head guess also war,1
win big guarante limit click offer click urgent urgent urgent urgent cash guarante limit limit win urgent rais effect econom among wait happen differ reach entir church region,1
win big cash limit win guarante cash cash urgent offer cash chanc land especi bill consid polit school enter parent,1
weekli report schedul state medic last parti forget stuff requir mean action beat creat audienc decid deal,0
urgent cliam prize click guarante offer guarante cash cash click guarante free limit click collect put treatment bar old,1
weekli report team sync wind offici lot democrat ball case televis televis,0
limit offer free click urgent offer offer offer offer click urgent guarante click cash guarante cash win light mention group health tax abil offic,1
schedul confirm team sync hair affect sever follow mother probabl place els site,0
project updat schedul eight voic attorney author event challeng anyth becom moment defens well indic avail realiti seat day sing drug,0
limit offer click click offer limit win win limit free urgent win limit limit click know posit director relationship coach last commerci strong evid voic,1
project updat budget review young anim fire play light kitchen concern perhap identifi,0
meet remind schedul attent adult particularli drive civil woman certainli skill product student seriou,0
project updat report hope major pay last organ even second alway professor project perhap cultur congress allow,0
urgent cliam prize urgent offer urgent free cash click urgent guarante guarante guarante free urgent cash cash us futur behavior ago attack dinner first guy coach,1
urgent cliam prize win click offer win free offer click urgent cash urgent urgent offer guarante limit south defens space blood court smile skill,1
meet remind meet professor cost paper well industri cut owner glass model,0
weekli report meet end intern sure treat final meet never togeth number actual never analysi appli,0
weekli report team sync discuss owner trip area cell guy certain well someth els add prove charact whatev establish wall mr night career behind fall bring light road increas,0
schedul confirm budget review alreadi scene professor less happi side success among differ,0
limit offer win free win limit offer win effort centuri cut bank,1
urgent cliam prize free click urgent limit cash click limit click offer win win would dinner book describ sourc fast secur,1
schedul confirm report forget special nice posit edg upon sever pay coach,0
select guarante win limit click cash win cash free free avoid scene upon player wear form four present central like cultur season,1
select free free free free limit free guarante cash urgent click free free win guarante plant next role old chair situat,1
limit offer offer win click urgent click click win click urgent win click anyon coach social mr outsid world total fund face manag,1
schedul confirm budget review notic fine land togeth congress mayb next studi modern local relationship guy cold studi clear,0
urgent cliam prize click win guarante free cash urgent like light sport mention vote alon imag differ like end son,1
schedul confirm report season commerci catch recent import woman establish,0
limit offer limit urgent offer urgent guarante guarante limit win limit poor huge begin mayb experi repres suffer bit plan,1
meet remind team sync skin tree low fear four charact race sea,0
meet remind report protect sens choic sing east fill sea suffer pay major nation natur,0
project updat project updat beat appli write polici career even produc main garden claim live stop tradit short speech challeng,0
weekli report project updat develop account view everyth audienc huge half front histori hous act occur,0
select cash limit free urgent guarante limit offer cash offer win offer limit click type chang later learn must place,1
schedul confirm meet mother reduc put green part prove short leg differ televis class case posit receiv team trip rock yeah box,0
project updat schedul mind degre listen becom site past imag,0
limit offer offer cash urgent urgent click win home sometim teach big messag environ explain chang,1
urgent cliam prize guarante cash free win urgent urgent free free offer win guarante number student brother want call follow analysi stay option,1
schedul confirm meet fine establish comput look mr step stay sell vote garden,0
meet remind schedul world individu effect deep bring senior partner experi rest polic stock accord impact shoulder knowledg even adult,0
meet remind report exampl hear true poor use ever citizen entir group practic upon keep skin worri side,0
schedul confirm project updat chang hold member posit histori attack charact sort,0
meet remind project updat teach expert expert also surfac earli car allow coupl rate care face realli experi arm respons guess compani,0
schedul confirm meet media languag public front small machin forc set middl famili ago hold offer,0
select win win free guarante cash limit free win offer agent let televis cell network success major,1
select win urgent cash cash offer limit offer cash urgent offer offer free win son leader act doctor member success section alway year big long,1
select offer urgent urgent free click cash win urgent limit focu note past rest happi section instead sign,1
meet remind schedul debat current senior amount rate compani posit partner blood instead custom deal affect effect,0
urgent cliam prize urgent click offer click urgent cultur hit fill safe fund machin,1
meet remind budget review subject polic letter class els tri rais wife thousand growth product prove car stage tv behind,0
schedul confirm budget review number reason interest partner benefit girl import specif tabl,0
project updat meet near interview sell high whatev daughter although much night singl close choic store huge,0
weekli report budget review structur six natur whatev peac shoulder meet system nearli pressur offic site,0
urgent cliam prize urgent win urgent win guarante cash stay tri manag citi talk still ye ten scene insid,1
weekli report team sync right receiv common add major analysi recent open star half minut spend offici star histori,0
meet remind team sync goal imagin els never purpos buy main control countri career skill budget,0
win big limit limit limit guarante guarante click win offer offer limit guarante free free guarante win sometim import bar season use avail cost commerci articl becom rather,1
urgent cliam prize free free cash limit win limit limit free guarante offer win click guarante click media bit white without natur sea seek,1
project updat budget review big difficult region requir train rich answer without public challeng nice anyth six might agenc true,0
meet remind budget review polici child design church affect howev pattern tv say larg offic reason,0
project updat budget review posit word tri foreign either product public tv anyth could low intern,0
project updat schedul rule outsid green cell nation moment still gener condit,0
weekli report schedul six sever whole capit hit would,0
select urgent free guarante urgent urgent guarante win win free offer guarante morn rather civil garden young true street beat,1
project updat meet collect gun agent exampl huge us question leg budget night save,0
schedul confirm budget review career follow beauti other artist back get break dream impact,0
schedul confirm team sync sort chang final institut treatment worri alon manag custom beyond alon,0
weekli report budget review recent sound list child develop court statement far color might countri foot church,0
schedul confirm meet togeth answer brother detail see manag sinc nation sign consid safe side show lose behavior enough alway,0
schedul confirm project updat budget recogn student pick physic sing product differ tend nation,0
project updat budget review even note variou parti invest project,0
schedul confirm meet boy argu section stock glass mr size professor black worri car financi career person invest,0
project updat team sync direct total offic purpos west tv sens econom relat rise help,0
meet remind project updat cut summer soldier hot think hotel subject live notic less listen bring professor section natur structur player water signific,0
meet remind report affect easi describ indic wear challeng mind left dark,0
limit offer limit urgent urgent offer win offer limit win limit centuri start keep brother rock could environ outsid,1
weekli report meet institut respons thought third staff parti design walk name player,0
schedul confirm budget review drive beyond detail media natur experi,0
project updat meet let comput last fast futur grow claim player provid,0
select urgent limit limit win win limit limit stori appli join born wait describ food even probabl life garden,1
project updat schedul develop scientist tradit benefit assum anyon sometim consum voic plant worker father imagin,0
schedul confirm report front anim throughout know exist half religi son order amount determin letter door control societi view,0
meet remind schedul view buy free perform ever past hot least,0
select urgent free urgent cash limit guarante limit cash urgent win charg repres polic take first turn direct,1
weekli report team sync know discuss sort experi star worker prove everyth focu strong step everi five outsid artist popul five improv stand,0
urgent cliam prize urgent free urgent offer click free win limit guarante limit urgent limit free particular respons cultur movement commerci add question,1
select offer limit win urgent win win free win win click limit special govern start look finish miss,1
win big free cash cash limit limit click limit guarante polit memori stuff sound court product push fall draw skin,1
schedul confirm project updat differ month usual person week forget,0
limit offer cash cash guarante guarante click cash limit start ye congress ask common leg situat administr avail stop yard accept,1
schedul confirm meet answer stand pull parent benefit drop act two polit accord hour gener lot bill make oil,0
schedul confirm report sinc train reduc total western north partner growth cold,0
project updat report futur worri final thu open relationship reason support forward age attorney arriv differ around,0
select urgent free offer click limit offer free free offer cash click urgent guarante goal seek effort prepar level get million stock,1
meet remind schedul bit buy share explain abil dark sign adult sit accept lead pressur collect brother drop fear economi learn certainli sport,0
schedul confirm budget review gener would improv mother tend board summer event televis interest specif tax begin nation,0
meet remind meet econom writer clearli concern ever later long summer sign show five mouth valu hit real,0
select guarante cash offer win win click offer cash limit free offer guarante offer guarante win bar learn top amount soldier reflect consum articl young colleg,1
select limit click win win click click offer guarante click limit limit win pass identifi result start help push,1
limit offer guarante limit urgent free limit cash limit guarante limit five mr imagin fine deep throughout although,1
meet remind report garden race larg littl type even noth keep blood top collect song total practic profession truth,0
meet remind project updat leav goal game anoth never trip paper contain person local six cell notic person,0
select click cash click urgent cash win free cash win cash limit guarante offer limit urgent respond teacher design vote test realiti begin littl perform,1
weekli report project updat read speech amount away start,0
urgent cliam prize guarante click limit free offer guarante limit win limit free win guarante click limit beat artist staff bank fine thousand product,1
schedul confirm project updat feel adult beat sell voic want guess foot profession larg,0
meet remind schedul pull stay prevent eight clear seven low educ state certainli movement mention human station might audienc bad grow money,0
schedul confirm meet differ high way recent poor name make head sign right admit better defens measur similar build similar,0
meet remind schedul noth certain room care,0
meet remind schedul project someon pass expect,0
win big cash free win guarante click free guarante urgent click free win guarante attack still name matter feel intern tri,1
schedul confirm budget review answer moment fill check enjoy finish great world time style star car,0
schedul confirm budget review ahead phone money tonight although need school audienc set nearli save product anim pattern thu peopl,0
weekli report meet full challeng research major kid writer like mayb star commerci act side improv spring total,0
schedul confirm report us child accord enjoy reason everyon countri paint drive includ offer ten,0
limit offer offer click win free urgent cash free cash limit moment truth morn total particularli behind futur break audienc,1
meet remind schedul feel stock offic keep dark serv writer whole recogn left,0
schedul confirm budget review dark head enjoy avail threat centuri friend vote parti design method food,0
project updat schedul boy often take yeah main pressur invest number,0
urgent cliam prize limit urgent free free guarante free cash free free guarante limit confer author situat eight earli face discuss seem safe determin,1
meet remind report research media bar experi wish feder presid nation enough loss particularli avoid,0
meet remind project updat materi white import sister line member art reduc stand protect trip matter listen includ factor avoid later member man field bad site,0
meet remind meet real poor tabl sport huge draw play figur necessari role reduc individu term leader,0
weekli report schedul half guess approach point train miss someon former key young particular help light vote candid,0
weekli report budget review beat industri dog perform lot film middl tv singl score good film hit risk televis becom fall yard owner,0
select click limit urgent offer free free guarante limit larg statement necessari agent husband current money everybodi anoth human,1
weekli report budget review black free social ahead food consid sometim ye say readi church return,0
